axis,value,seed,method,setting,params,n_true,n_detected,tp,recall,precision,f1,f1_any,dwell_err,depth_err,level_acc,bound_err_us,runtime_s,error
rate,1.0,1,nano_ext[dpgmm],default,,58,58,58,1.0,1.0,1.0,1.0,0.0061595336632805,0.0248187622629498,0.7586206896551724,4.665644208756703,13.052224433999982,
rate,1.0,1,nano_ext[dpgmm],tuned_global_f1,"{""threshold_method"": ""dpgmm"", ""sublevel_method"": ""dpgmm"", ""min_event_duration_sec"": 1e-05, ""filter_cutoff"": 10000.0}",58,58,58,1.0,1.0,1.0,1.0,0.0291459430980272,0.039449709241971,0.5344827586206896,12.76228316982042,6.956094394000019,
rate,1.0,1,nano_ext[dpgmm],tuned_global_f1_x_level_acc,"{""threshold_method"": ""dpgmm"", ""sublevel_method"": ""dpgmm"", ""min_event_duration_sec"": 1e-05, ""filter_cutoff"": null}",58,58,58,1.0,1.0,1.0,1.0,0.0061595336632805,0.0248187622629498,0.7586206896551724,4.665644208756703,7.446828436000004,
rate,1.0,0,nano_ext[dpgmm],default,,52,52,52,1.0,1.0,1.0,1.0,0.0053758110897899,0.0230337360099263,0.8076923076923077,2.492257257458164,12.951766505999984,
rate,1.0,0,nano_ext[dpgmm],tuned_global_f1,"{""threshold_method"": ""dpgmm"", ""sublevel_method"": ""dpgmm"", ""min_event_duration_sec"": 1e-05, ""filter_cutoff"": 10000.0}",52,55,52,1.0,0.9454545454545454,0.97196261682243,0.97196261682243,0.0262061013923041,0.0455698580356732,0.6730769230769231,6.078929978059477,7.024190834000024,
rate,1.0,0,nano_ext[dpgmm],tuned_global_f1_x_level_acc,"{""threshold_method"": ""dpgmm"", ""sublevel_method"": ""dpgmm"", ""min_event_duration_sec"": 1e-05, ""filter_cutoff"": null}",52,54,52,1.0,0.9629629629629628,0.981132075471698,0.981132075471698,0.0053758110897899,0.0230337360099263,0.8076923076923077,2.492257257458164,7.482423288000007,
rate,1.0,3,nano_ext[dpgmm],default,,47,47,47,1.0,1.0,1.0,1.0,0.0048175787419839,0.0220922991636994,0.7872340425531915,3.1802198670050075,13.184891267999973,
rate,1.0,3,nano_ext[dpgmm],tuned_global_f1,"{""threshold_method"": ""dpgmm"", ""sublevel_method"": ""dpgmm"", ""min_event_duration_sec"": 1e-05, ""filter_cutoff"": 10000.0}",47,49,47,1.0,0.9591836734693876,0.9791666666666666,0.9791666666666666,0.024235435880015,0.0415393829345702,0.6170212765957447,2.485103212990225,6.783876125000006,
rate,1.0,3,nano_ext[dpgmm],tuned_global_f1_x_level_acc,"{""threshold_method"": ""dpgmm"", ""sublevel_method"": ""dpgmm"", ""min_event_duration_sec"": 1e-05, ""filter_cutoff"": null}",47,49,47,1.0,0.9591836734693876,0.9791666666666666,0.9791666666666666,0.0048175787419839,0.0220922991636994,0.7872340425531915,3.1802198670050075,7.919840700999998,
rate,1.0,2,nano_ext[dpgmm],default,,59,59,59,1.0,1.0,1.0,1.0,0.0051696725729032,0.0280890146891276,0.8135593220338984,5.334399129530709,12.90046890000002,
rate,1.0,2,nano_ext[dpgmm],tuned_global_f1,"{""threshold_method"": ""dpgmm"", ""sublevel_method"": ""dpgmm"", ""min_event_duration_sec"": 1e-05, ""filter_cutoff"": 10000.0}",59,63,59,1.0,0.9365079365079364,0.9672131147540984,0.9672131147540984,0.02775060546534,0.050011630355802,0.711864406779661,10.06266386838206,7.137904595999999,
rate,1.0,2,nano_ext[dpgmm],tuned_global_f1_x_level_acc,"{""threshold_method"": ""dpgmm"", ""sublevel_method"": ""dpgmm"", ""min_event_duration_sec"": 1e-05, ""filter_cutoff"": null}",59,62,59,1.0,0.9516129032258064,0.975206611570248,0.975206611570248,0.0051696725729032,0.0280890146891276,0.8135593220338984,5.334399129530709,7.648116436000009,
rate,1.0,4,nano_ext[dpgmm],default,,52,52,52,1.0,1.0,1.0,1.0,0.0055144035269657,0.0173620558160614,0.8076923076923077,4.237051506095213,7.960465132000024,
rate,1.0,4,nano_ext[dpgmm],tuned_global_f1,"{""threshold_method"": ""dpgmm"", ""sublevel_method"": ""dpgmm"", ""min_event_duration_sec"": 1e-05, ""filter_cutoff"": 10000.0}",52,53,52,1.0,0.981132075471698,0.9904761904761904,0.9904761904761904,0.0285780209340406,0.043993345896403,0.7115384615384616,5.704619618018825,8.366879581999996,
rate,1.0,4,nano_ext[dpgmm],tuned_global_f1_x_level_acc,"{""threshold_method"": ""dpgmm"", ""sublevel_method"": ""dpgmm"", ""min_event_duration_sec"": 1e-05, ""filter_cutoff"": null}",52,52,52,1.0,1.0,1.0,1.0,0.0055144035269657,0.0173620558160614,0.8076923076923077,4.237051506095213,7.497344479999981,
rate,1.0,0,nano_ext[gmm],default,,52,966,52,1.0,0.0538302277432712,0.1021611001964636,0.1021611001964636,0.0325503551994325,0.0467998020440399,0.8461538461538461,2.492257257458164,17.799852519000012,
rate,1.0,0,nano_ext[gmm],tuned_global_f1,"{""threshold_method"": ""gmm"", ""sublevel_method"": ""gmm"", ""min_event_duration_sec"": 0.0001, ""filter_cutoff"": 10000.0}",52,1031,52,1.0,0.0504364694471387,0.0960295475530932,0.0960295475530932,0.0673375954845332,0.0787819119343445,0.5576923076923077,13.184528779908169,15.364296478,
rate,1.0,0,nano_ext[gmm],tuned_global_f1_x_level_acc,"{""threshold_method"": ""gmm"", ""sublevel_method"": ""gmm"", ""min_event_duration_sec"": 3e-05, ""filter_cutoff"": null}",52,48678,52,1.0,0.0010682443814454,0.0021342089062179,0.0021342089062179,0.0325503551994325,0.0467998020440399,0.8461538461538461,2.492257257458164,18.056607595000003,
rate,1.0,1,nano_ext[gmm],default,,58,58,58,1.0,1.0,1.0,1.0,0.0217507382175685,0.0309127308063709,0.7068965517241379,5.098175499540503,18.527779767,
rate,1.0,1,nano_ext[gmm],tuned_global_f1,"{""threshold_method"": ""gmm"", ""sublevel_method"": ""gmm"", ""min_event_duration_sec"": 0.0001, ""filter_cutoff"": 10000.0}",58,58,58,1.0,1.0,1.0,1.0,0.0287176766976162,0.039449709241971,0.5,13.059450139962792,16.168437030999968,
rate,1.0,1,nano_ext[gmm],tuned_global_f1_x_level_acc,"{""threshold_method"": ""gmm"", ""sublevel_method"": ""gmm"", ""min_event_duration_sec"": 3e-05, ""filter_cutoff"": null}",58,4004,58,1.0,0.0144855144855144,0.0285573609059576,0.0285573609059576,0.0217507382175685,0.0309127308063709,0.7068965517241379,5.098175499540503,16.7222673,
rate,1.0,0,threshold,default,,52,63,52,1.0,0.8253968253968254,0.9043478260869564,0.9043478260869564,0.016136092708321,0.0221005664246236,,,1.638941694999971,
rate,1.0,0,threshold,tuned_global_f1,"{""k_sigma"": 5.0, ""k_exit"": 0.5}",52,62,52,1.0,0.8387096774193549,0.912280701754386,0.912280701754386,0.0231206835521691,0.0214933068028904,,,1.4946525189999988,
rate,1.0,1,threshold,default,,58,71,58,1.0,0.8169014084507042,0.8992248062015504,0.8992248062015504,0.0164908813859978,0.0282003912047699,,,1.488364082999965,
rate,1.0,1,threshold,tuned_global_f1,"{""k_sigma"": 5.0, ""k_exit"": 0.5}",58,71,58,1.0,0.8169014084507042,0.8992248062015504,0.8992248062015504,0.0232689187995489,0.0252282128620738,,,1.4981664720000367,
rate,1.0,3,nano_ext[gmm],default,,47,889,47,1.0,0.0528683914510686,0.1004273504273504,0.1004273504273504,0.040134343273104,0.0360695889351394,0.8085106382978723,3.426949909624,16.846082561999992,
rate,1.0,3,nano_ext[gmm],tuned_global_f1,"{""threshold_method"": ""gmm"", ""sublevel_method"": ""gmm"", ""min_event_duration_sec"": 0.0001, ""filter_cutoff"": 10000.0}",47,47,47,1.0,1.0,1.0,1.0,0.024235435880015,0.0415393829345702,0.4680851063829787,8.150814337248846,17.413782571000013,
rate,1.0,3,nano_ext[gmm],tuned_global_f1_x_level_acc,"{""threshold_method"": ""gmm"", ""sublevel_method"": ""gmm"", ""min_event_duration_sec"": 3e-05, ""filter_cutoff"": null}",47,46654,47,1.0,0.0010074162987096,0.0020128048649921,0.0020128048649921,0.040134343273104,0.0360695889351394,0.8085106382978723,3.426949909624,19.36442837200002,
rate,1.0,2,threshold,default,,59,68,59,1.0,0.8676470588235294,0.9291338582677166,0.9291338582677166,0.0127183382437485,0.0224755243850604,,,1.245732787999998,
rate,1.0,2,threshold,tuned_global_f1,"{""k_sigma"": 5.0, ""k_exit"": 0.5}",59,68,59,1.0,0.8676470588235294,0.9291338582677166,0.9291338582677166,0.0229181678441302,0.0252048265112622,,,1.67734800300002,
rate,1.0,3,threshold,default,,47,58,47,1.0,0.8103448275862069,0.8952380952380952,0.8952380952380952,0.0154645964732541,0.0262555230208248,,,1.2328894560000094,
rate,1.0,3,threshold,tuned_global_f1,"{""k_sigma"": 5.0, ""k_exit"": 0.5}",47,58,47,1.0,0.8103448275862069,0.8952380952380952,0.8952380952380952,0.0199675078789922,0.028272571302912,,,1.7552706640000224,
rate,1.0,4,threshold,default,,52,63,52,1.0,0.8253968253968254,0.9043478260869564,0.9043478260869564,0.0122747437883602,0.0204051492988946,,,1.0834307179999882,
rate,1.0,4,threshold,tuned_global_f1,"{""k_sigma"": 5.0, ""k_exit"": 0.5}",52,63,52,1.0,0.8253968253968254,0.9043478260869564,0.9043478260869564,0.0204854498170182,0.0213732882639191,,,1.655461305000017,
rate,1.0,2,nano_ext[gmm],default,,59,20397,58,0.9830508474576272,0.0028435554248173,0.0056707078607743,0.0057684786859601,0.0805836762243933,0.0938198181182741,0.7931034482758621,6.174731362662556,43.97808800199999,
rate,1.0,2,nano_ext[gmm],tuned_global_f1,"{""threshold_method"": ""gmm"", ""sublevel_method"": ""gmm"", ""min_event_duration_sec"": 0.0001, ""filter_cutoff"": 10000.0}",59,59,59,1.0,1.0,1.0,1.0,0.02775060546534,0.050011630355802,0.5254237288135594,12.322249253848838,16.77442064300004,
rate,1.0,2,nano_ext[gmm],tuned_global_f1_x_level_acc,"{""threshold_method"": ""gmm"", ""sublevel_method"": ""gmm"", ""min_event_duration_sec"": 3e-05, ""filter_cutoff"": null}",59,154506,58,0.9830508474576272,0.0003753899524937,0.0007504933199624,0.0007634328599618,0.0805836762243933,0.0938198181182741,0.7931034482758621,6.174731362662556,51.53887268200003,
rate,1.0,4,nano_ext[gmm],default,,52,53,52,1.0,0.981132075471698,0.9904761904761904,0.9904761904761904,0.0183733645888786,0.0265147888739119,0.8076923076923077,8.127081869702124,16.89509521100001,
rate,1.0,4,nano_ext[gmm],tuned_global_f1,"{""threshold_method"": ""gmm"", ""sublevel_method"": ""gmm"", ""min_event_duration_sec"": 0.0001, ""filter_cutoff"": 10000.0}",52,52,52,1.0,1.0,1.0,1.0,0.0333417596536717,0.0470662570722092,0.6538461538461539,8.52625177216737,17.30113028400001,
rate,1.0,4,nano_ext[gmm],tuned_global_f1_x_level_acc,"{""threshold_method"": ""gmm"", ""sublevel_method"": ""gmm"", ""min_event_duration_sec"": 3e-05, ""filter_cutoff"": null}",52,1907,52,1.0,0.0272679601468274,0.0530883103624298,0.0530883103624298,0.0183733645888786,0.0265147888739119,0.8076923076923077,8.127081869702124,15.434363507,
rate,1.0,0,pelt,default,,52,150,52,1.0,0.3466666666666667,0.5148514851485149,0.5148514851485149,0.0016342060062021,0.0286856365091358,0.8846153846153846,2.492257257458164,256.354621416,
rate,1.0,0,pelt,tuned_global_f1,"{""penalty_factor"": 2.0, ""k_sigma"": 2.0}",52,61,52,1.0,0.8524590163934426,0.9203539823008848,0.9203539823008848,0.0015926866479238,0.0296148465382881,1.0,2.492257257458164,1015.572384467,
rate,1.0,0,pelt,tuned_global_f1_x_level_acc,"{""penalty_factor"": 2.0, ""k_sigma"": 2.0}",52,61,52,1.0,0.8524590163934426,0.9203539823008848,0.9203539823008848,0.0015926866479238,0.0296148465382881,1.0,2.492257257458164,1015.572384467,
rate,1.0,3,pelt,default,,47,154,47,1.0,0.3051948051948052,0.4676616915422885,0.4676616915422885,0.0018562009471758,0.0308047820195786,0.8936170212765957,2.9084734336493057,249.79664788400004,
rate,1.0,3,pelt,tuned_global_f1,"{""penalty_factor"": 2.0, ""k_sigma"": 2.0}",47,54,47,1.0,0.8703703703703703,0.9306930693069309,0.9306930693069309,0.0021996105368591,0.0304271244682003,1.0,2.9209816290176605,1030.082556849,
rate,1.0,3,pelt,tuned_global_f1_x_level_acc,"{""penalty_factor"": 2.0, ""k_sigma"": 2.0}",47,54,47,1.0,0.8703703703703703,0.9306930693069309,0.9306930693069309,0.0021996105368591,0.0304271244682003,1.0,2.9209816290176605,1030.082556849,
rate,1.0,2,pelt,default,,59,149,59,1.0,0.3959731543624161,0.5673076923076923,0.5673076923076923,0.0018117962712881,0.0267672984827282,0.8135593220338984,2.78413029164426,251.361258523,
rate,1.0,2,pelt,tuned_global_f1,"{""penalty_factor"": 2.0, ""k_sigma"": 2.0}",59,63,59,1.0,0.9365079365079364,0.9672131147540984,0.9672131147540984,0.0018536721256371,0.0267672984827282,1.0,2.5579934508357383,1038.536737371,
rate,1.0,2,pelt,tuned_global_f1_x_level_acc,"{""penalty_factor"": 2.0, ""k_sigma"": 2.0}",59,63,59,1.0,0.9365079365079364,0.9672131147540984,0.9672131147540984,0.0018536721256371,0.0267672984827282,1.0,2.5579934508357383,1038.536737371,
rate,1.0,1,pelt,default,,58,171,58,1.0,0.3391812865497076,0.5065502183406114,0.5065502183406114,0.0020793914985483,0.0315146159167434,0.8103448275862069,3.2904507580866493,260.787849112,
rate,1.0,1,pelt,tuned_global_f1,"{""penalty_factor"": 2.0, ""k_sigma"": 2.0}",58,63,58,1.0,0.9206349206349206,0.9586776859504132,0.9586776859504132,0.0020183165207504,0.0315146159167434,1.0,3.1842486549749083,1072.422453933,
rate,1.0,1,pelt,tuned_global_f1_x_level_acc,"{""penalty_factor"": 2.0, ""k_sigma"": 2.0}",58,63,58,1.0,0.9206349206349206,0.9586776859504132,0.9586776859504132,0.0020183165207504,0.0315146159167434,1.0,3.1842486549749083,1072.422453933,
rate,1.0,0,mosaic,default,,52,6,4,0.0769230769230769,0.6666666666666666,0.1379310344827586,0.1379310344827586,0.1318557110550765,0.0621503097745185,0.75,,21.70522489600012,
rate,1.0,0,mosaic,tuned_global_f1,"{""eventThreshold"": 3.0, ""StepSize"": 5.0}",52,44,41,0.7884615384615384,0.9318181818181818,0.8541666666666667,0.9166666666666666,0.0058245185589824,0.0484017255523956,0.7804878048780488,5.015209595171655,9.417642041000136,
rate,1.0,0,mosaic,tuned_global_f1_x_level_acc,"{""eventThreshold"": 3.0, ""StepSize"": 5.0}",52,44,41,0.7884615384615384,0.9318181818181818,0.8541666666666667,0.9166666666666666,0.0058245185589824,0.0484017255523956,0.7804878048780488,5.015209595171655,9.417642041000136,
rate,1.0,1,mosaic,default,,58,18,15,0.2586206896551724,0.8333333333333334,0.3947368421052631,0.4473684210526314,0.0043897866179131,0.0338514109786975,0.8,,19.84504611700004,
rate,1.0,1,mosaic,tuned_global_f1,"{""eventThreshold"": 3.0, ""StepSize"": 5.0}",58,55,48,0.8275862068965517,0.8727272727272727,0.8495575221238938,0.9734513274336284,0.002645166402993,0.0426989860273686,0.8333333333333334,3.55410633723352,12.282243495000102,
rate,1.0,1,mosaic,tuned_global_f1_x_level_acc,"{""eventThreshold"": 3.0, ""StepSize"": 5.0}",58,55,48,0.8275862068965517,0.8727272727272727,0.8495575221238938,0.9734513274336284,0.002645166402993,0.0426989860273686,0.8333333333333334,3.55410633723352,12.282243495000102,
rate,1.0,4,mosaic,default,,52,13,9,0.173076923076923,0.6923076923076923,0.2769230769230769,0.3384615384615385,0.0120846529176033,0.0421406708449628,0.8888888888888888,,8.904435680999995,
rate,1.0,4,mosaic,tuned_global_f1,"{""eventThreshold"": 3.0, ""StepSize"": 5.0}",52,44,39,0.75,0.8863636363636364,0.8125000000000001,0.9166666666666666,0.0030481828090036,0.0393049528724266,0.8717948717948718,7.008310898726222,10.257553934000043,
rate,1.0,4,mosaic,tuned_global_f1_x_level_acc,"{""eventThreshold"": 3.0, ""StepSize"": 5.0}",52,44,39,0.75,0.8863636363636364,0.8125000000000001,0.9166666666666666,0.0030481828090036,0.0393049528724266,0.8717948717948718,7.008310898726222,10.257553934000043,
rate,1.0,3,mosaic,default,,47,19,18,0.3829787234042553,0.9473684210526316,0.5454545454545454,0.5757575757575757,0.0046184007164871,0.0265355585899565,0.9444444444444444,,8.604114817999971,
rate,1.0,3,mosaic,tuned_global_f1,"{""eventThreshold"": 3.0, ""StepSize"": 5.0}",47,42,34,0.723404255319149,0.8095238095238095,0.7640449438202246,0.9438202247191012,0.0021426388275707,0.0311825480362351,0.8823529411764706,7.426949906630398,11.884784356999944,
rate,1.0,3,mosaic,tuned_global_f1_x_level_acc,"{""eventThreshold"": 3.0, ""StepSize"": 5.0}",47,42,34,0.723404255319149,0.8095238095238095,0.7640449438202246,0.9438202247191012,0.0021426388275707,0.0311825480362351,0.8823529411764706,7.426949906630398,11.884784356999944,
rate,1.0,2,mosaic,default,,59,27,24,0.4067796610169492,0.8888888888888888,0.5581395348837209,0.5813953488372093,0.0037372947765568,0.0241795297274729,0.9166666666666666,,8.685024953000038,
rate,1.0,2,mosaic,tuned_global_f1,"{""eventThreshold"": 3.0, ""StepSize"": 5.0}",59,57,53,0.8983050847457628,0.9298245614035088,0.913793103448276,0.9827586206896552,0.0030322928512038,0.0337852940169134,0.8867924528301887,5.992372546170799,13.832915463000065,
rate,1.0,2,mosaic,tuned_global_f1_x_level_acc,"{""eventThreshold"": 3.0, ""StepSize"": 5.0}",59,57,53,0.8983050847457628,0.9298245614035088,0.913793103448276,0.9827586206896552,0.0030322928512038,0.0337852940169134,0.8867924528301887,5.992372546170799,13.832915463000065,
rate,1.0,0,threshold+nanotrees,default,,52,63,52,1.0,0.8253968253968254,0.9043478260869564,0.9043478260869564,0.016136092708321,0.0221005664246236,0.5,,29.28664734499989,
rate,1.0,0,threshold+nanotrees,tuned_global_f1,"{""k_sigma"": 5.0, ""smallest_sublevel_pa"": 80.0}",52,63,52,1.0,0.8253968253968254,0.9043478260869564,0.9043478260869564,0.016136092708321,0.0221005664246236,0.5,,5.539898917000073,
rate,1.0,0,threshold+nanotrees,tuned_global_f1_x_level_acc,"{""k_sigma"": 5.0, ""smallest_sublevel_pa"": 20.0}",52,63,52,1.0,0.8253968253968254,0.9043478260869564,0.9043478260869564,0.0090092024968885,0.0239472510115366,0.9807692307692308,11.17454519317107,5.424698208999871,
rate,1.0,1,threshold+nanotrees,default,,58,71,58,1.0,0.8169014084507042,0.8992248062015504,0.8992248062015504,0.0164908813859978,0.0282003912047699,0.4655172413793103,,29.81946890400013,
rate,1.0,1,threshold+nanotrees,tuned_global_f1,"{""k_sigma"": 5.0, ""smallest_sublevel_pa"": 80.0}",58,71,58,1.0,0.8169014084507042,0.8992248062015504,0.8992248062015504,0.0164908813859978,0.0282003912047699,0.4655172413793103,,6.057992149000029,
rate,1.0,1,threshold+nanotrees,tuned_global_f1_x_level_acc,"{""k_sigma"": 5.0, ""smallest_sublevel_pa"": 20.0}",58,71,58,1.0,0.8169014084507042,0.8992248062015504,0.8992248062015504,0.0081163878021959,0.0285591968051265,0.8793103448275862,12.127489776858624,5.364475010999968,
rate,1.0,2,threshold+nanotrees,default,,59,68,59,1.0,0.8676470588235294,0.9291338582677166,0.9291338582677166,0.0127183382437485,0.0224755243850604,0.559322033898305,,28.509138227,
rate,1.0,2,threshold+nanotrees,tuned_global_f1,"{""k_sigma"": 5.0, ""smallest_sublevel_pa"": 80.0}",59,68,59,1.0,0.8676470588235294,0.9291338582677166,0.9291338582677166,0.0127183382437485,0.0224755243850604,0.559322033898305,,6.576723998000034,
rate,1.0,2,threshold+nanotrees,tuned_global_f1_x_level_acc,"{""k_sigma"": 5.0, ""smallest_sublevel_pa"": 20.0}",59,68,59,1.0,0.8676470588235294,0.9291338582677166,0.9291338582677166,0.0077531706907867,0.0306106120481872,0.9661016949152542,10.669092760373644,5.629030980999914,
rate,1.0,3,threshold+nanotrees,default,,47,58,47,1.0,0.8103448275862069,0.8952380952380952,0.8952380952380952,0.0154645964732541,0.0262555230208248,0.4893617021276595,,4.72294698199994,
rate,1.0,3,threshold+nanotrees,tuned_global_f1,"{""k_sigma"": 5.0, ""smallest_sublevel_pa"": 80.0}",47,58,47,1.0,0.8103448275862069,0.8952380952380952,0.8952380952380952,0.0154645964732541,0.0262555230208248,0.4893617021276595,,4.837662258999899,
rate,1.0,3,threshold+nanotrees,tuned_global_f1_x_level_acc,"{""k_sigma"": 5.0, ""smallest_sublevel_pa"": 20.0}",47,58,47,1.0,0.8103448275862069,0.8952380952380952,0.8952380952380952,0.0079206734210878,0.0246958442053734,0.9361702127659576,10.90847343476753,4.896105145999854,
rate,1.0,4,threshold+nanotrees,default,,52,63,52,1.0,0.8253968253968254,0.9043478260869564,0.9043478260869564,0.0122747437883602,0.0204051492988946,0.5192307692307693,,4.555785612999898,
rate,1.0,4,threshold+nanotrees,tuned_global_f1,"{""k_sigma"": 5.0, ""smallest_sublevel_pa"": 80.0}",52,63,52,1.0,0.8253968253968254,0.9043478260869564,0.9043478260869564,0.0122747437883602,0.0204051492988946,0.5192307692307693,,5.1299749270001485,
rate,1.0,4,threshold+nanotrees,tuned_global_f1_x_level_acc,"{""k_sigma"": 5.0, ""smallest_sublevel_pa"": 20.0}",52,63,52,1.0,0.8253968253968254,0.9043478260869564,0.9043478260869564,0.00787624019557,0.0252856652639143,0.9807692307692308,13.823228064424598,4.332250449999947,
rate,1.0,0,autonanopore,default,,52,44,39,0.75,0.8863636363636364,0.8125000000000001,0.875,0.015920129264663,0.3504435000000002,,,5.189284366000038,
rate,1.0,0,autonanopore,tuned_global_f1,"{""window_size_ms"": 5, ""theta"": 0.5}",52,294,0,0.0,0.0,0.0,0.0057803468208092,,,,,10.454162286999916,
rate,1.0,3,autonanopore,default,,47,40,35,0.7446808510638298,0.875,0.8045977011494252,0.8735632183908046,0.0113534037780567,0.3206217500000001,,,3.661610256000131,
rate,1.0,3,autonanopore,tuned_global_f1,"{""window_size_ms"": 5, ""theta"": 0.5}",47,291,0,0.0,0.0,0.0,0.0,,,,,10.218204589000152,
rate,1.0,1,autonanopore,default,,58,46,44,0.7586206896551724,0.9565217391304348,0.8461538461538461,0.8846153846153846,0.0154361280468732,0.3457009578105194,,,5.335901061999948,
rate,1.0,1,autonanopore,tuned_global_f1,"{""window_size_ms"": 5, ""theta"": 0.5}",58,301,0,0.0,0.0,0.0,0.0055710306406685,,,,,9.714076993999925,
rate,1.0,2,autonanopore,default,,59,42,40,0.6779661016949152,0.9523809523809524,0.7920792079207921,0.8316831683168318,0.0115753390157549,0.3838522583333333,,,5.390032260999988,
rate,1.0,2,autonanopore,tuned_global_f1,"{""window_size_ms"": 5, ""theta"": 0.5}",59,313,0,0.0,0.0,0.0,0.0,,,,,9.412456015999853,
rate,1.0,4,autonanopore,default,,52,46,43,0.8269230769230769,0.9347826086956522,0.8775510204081632,0.8979591836734695,0.010035605441421,0.3805135,,,6.056787526000107,
rate,1.0,4,autonanopore,tuned_global_f1,"{""window_size_ms"": 5, ""theta"": 0.5}",52,282,0,0.0,0.0,0.0,0.0,,,,,9.63506471400001,
rate,3.0,0,nano_ext[dpgmm],default,,105,103,103,0.9809523809523808,1.0,0.9903846153846152,0.9903846153846152,0.006678372479073,0.0325880050659179,0.7766990291262136,4.396898077629885,7.440478892000101,
rate,3.0,0,nano_ext[dpgmm],tuned_global_f1,"{""threshold_method"": ""dpgmm"", ""sublevel_method"": ""dpgmm"", ""min_event_duration_sec"": 1e-05, ""filter_cutoff"": 10000.0}",105,105,105,1.0,1.0,1.0,1.0,0.0273802286043362,0.0476048151652018,0.6190476190476191,4.658161515180836,6.778934654000068,
rate,3.0,0,nano_ext[dpgmm],tuned_global_f1_x_level_acc,"{""threshold_method"": ""dpgmm"", ""sublevel_method"": ""dpgmm"", ""min_event_duration_sec"": 1e-05, ""filter_cutoff"": null}",105,105,105,1.0,1.0,1.0,1.0,0.0066870685672509,0.0326179856788128,0.7714285714285715,4.396898077629885,6.847413260000167,
rate,3.0,1,nano_ext[dpgmm],default,,119,119,119,1.0,1.0,1.0,1.0,0.0046361404860684,0.029278564453125,0.7899159663865546,4.681041200882419,7.393793540999923,
rate,3.0,1,nano_ext[dpgmm],tuned_global_f1,"{""threshold_method"": ""dpgmm"", ""sublevel_method"": ""dpgmm"", ""min_event_duration_sec"": 1e-05, ""filter_cutoff"": 10000.0}",119,120,119,1.0,0.9916666666666668,0.99581589958159,0.99581589958159,0.025360392773989,0.0395054499308268,0.5966386554621849,8.919557599185168,6.57365949400014,
rate,3.0,1,nano_ext[dpgmm],tuned_global_f1_x_level_acc,"{""threshold_method"": ""dpgmm"", ""sublevel_method"": ""dpgmm"", ""min_event_duration_sec"": 1e-05, ""filter_cutoff"": null}",119,121,119,1.0,0.9834710743801652,0.9916666666666668,0.9916666666666668,0.0046361404860684,0.029278564453125,0.7899159663865546,4.681041200882419,7.325266084999839,
rate,3.0,3,nano_ext[dpgmm],default,,104,104,104,1.0,1.0,1.0,1.0,0.005953343648606,0.0219322843749705,0.7884615384615384,5.483704846653836,6.630058247000079,
rate,3.0,3,nano_ext[dpgmm],tuned_global_f1,"{""threshold_method"": ""dpgmm"", ""sublevel_method"": ""dpgmm"", ""min_event_duration_sec"": 1e-05, ""filter_cutoff"": 10000.0}",104,104,104,1.0,1.0,1.0,1.0,0.0284109667244734,0.0445815722147623,0.625,6.486717378351159,6.861628270999972,
rate,3.0,3,nano_ext[dpgmm],tuned_global_f1_x_level_acc,"{""threshold_method"": ""dpgmm"", ""sublevel_method"": ""dpgmm"", ""min_event_duration_sec"": 1e-05, ""filter_cutoff"": null}",104,105,104,1.0,0.9904761904761904,0.9952153110047848,0.9952153110047848,0.005953343648606,0.0219322843749705,0.7884615384615384,5.483704846653836,6.838645025000005,
rate,3.0,2,nano_ext[dpgmm],default,,130,130,130,1.0,1.0,1.0,1.0,0.0047314655937328,0.0304723421732584,0.8,3.271890559375379,7.837489742999878,
rate,3.0,2,nano_ext[dpgmm],tuned_global_f1,"{""threshold_method"": ""dpgmm"", ""sublevel_method"": ""dpgmm"", ""min_event_duration_sec"": 1e-05, ""filter_cutoff"": 10000.0}",130,130,130,1.0,1.0,1.0,1.0,0.0286624954805346,0.0442751587191372,0.6615384615384615,3.76666758761246,6.980854224000041,
rate,3.0,2,nano_ext[dpgmm],tuned_global_f1_x_level_acc,"{""threshold_method"": ""dpgmm"", ""sublevel_method"": ""dpgmm"", ""min_event_duration_sec"": 1e-05, ""filter_cutoff"": null}",130,131,130,1.0,0.9923664122137404,0.9961685823754788,0.9961685823754788,0.0047314655937328,0.0304723421732584,0.8,3.271890559375379,7.989966894999952,
rate,3.0,4,nano_ext[dpgmm],default,,135,135,135,1.0,1.0,1.0,1.0,0.0052003376756759,0.0190056376134094,0.8074074074074075,2.7325149289936235,7.261611364999908,
rate,3.0,4,nano_ext[dpgmm],tuned_global_f1,"{""threshold_method"": ""dpgmm"", ""sublevel_method"": ""dpgmm"", ""min_event_duration_sec"": 1e-05, ""filter_cutoff"": 10000.0}",135,135,135,1.0,1.0,1.0,1.0,0.0267687380050094,0.0420387268066405,0.6370370370370371,4.284541819998822,7.139790046000144,
rate,3.0,4,nano_ext[dpgmm],tuned_global_f1_x_level_acc,"{""threshold_method"": ""dpgmm"", ""sublevel_method"": ""dpgmm"", ""min_event_duration_sec"": 1e-05, ""filter_cutoff"": null}",135,135,135,1.0,1.0,1.0,1.0,0.0052003376756759,0.0190056376134094,0.8074074074074075,2.7325149289936235,7.695819705999838,
rate,3.0,0,nano_ext[gmm],default,,105,103,103,0.9809523809523808,1.0,0.9903846153846152,0.9903846153846152,0.006678372479073,0.0325880050659179,0.7572815533980582,3.827317518911855,16.292797248999932,
rate,3.0,0,nano_ext[gmm],tuned_global_f1,"{""threshold_method"": ""gmm"", ""sublevel_method"": ""gmm"", ""min_event_duration_sec"": 0.0001, ""filter_cutoff"": 10000.0}",105,105,105,1.0,1.0,1.0,1.0,0.0275739901243802,0.0476048151652018,0.5238095238095238,16.150835811856723,14.351257235000048,
rate,3.0,0,nano_ext[gmm],tuned_global_f1_x_level_acc,"{""threshold_method"": ""gmm"", ""sublevel_method"": ""gmm"", ""min_event_duration_sec"": 3e-05, ""filter_cutoff"": null}",105,105,105,1.0,1.0,1.0,1.0,0.0066870685672509,0.0326179856788128,0.7523809523809524,3.827317518911855,15.203819734000035,
rate,3.0,2,nano_ext[gmm],default,,130,130,130,1.0,1.0,1.0,1.0,0.0050379793894495,0.0304723421732584,0.7923076923076923,4.176405883127288,16.342608247000044,
rate,3.0,2,nano_ext[gmm],tuned_global_f1,"{""threshold_method"": ""gmm"", ""sublevel_method"": ""gmm"", ""min_event_duration_sec"": 0.0001, ""filter_cutoff"": 10000.0}",130,130,130,1.0,1.0,1.0,1.0,0.0302434874785248,0.045147993242656,0.5461538461538461,13.173999215965182,13.776780594999993,
rate,3.0,2,nano_ext[gmm],tuned_global_f1_x_level_acc,"{""threshold_method"": ""gmm"", ""sublevel_method"": ""gmm"", ""min_event_duration_sec"": 3e-05, ""filter_cutoff"": null}",130,130,130,1.0,1.0,1.0,1.0,0.0050379793894495,0.0304723421732584,0.7923076923076923,4.176405883127288,16.080665128999954,
rate,3.0,1,nano_ext[gmm],default,,119,119,119,1.0,1.0,1.0,1.0,0.0046361404860684,0.029278564453125,0.7647058823529411,4.828821932534311,17.03963766600009,
rate,3.0,1,nano_ext[gmm],tuned_global_f1,"{""threshold_method"": ""gmm"", ""sublevel_method"": ""gmm"", ""min_event_duration_sec"": 0.0001, ""filter_cutoff"": 10000.0}",119,119,119,1.0,1.0,1.0,1.0,0.025360392773989,0.0395054499308268,0.5630252100840336,18.07346293691836,14.616071582999894,
rate,3.0,1,nano_ext[gmm],tuned_global_f1_x_level_acc,"{""threshold_method"": ""gmm"", ""sublevel_method"": ""gmm"", ""min_event_duration_sec"": 3e-05, ""filter_cutoff"": null}",119,119,119,1.0,1.0,1.0,1.0,0.0046361404860684,0.029278564453125,0.7647058823529411,4.828821932534311,16.792326873000093,
rate,3.0,0,threshold,default,,105,114,105,1.0,0.9210526315789472,0.958904109589041,0.958904109589041,0.0152497153698653,0.0250226421187674,,,0.8135057070001039,
rate,3.0,0,threshold,tuned_global_f1,"{""k_sigma"": 5.0, ""k_exit"": 0.5}",105,114,105,1.0,0.9210526315789472,0.958904109589041,0.958904109589041,0.0207909327845345,0.0252625346738917,,,1.6205909639998026,
rate,3.0,1,threshold,default,,119,122,119,1.0,0.9754098360655736,0.9875518672199172,0.9875518672199172,0.0146738711747455,0.0255014208446141,,,1.4117097840000952,
rate,3.0,1,threshold,tuned_global_f1,"{""k_sigma"": 5.0, ""k_exit"": 0.5}",119,122,119,1.0,0.9754098360655736,0.9875518672199172,0.9875518672199172,0.0208844517822826,0.022499034672305,,,0.7624106169998868,
rate,3.0,2,threshold,default,,130,137,130,1.0,0.948905109489051,0.9737827715355803,0.9737827715355803,0.0144397850332965,0.0230212848236149,,,1.043467476999922,
rate,3.0,2,threshold,tuned_global_f1,"{""k_sigma"": 5.0, ""k_exit"": 0.5}",130,137,130,1.0,0.948905109489051,0.9737827715355803,0.9737827715355803,0.0220173273929503,0.0261102542549347,,,0.8204320909999296,
rate,3.0,3,threshold,default,,104,109,104,1.0,0.9541284403669724,0.976525821596244,0.976525821596244,0.0152737174545595,0.0208901262219443,,,0.7747114369999508,
rate,3.0,3,threshold,tuned_global_f1,"{""k_sigma"": 5.0, ""k_exit"": 0.5}",104,109,104,1.0,0.9541284403669724,0.976525821596244,0.976525821596244,0.0234051034260968,0.0227933550670144,,,0.7204035159998057,
rate,3.0,4,threshold,default,,135,137,135,1.0,0.9854014598540146,0.9926470588235294,0.9926470588235294,0.0125919514555571,0.0238472113724284,,,0.9074656830000548,
rate,3.0,4,threshold,tuned_global_f1,"{""k_sigma"": 5.0, ""k_exit"": 0.5}",135,137,135,1.0,0.9854014598540146,0.9926470588235294,0.9926470588235294,0.0193175306269587,0.0244371333939072,,,0.8756531729998187,
rate,3.0,3,nano_ext[gmm],default,,104,104,104,1.0,1.0,1.0,1.0,0.005953343648606,0.0219322843749705,0.7403846153846154,4.674210600796869,16.636841174999972,
rate,3.0,3,nano_ext[gmm],tuned_global_f1,"{""threshold_method"": ""gmm"", ""sublevel_method"": ""gmm"", ""min_event_duration_sec"": 0.0001, ""filter_cutoff"": 10000.0}",104,104,104,1.0,1.0,1.0,1.0,0.0279517256204563,0.0445815722147623,0.5673076923076923,15.721542687252564,14.74322806699979,
rate,3.0,3,nano_ext[gmm],tuned_global_f1_x_level_acc,"{""threshold_method"": ""gmm"", ""sublevel_method"": ""gmm"", ""min_event_duration_sec"": 3e-05, ""filter_cutoff"": null}",104,104,104,1.0,1.0,1.0,1.0,0.005953343648606,0.0219322843749705,0.7403846153846154,4.674210600796869,18.35393031100012,
rate,3.0,4,nano_ext[gmm],default,,135,135,135,1.0,1.0,1.0,1.0,0.0052003376756759,0.0190056376134094,0.7777777777777778,3.9910060287695615,17.98993484000016,
rate,3.0,4,nano_ext[gmm],tuned_global_f1,"{""threshold_method"": ""gmm"", ""sublevel_method"": ""gmm"", ""min_event_duration_sec"": 0.0001, ""filter_cutoff"": 10000.0}",135,135,135,1.0,1.0,1.0,1.0,0.0267687380050094,0.0420387268066405,0.5925925925925926,12.494120138484275,15.265941808000209,
rate,3.0,4,nano_ext[gmm],tuned_global_f1_x_level_acc,"{""threshold_method"": ""gmm"", ""sublevel_method"": ""gmm"", ""min_event_duration_sec"": 3e-05, ""filter_cutoff"": null}",135,135,135,1.0,1.0,1.0,1.0,0.0052003376756759,0.0190056376134094,0.7777777777777778,3.9910060287695615,16.78905194799995,
rate,3.0,0,pelt,default,,105,183,105,1.0,0.5737704918032787,0.7291666666666666,0.7291666666666666,0.0025468080641724,0.0292903035254348,0.8571428571428571,3.5541816520989755,153.93751257400027,
rate,3.0,0,pelt,tuned_global_f1,"{""penalty_factor"": 2.0, ""k_sigma"": 2.0}",105,107,105,1.0,0.9813084112149532,0.9905660377358492,0.9905660377358492,0.0024565737306391,0.0285307851930459,0.9809523809523808,3.379223654675912,594.5590353040002,
rate,3.0,0,pelt,tuned_global_f1_x_level_acc,"{""penalty_factor"": 2.0, ""k_sigma"": 2.0}",105,107,105,1.0,0.9813084112149532,0.9905660377358492,0.9905660377358492,0.0024565737306391,0.0285307851930459,0.9809523809523808,3.379223654675912,594.5590353040002,
rate,3.0,1,pelt,default,,119,199,119,1.0,0.5979899497487438,0.7484276729559749,0.7484276729559749,0.0022837834517802,0.033621916353588,0.8151260504201681,3.064542612785104,147.94519727599982,
rate,3.0,1,pelt,tuned_global_f1,"{""penalty_factor"": 2.0, ""k_sigma"": 2.0}",119,123,119,1.0,0.967479674796748,0.9834710743801652,0.9834710743801652,0.002191653072069,0.033621916353588,1.0,3.06776021474775,586.3218559339998,
rate,3.0,1,pelt,tuned_global_f1_x_level_acc,"{""penalty_factor"": 2.0, ""k_sigma"": 2.0}",119,123,119,1.0,0.967479674796748,0.9834710743801652,0.9834710743801652,0.002191653072069,0.033621916353588,1.0,3.06776021474775,586.3218559339998,
rate,3.0,2,pelt,default,,130,230,130,1.0,0.5652173913043478,0.7222222222222222,0.7222222222222222,0.0021364640051025,0.0276601567534695,0.9153846153846154,2.785863733478777,162.3601686850002,
rate,3.0,2,pelt,tuned_global_f1,"{""penalty_factor"": 2.0, ""k_sigma"": 2.0}",130,132,130,1.0,0.9848484848484848,0.9923664122137404,0.9923664122137404,0.001824415483091,0.0276601567534695,1.0,2.7688625117150423,651.855230015,
rate,3.0,2,pelt,tuned_global_f1_x_level_acc,"{""penalty_factor"": 2.0, ""k_sigma"": 2.0}",130,132,130,1.0,0.9848484848484848,0.9923664122137404,0.9923664122137404,0.001824415483091,0.0276601567534695,1.0,2.7688625117150423,651.855230015,
rate,3.0,0,mosaic,default,,105,16,9,0.0857142857142857,0.5625,0.1487603305785124,0.1818181818181818,0.0161664706550773,0.0535271415004023,0.7777777777777778,,6.968725234999965,
rate,3.0,0,mosaic,tuned_global_f1,"{""eventThreshold"": 3.0, ""StepSize"": 5.0}",105,89,79,0.7523809523809524,0.8876404494382022,0.8144329896907216,0.9175257731958762,0.0048936031173266,0.0325746407186179,0.7974683544303798,6.373130361225776,7.019101942999896,
rate,3.0,0,mosaic,tuned_global_f1_x_level_acc,"{""eventThreshold"": 3.0, ""StepSize"": 5.0}",105,89,79,0.7523809523809524,0.8876404494382022,0.8144329896907216,0.9175257731958762,0.0048936031173266,0.0325746407186179,0.7974683544303798,6.373130361225776,7.019101942999896,
rate,3.0,1,mosaic,default,,119,15,8,0.0672268907563025,0.5333333333333333,0.1194029850746268,0.1791044776119403,0.0250433967457081,0.0323570099587283,0.625,,7.238195331000043,
rate,3.0,1,mosaic,tuned_global_f1,"{""eventThreshold"": 3.0, ""StepSize"": 5.0}",119,99,92,0.773109243697479,0.9292929292929292,0.8440366972477064,0.908256880733945,0.0039177476376185,0.0430814376745678,0.8586956521739131,7.094887980230169,6.101008839000315,
rate,3.0,1,mosaic,tuned_global_f1_x_level_acc,"{""eventThreshold"": 3.0, ""StepSize"": 5.0}",119,99,92,0.773109243697479,0.9292929292929292,0.8440366972477064,0.908256880733945,0.0039177476376185,0.0430814376745678,0.8586956521739131,7.094887980230169,6.101008839000315,
rate,3.0,2,mosaic,default,,130,22,18,0.1384615384615384,0.8181818181818182,0.2368421052631579,0.2631578947368421,0.013868282329473,0.0405571788364362,0.8333333333333334,,6.451013800000055,
rate,3.0,2,mosaic,tuned_global_f1,"{""eventThreshold"": 3.0, ""StepSize"": 5.0}",130,121,102,0.7846153846153846,0.8429752066115702,0.8127490039840638,0.9641434262948207,0.0029513731981415,0.0383692101319498,0.9411764705882352,4.951940630881779,7.106579930999942,
rate,3.0,2,mosaic,tuned_global_f1_x_level_acc,"{""eventThreshold"": 3.0, ""StepSize"": 5.0}",130,121,102,0.7846153846153846,0.8429752066115702,0.8127490039840638,0.9641434262948207,0.0029513731981415,0.0383692101319498,0.9411764705882352,4.951940630881779,7.106579930999942,
rate,3.0,3,mosaic,default,,104,22,13,0.125,0.5909090909090909,0.2063492063492063,0.238095238095238,0.0046735479347641,0.0253423086680366,0.7692307692307693,,6.871289129999695,
rate,3.0,3,mosaic,tuned_global_f1,"{""eventThreshold"": 3.0, ""StepSize"": 5.0}",104,92,74,0.7115384615384616,0.8043478260869565,0.7551020408163265,0.9387755102040816,0.0032789283517274,0.0327060272355093,0.8108108108108109,9.516719739366408,6.448433528999885,
rate,3.0,3,mosaic,tuned_global_f1_x_level_acc,"{""eventThreshold"": 3.0, ""StepSize"": 5.0}",104,92,74,0.7115384615384616,0.8043478260869565,0.7551020408163265,0.9387755102040816,0.0032789283517274,0.0327060272355093,0.8108108108108109,9.516719739366408,6.448433528999885,
rate,3.0,4,mosaic,default,,135,47,36,0.2666666666666666,0.7659574468085106,0.3956043956043956,0.4615384615384615,0.006643135025742,0.0304110723447903,0.9444444444444444,,6.4212500980002005,
rate,3.0,4,mosaic,tuned_global_f1,"{""eventThreshold"": 3.0, ""StepSize"": 5.0}",135,125,112,0.8296296296296296,0.896,0.8615384615384615,0.9615384615384616,0.003313151661289,0.0383640266506044,0.8839285714285714,6.342059986508275,7.434489119999853,
rate,3.0,4,mosaic,tuned_global_f1_x_level_acc,"{""eventThreshold"": 3.0, ""StepSize"": 5.0}",135,125,112,0.8296296296296296,0.896,0.8615384615384615,0.9615384615384616,0.003313151661289,0.0383640266506044,0.8839285714285714,6.342059986508275,7.434489119999853,
rate,3.0,0,threshold+nanotrees,default,,105,114,105,1.0,0.9210526315789472,0.958904109589041,0.958904109589041,0.0152497153698653,0.0250226421187674,0.4571428571428571,,4.794219601999885,
rate,3.0,0,threshold+nanotrees,tuned_global_f1,"{""k_sigma"": 5.0, ""smallest_sublevel_pa"": 80.0}",105,114,105,1.0,0.9210526315789472,0.958904109589041,0.958904109589041,0.0152497153698653,0.0250226421187674,0.4571428571428571,,5.027394260999699,
rate,3.0,0,threshold+nanotrees,tuned_global_f1_x_level_acc,"{""k_sigma"": 5.0, ""smallest_sublevel_pa"": 20.0}",105,114,105,1.0,0.9210526315789472,0.958904109589041,0.958904109589041,0.0058907706060779,0.0273761178130801,0.9714285714285714,10.033153278854456,5.9335581259997525,
rate,3.0,1,threshold+nanotrees,default,,119,122,119,1.0,0.9754098360655736,0.9875518672199172,0.9875518672199172,0.0146738711747455,0.0255014208446141,0.5210084033613446,,5.225220904999787,
rate,3.0,1,threshold+nanotrees,tuned_global_f1,"{""k_sigma"": 5.0, ""smallest_sublevel_pa"": 80.0}",119,122,119,1.0,0.9754098360655736,0.9875518672199172,0.9875518672199172,0.0146738711747455,0.0255014208446141,0.5210084033613446,,6.09463619600001,
rate,3.0,1,threshold+nanotrees,tuned_global_f1_x_level_acc,"{""k_sigma"": 5.0, ""smallest_sublevel_pa"": 20.0}",119,122,119,1.0,0.9754098360655736,0.9875518672199172,0.9875518672199172,0.0077408419827974,0.023820847172631,0.9663865546218487,10.393353512938576,5.635033429000032,
rate,1.0,4,pelt,default,,52,149,52,1.0,0.348993288590604,0.5174129353233831,0.5174129353233831,0.0018580604446283,0.0266054728866587,0.8846153846153846,4.563842370686189,275.06589338899994,
rate,1.0,4,pelt,tuned_global_f1,"{""penalty_factor"": 2.0, ""k_sigma"": 2.0}",52,56,52,1.0,0.9285714285714286,0.962962962962963,0.962962962962963,0.0018580604446283,0.0266054728866587,1.0,4.950510437140565,1073.9816825690002,
rate,1.0,4,pelt,tuned_global_f1_x_level_acc,"{""penalty_factor"": 2.0, ""k_sigma"": 2.0}",52,56,52,1.0,0.9285714285714286,0.962962962962963,0.962962962962963,0.0018580604446283,0.0266054728866587,1.0,4.950510437140565,1073.9816825690002,
rate,3.0,2,threshold+nanotrees,default,,130,137,130,1.0,0.948905109489051,0.9737827715355803,0.9737827715355803,0.0144397850332965,0.0230212848236149,0.5461538461538461,,5.906921073999911,
rate,3.0,2,threshold+nanotrees,tuned_global_f1,"{""k_sigma"": 5.0, ""smallest_sublevel_pa"": 80.0}",130,137,130,1.0,0.948905109489051,0.9737827715355803,0.9737827715355803,0.0144397850332965,0.0230212848236149,0.5461538461538461,,6.451184270999875,
rate,3.0,2,threshold+nanotrees,tuned_global_f1_x_level_acc,"{""k_sigma"": 5.0, ""smallest_sublevel_pa"": 20.0}",130,137,130,1.0,0.948905109489051,0.9737827715355803,0.9737827715355803,0.008464977552582,0.0249727328642693,0.9615384615384616,11.690422407006906,6.658288841000285,
rate,3.0,3,threshold+nanotrees,default,,104,109,104,1.0,0.9541284403669724,0.976525821596244,0.976525821596244,0.0152737174545595,0.0208901262219443,0.4807692307692308,,4.963856033999946,
rate,3.0,3,threshold+nanotrees,tuned_global_f1,"{""k_sigma"": 5.0, ""smallest_sublevel_pa"": 80.0}",104,109,104,1.0,0.9541284403669724,0.976525821596244,0.976525821596244,0.0152737174545595,0.0208901262219443,0.4807692307692308,,6.471322246,
rate,3.0,3,threshold+nanotrees,tuned_global_f1_x_level_acc,"{""k_sigma"": 5.0, ""smallest_sublevel_pa"": 20.0}",104,109,104,1.0,0.9541284403669724,0.976525821596244,0.976525821596244,0.0075495498481807,0.0214828752195292,0.9903846153846154,13.408277851567618,5.085052236000138,
rate,3.0,4,threshold+nanotrees,default,,135,137,135,1.0,0.9854014598540146,0.9926470588235294,0.9926470588235294,0.0125919514555571,0.0238472113724284,0.4962962962962963,,5.277244362000147,
rate,3.0,4,threshold+nanotrees,tuned_global_f1,"{""k_sigma"": 5.0, ""smallest_sublevel_pa"": 80.0}",135,137,135,1.0,0.9854014598540146,0.9926470588235294,0.9926470588235294,0.0125919514555571,0.0238472113724284,0.4962962962962963,,6.134493961999851,
rate,3.0,4,threshold+nanotrees,tuned_global_f1_x_level_acc,"{""k_sigma"": 5.0, ""smallest_sublevel_pa"": 20.0}",135,137,135,1.0,0.9854014598540146,0.9926470588235294,0.9926470588235294,0.0069285352279315,0.0262373879524653,0.9777777777777776,12.594882790040174,6.947892748999948,
rate,3.0,0,autonanopore,default,,105,81,79,0.7523809523809524,0.9753086419753086,0.8494623655913979,0.870967741935484,0.0127047693808531,0.3680417333333333,,,3.4325343219998103,
rate,3.0,0,autonanopore,tuned_global_f1,"{""window_size_ms"": 5, ""theta"": 0.5}",105,186,0,0.0,0.0,0.0,0.0068728522336769,,,,,6.593542665000314,
rate,3.0,1,autonanopore,default,,119,87,81,0.680672268907563,0.9310344827586208,0.7864077669902911,0.8349514563106796,0.0129513043362607,0.3627726666666667,,,3.1674469489998955,
rate,3.0,1,autonanopore,tuned_global_f1,"{""window_size_ms"": 5, ""theta"": 0.5}",119,179,0,0.0,0.0,0.0,0.0201342281879194,,,,,6.688230838999971,
rate,3.0,2,autonanopore,default,,130,101,97,0.7461538461538462,0.9603960396039604,0.8398268398268398,0.8658008658008659,0.0122392253022334,0.3264159999999999,,,3.069191149000289,
rate,3.0,2,autonanopore,tuned_global_f1,"{""window_size_ms"": 5, ""theta"": 0.5}",130,195,0,0.0,0.0,0.0,0.0,,,,,7.333074650000071,
rate,3.0,4,autonanopore,default,,135,99,95,0.7037037037037037,0.9595959595959596,0.811965811965812,0.846153846153846,0.0114350434815422,0.3367879166666666,,,3.393102070999703,
rate,3.0,4,autonanopore,tuned_global_f1,"{""window_size_ms"": 5, ""theta"": 0.5}",135,177,0,0.0,0.0,0.0,0.0128205128205128,,,,,7.076049044000229,
rate,3.0,3,autonanopore,default,,104,83,79,0.7596153846153846,0.9518072289156626,0.8449197860962567,0.8877005347593583,0.0121046720441552,0.4420231561016897,,,3.362265826000112,
rate,3.0,3,autonanopore,tuned_global_f1,"{""window_size_ms"": 5, ""theta"": 0.5}",104,183,0,0.0,0.0,0.0,0.0,,,,,7.523285176999707,
rate,10.0,0,nano_ext[dpgmm],default,,103,102,101,0.9805825242718448,0.9901960784313726,0.9853658536585368,0.9853658536585368,0.0053477185731505,0.024109141031901,0.7821782178217822,4.021487012728642,5.064834352000162,
rate,10.0,0,nano_ext[dpgmm],tuned_global_f1,"{""threshold_method"": ""dpgmm"", ""sublevel_method"": ""dpgmm"", ""min_event_duration_sec"": 1e-05, ""filter_cutoff"": 10000.0}",103,104,103,1.0,0.9903846153846154,0.9951690821256038,0.9951690821256038,0.0328914916845202,0.0371821085611979,0.6310679611650486,10.119877149161738,3.9784144400000514,
rate,10.0,0,nano_ext[dpgmm],tuned_global_f1_x_level_acc,"{""threshold_method"": ""dpgmm"", ""sublevel_method"": ""dpgmm"", ""min_event_duration_sec"": 1e-05, ""filter_cutoff"": null}",103,105,103,1.0,0.9809523809523808,0.9903846153846152,0.9903846153846152,0.0055870217413314,0.0244448153949183,0.7766990291262136,4.021487012728642,5.096273311999994,
rate,10.0,1,nano_ext[dpgmm],default,,119,119,119,1.0,1.0,1.0,1.0,0.0060762928135989,0.0245018581046723,0.8151260504201681,4.189830043133114,5.152716828999928,
rate,10.0,1,nano_ext[dpgmm],tuned_global_f1,"{""threshold_method"": ""dpgmm"", ""sublevel_method"": ""dpgmm"", ""min_event_duration_sec"": 1e-05, ""filter_cutoff"": 10000.0}",119,120,119,1.0,0.9916666666666668,0.99581589958159,0.99581589958159,0.0265683203565206,0.039188037738349,0.5714285714285714,9.95133763548317,4.867843537000226,
rate,10.0,1,nano_ext[dpgmm],tuned_global_f1_x_level_acc,"{""threshold_method"": ""dpgmm"", ""sublevel_method"": ""dpgmm"", ""min_event_duration_sec"": 1e-05, ""filter_cutoff"": null}",119,119,119,1.0,1.0,1.0,1.0,0.0060762928135989,0.0245018581046723,0.8151260504201681,4.189830043133114,5.370556999999735,
rate,10.0,3,nano_ext[dpgmm],default,,103,103,103,1.0,1.0,1.0,1.0,0.005228731239581,0.0227826436360675,0.7864077669902912,2.78890685745381,5.100309241999639,
rate,10.0,3,nano_ext[dpgmm],tuned_global_f1,"{""threshold_method"": ""dpgmm"", ""sublevel_method"": ""dpgmm"", ""min_event_duration_sec"": 1e-05, ""filter_cutoff"": 10000.0}",103,103,103,1.0,1.0,1.0,1.0,0.0269960439707995,0.0378224250130629,0.6310679611650486,6.756494310700134,3.811610739000116,
rate,10.0,3,nano_ext[dpgmm],tuned_global_f1_x_level_acc,"{""threshold_method"": ""dpgmm"", ""sublevel_method"": ""dpgmm"", ""min_event_duration_sec"": 1e-05, ""filter_cutoff"": null}",103,103,103,1.0,1.0,1.0,1.0,0.005228731239581,0.0227826436360675,0.7864077669902912,2.78890685745381,5.297832782000114,
rate,10.0,2,nano_ext[dpgmm],default,,130,130,130,1.0,1.0,1.0,1.0,0.0056986117185138,0.025557518005371,0.8,4.337836586820743,5.127082307999899,
rate,10.0,2,nano_ext[dpgmm],tuned_global_f1,"{""threshold_method"": ""dpgmm"", ""sublevel_method"": ""dpgmm"", ""min_event_duration_sec"": 1e-05, ""filter_cutoff"": 10000.0}",130,130,130,1.0,1.0,1.0,1.0,0.029419456274645,0.0428342183430989,0.6615384615384615,3.457991166744278,4.394438028000423,
rate,10.0,2,nano_ext[dpgmm],tuned_global_f1_x_level_acc,"{""threshold_method"": ""dpgmm"", ""sublevel_method"": ""dpgmm"", ""min_event_duration_sec"": 1e-05, ""filter_cutoff"": null}",130,131,130,1.0,0.9923664122137404,0.9961685823754788,0.9961685823754788,0.0056986117185138,0.025557518005371,0.8,4.337836586820743,5.188102676999733,
rate,10.0,4,nano_ext[dpgmm],default,,131,131,131,1.0,1.0,1.0,1.0,0.0065244527080595,0.0219248481106622,0.8091603053435115,3.262146294868984,5.398903345000235,
rate,10.0,4,nano_ext[dpgmm],tuned_global_f1,"{""threshold_method"": ""dpgmm"", ""sublevel_method"": ""dpgmm"", ""min_event_duration_sec"": 1e-05, ""filter_cutoff"": 10000.0}",131,131,131,1.0,1.0,1.0,1.0,0.0286637363211778,0.0372399648030599,0.6259541984732825,7.759739242274577,4.220830244999888,
rate,10.0,4,nano_ext[dpgmm],tuned_global_f1_x_level_acc,"{""threshold_method"": ""dpgmm"", ""sublevel_method"": ""dpgmm"", ""min_event_duration_sec"": 1e-05, ""filter_cutoff"": null}",131,131,131,1.0,1.0,1.0,1.0,0.0065244527080595,0.0219248481106622,0.8091603053435115,3.262146294868984,5.077495206000094,
rate,10.0,0,nano_ext[gmm],default,,103,102,101,0.9805825242718448,0.9901960784313726,0.9853658536585368,0.9853658536585368,0.0053477185731505,0.024109141031901,0.7524752475247525,3.641207515947542,11.843027971000083,
rate,10.0,0,nano_ext[gmm],tuned_global_f1,"{""threshold_method"": ""gmm"", ""sublevel_method"": ""gmm"", ""min_event_duration_sec"": 0.0001, ""filter_cutoff"": 10000.0}",103,103,103,1.0,1.0,1.0,1.0,0.0324287782118835,0.0371821085611979,0.4854368932038835,12.857904740926074,10.917588248999891,
rate,10.0,0,nano_ext[gmm],tuned_global_f1_x_level_acc,"{""threshold_method"": ""gmm"", ""sublevel_method"": ""gmm"", ""min_event_duration_sec"": 3e-05, ""filter_cutoff"": null}",103,104,103,1.0,0.9903846153846154,0.9951690821256038,0.9951690821256038,0.0055870217413314,0.0244448153949183,0.7475728155339806,3.641207515947542,12.156509384999936,
rate,10.0,1,nano_ext[gmm],default,,119,119,119,1.0,1.0,1.0,1.0,0.0060762928135989,0.0250537236531576,0.773109243697479,5.694385584398276,12.713763802999893,
rate,10.0,1,nano_ext[gmm],tuned_global_f1,"{""threshold_method"": ""gmm"", ""sublevel_method"": ""gmm"", ""min_event_duration_sec"": 0.0001, ""filter_cutoff"": 10000.0}",119,119,119,1.0,1.0,1.0,1.0,0.0265683203565206,0.039188037738349,0.5378151260504201,11.893633619974864,12.26202231499974,
rate,10.0,1,nano_ext[gmm],tuned_global_f1_x_level_acc,"{""threshold_method"": ""gmm"", ""sublevel_method"": ""gmm"", ""min_event_duration_sec"": 3e-05, ""filter_cutoff"": null}",119,119,119,1.0,1.0,1.0,1.0,0.0060762928135989,0.0250537236531576,0.773109243697479,5.694385584398276,12.42210169300006,
rate,10.0,2,nano_ext[gmm],default,,130,130,130,1.0,1.0,1.0,1.0,0.0056986117185138,0.025557518005371,0.8,4.460501969560937,12.529373593999937,
rate,10.0,2,nano_ext[gmm],tuned_global_f1,"{""threshold_method"": ""gmm"", ""sublevel_method"": ""gmm"", ""min_event_duration_sec"": 0.0001, ""filter_cutoff"": 10000.0}",130,201,130,1.0,0.6467661691542289,0.785498489425982,0.785498489425982,0.0624887282102537,0.0655773535848676,0.5769230769230769,17.30784606568392,11.964009434000218,
rate,10.0,2,nano_ext[gmm],tuned_global_f1_x_level_acc,"{""threshold_method"": ""gmm"", ""sublevel_method"": ""gmm"", ""min_event_duration_sec"": 3e-05, ""filter_cutoff"": null}",130,130,130,1.0,1.0,1.0,1.0,0.0056986117185138,0.025557518005371,0.8,4.460501969560937,12.98629982700004,
rate,10.0,3,nano_ext[gmm],default,,103,103,103,1.0,1.0,1.0,1.0,0.005228731239581,0.0227826436360675,0.7184466019417476,4.292200642602717,13.02259502700008,
rate,10.0,3,nano_ext[gmm],tuned_global_f1,"{""threshold_method"": ""gmm"", ""sublevel_method"": ""gmm"", ""min_event_duration_sec"": 0.0001, ""filter_cutoff"": 10000.0}",103,103,103,1.0,1.0,1.0,1.0,0.025973274093278,0.036704797646177,0.6019417475728155,16.39894499882999,10.801916309000262,
rate,10.0,3,nano_ext[gmm],tuned_global_f1_x_level_acc,"{""threshold_method"": ""gmm"", ""sublevel_method"": ""gmm"", ""min_event_duration_sec"": 3e-05, ""filter_cutoff"": null}",103,103,103,1.0,1.0,1.0,1.0,0.005228731239581,0.0227826436360675,0.7184466019417476,4.292200642602717,12.184157485000014,
rate,10.0,0,threshold,default,,103,109,103,1.0,0.944954128440367,0.9716981132075472,0.9716981132075472,0.0160462141128084,0.0284856157836798,,,0.1874203580000539,
rate,10.0,0,threshold,tuned_global_f1,"{""k_sigma"": 5.0, ""k_exit"": 0.5}",103,109,103,1.0,0.944954128440367,0.9716981132075472,0.9716981132075472,0.0269275519310022,0.0298784303427929,,,0.2071082200000091,
rate,10.0,1,threshold,default,,119,122,119,1.0,0.9754098360655736,0.9875518672199172,0.9875518672199172,0.0153634005454731,0.028912854853536,,,0.1706481349997375,
rate,10.0,1,threshold,tuned_global_f1,"{""k_sigma"": 5.0, ""k_exit"": 0.5}",119,122,119,1.0,0.9754098360655736,0.9875518672199172,0.9875518672199172,0.024984517026454,0.0249248557245212,,,0.2207051410000531,
rate,10.0,2,threshold,default,,130,134,130,1.0,0.9701492537313432,0.9848484848484848,0.9848484848484848,0.015627890218654,0.0247261252728912,,,0.1556444550001288,
rate,10.0,2,threshold,tuned_global_f1,"{""k_sigma"": 5.0, ""k_exit"": 0.5}",130,134,130,1.0,0.9701492537313432,0.9848484848484848,0.9848484848484848,0.0228994766271189,0.0292464510232372,,,0.1551550409999436,
rate,10.0,3,threshold,default,,103,106,103,1.0,0.9716981132075472,0.985645933014354,0.985645933014354,0.0149392015491496,0.0244725622311987,,,0.1988023679996331,
rate,10.0,3,threshold,tuned_global_f1,"{""k_sigma"": 5.0, ""k_exit"": 0.5}",103,106,103,1.0,0.9716981132075472,0.985645933014354,0.985645933014354,0.0230829605960041,0.0266995958301583,,,0.203210936999767,
rate,10.0,4,threshold,default,,131,131,131,1.0,1.0,1.0,1.0,0.0174149583469349,0.0236819759346289,,,0.2177155350000248,
rate,10.0,4,threshold,tuned_global_f1,"{""k_sigma"": 5.0, ""k_exit"": 0.5}",131,131,131,1.0,1.0,1.0,1.0,0.0245921382805129,0.024914981609513,,,0.1820481790000485,
rate,10.0,4,nano_ext[gmm],default,,131,131,131,1.0,1.0,1.0,1.0,0.0065244527080595,0.0219248481106622,0.7633587786259542,3.779809420789704,12.86365682099995,
rate,10.0,4,nano_ext[gmm],tuned_global_f1,"{""threshold_method"": ""gmm"", ""sublevel_method"": ""gmm"", ""min_event_duration_sec"": 0.0001, ""filter_cutoff"": 10000.0}",131,3946,126,0.9618320610687024,0.0319310694374049,0.0618101545253863,0.0642629384351238,0.1254496807962287,0.112097676595052,0.5555555555555556,9.375074082829116,16.575127366000288,
rate,10.0,4,nano_ext[gmm],tuned_global_f1_x_level_acc,"{""threshold_method"": ""gmm"", ""sublevel_method"": ""gmm"", ""min_event_duration_sec"": 3e-05, ""filter_cutoff"": null}",131,131,131,1.0,1.0,1.0,1.0,0.0065244527080595,0.0219248481106622,0.7633587786259542,3.779809420789704,13.090581811999982,
rate,10.0,0,pelt,default,,103,129,103,1.0,0.7984496124031008,0.8879310344827586,0.8879310344827586,0.002350567211759,0.0336419932047526,0.8058252427184466,4.2838856915139445,34.46518698199998,
rate,10.0,0,pelt,tuned_global_f1,"{""penalty_factor"": 2.0, ""k_sigma"": 2.0}",103,104,103,1.0,0.9903846153846154,0.9951690821256038,0.9951690821256038,0.0021390011457921,0.0336419932047526,1.0,4.367807620919706,138.90467431599973,
rate,10.0,0,pelt,tuned_global_f1_x_level_acc,"{""penalty_factor"": 2.0, ""k_sigma"": 2.0}",103,104,103,1.0,0.9903846153846154,0.9951690821256038,0.9951690821256038,0.0021390011457921,0.0336419932047526,1.0,4.367807620919706,138.90467431599973,
rate,10.0,1,pelt,default,,119,150,119,1.0,0.7933333333333333,0.8847583643122676,0.8847583643122676,0.0023054391813802,0.0356138093776612,0.8739495798319328,2.272160961602765,35.6316099820001,
rate,10.0,1,pelt,tuned_global_f1,"{""penalty_factor"": 2.0, ""k_sigma"": 2.0}",119,119,119,1.0,1.0,1.0,1.0,0.0023665020122013,0.0356138093776612,1.0,2.3994903834978487,125.66353294300006,
rate,10.0,1,pelt,tuned_global_f1_x_level_acc,"{""penalty_factor"": 2.0, ""k_sigma"": 2.0}",119,119,119,1.0,1.0,1.0,1.0,0.0023665020122013,0.0356138093776612,1.0,2.3994903834978487,125.66353294300006,
rate,3.0,3,pelt,default,,104,174,104,1.0,0.5977011494252874,0.7482014388489209,0.7482014388489209,0.0026401905928833,0.026945658309244,0.9230769230769232,3.20923999463929,153.3192213520001,
rate,3.0,3,pelt,tuned_global_f1,"{""penalty_factor"": 2.0, ""k_sigma"": 2.0}",104,110,104,1.0,0.9454545454545454,0.97196261682243,0.97196261682243,0.002541059878016,0.026945658309244,1.0,3.1728353291349265,606.3076555939997,
rate,3.0,3,pelt,tuned_global_f1_x_level_acc,"{""penalty_factor"": 2.0, ""k_sigma"": 2.0}",104,110,104,1.0,0.9454545454545454,0.97196261682243,0.97196261682243,0.002541059878016,0.026945658309244,1.0,3.1728353291349265,606.3076555939997,
rate,10.0,3,pelt,default,,103,127,103,1.0,0.8110236220472441,0.8956521739130435,0.8956521739130435,0.0023772396891907,0.0316990157767425,0.8349514563106796,2.718798512324483,36.28006336899989,
rate,10.0,3,pelt,tuned_global_f1,"{""penalty_factor"": 2.0, ""k_sigma"": 2.0}",103,105,103,1.0,0.9809523809523808,0.9903846153846152,0.9903846153846152,0.0023772396891907,0.0316990157767425,0.9902912621359224,3.0910974340159214,131.06036747300004,
rate,10.0,3,pelt,tuned_global_f1_x_level_acc,"{""penalty_factor"": 2.0, ""k_sigma"": 2.0}",103,105,103,1.0,0.9809523809523808,0.9903846153846152,0.9903846153846152,0.0023772396891907,0.0316990157767425,0.9902912621359224,3.0910974340159214,131.06036747300004,
rate,10.0,0,mosaic,default,,103,32,25,0.2427184466019417,0.78125,0.3703703703703704,0.4444444444444445,0.0062774698673417,0.0250598477193401,0.92,,3.20548668299989,
rate,10.0,0,mosaic,tuned_global_f1,"{""eventThreshold"": 3.0, ""StepSize"": 5.0}",103,92,79,0.7669902912621359,0.8586956521739131,0.8102564102564102,0.9435897435897436,0.0036044079803424,0.0376660828201613,0.8607594936708861,7.449945247151035,3.029248198999994,
rate,10.0,0,mosaic,tuned_global_f1_x_level_acc,"{""eventThreshold"": 3.0, ""StepSize"": 5.0}",103,92,79,0.7669902912621359,0.8586956521739131,0.8102564102564102,0.9435897435897436,0.0036044079803424,0.0376660828201613,0.8607594936708861,7.449945247151035,3.029248198999994,
rate,10.0,2,pelt,default,,130,163,130,1.0,0.7975460122699386,0.8873720136518771,0.8873720136518771,0.0017474770141007,0.0289539323576371,0.7769230769230769,2.198654778240438,40.54685303499991,
rate,10.0,2,pelt,tuned_global_f1,"{""penalty_factor"": 2.0, ""k_sigma"": 2.0}",130,131,130,1.0,0.9923664122137404,0.9961685823754788,0.9961685823754788,0.0018774538265377,0.0282821656406978,0.9923076923076924,2.234576790272058,145.89387734000002,
rate,10.0,2,pelt,tuned_global_f1_x_level_acc,"{""penalty_factor"": 2.0, ""k_sigma"": 2.0}",130,131,130,1.0,0.9923664122137404,0.9961685823754788,0.9961685823754788,0.0018774538265377,0.0282821656406978,0.9923076923076924,2.234576790272058,145.89387734000002,
rate,10.0,1,mosaic,default,,119,18,15,0.1260504201680672,0.8333333333333334,0.218978102189781,0.218978102189781,0.0054591340002227,0.0536169426652567,0.8,,3.0679715220003345,
rate,10.0,1,mosaic,tuned_global_f1,"{""eventThreshold"": 3.0, ""StepSize"": 5.0}",119,99,88,0.7394957983193278,0.8888888888888888,0.8073394495412844,0.908256880733945,0.0033081360109941,0.0291347520949521,0.8409090909090909,8.144853423708298,3.00403745299991,
rate,10.0,1,mosaic,tuned_global_f1_x_level_acc,"{""eventThreshold"": 3.0, ""StepSize"": 5.0}",119,99,88,0.7394957983193278,0.8888888888888888,0.8073394495412844,0.908256880733945,0.0033081360109941,0.0291347520949521,0.8409090909090909,8.144853423708298,3.00403745299991,
rate,10.0,2,mosaic,default,,130,16,14,0.1076923076923077,0.875,0.1917808219178082,0.1917808219178082,0.0318737170883812,0.0154921614340837,0.7857142857142857,,3.531092843999886,
rate,10.0,2,mosaic,tuned_global_f1,"{""eventThreshold"": 3.0, ""StepSize"": 5.0}",130,115,97,0.7461538461538462,0.8434782608695652,0.7918367346938776,0.9387755102040816,0.0029854316942736,0.0295784213719116,0.8556701030927835,3.2047085254394148,3.441630176000217,
rate,10.0,2,mosaic,tuned_global_f1_x_level_acc,"{""eventThreshold"": 3.0, ""StepSize"": 5.0}",130,115,97,0.7461538461538462,0.8434782608695652,0.7918367346938776,0.9387755102040816,0.0029854316942736,0.0295784213719116,0.8556701030927835,3.2047085254394148,3.441630176000217,
rate,10.0,3,mosaic,default,,103,24,12,0.116504854368932,0.5,0.1889763779527559,0.2834645669291338,0.0038649240188798,0.0122944948652985,0.8333333333333334,,3.2569344919998,
rate,10.0,3,mosaic,tuned_global_f1,"{""eventThreshold"": 3.0, ""StepSize"": 5.0}",103,95,85,0.8252427184466019,0.8947368421052632,0.8585858585858587,0.9595959595959596,0.0044192226968015,0.0332006360110755,0.8235294117647058,7.550234557784918,3.1771523790002902,
rate,10.0,3,mosaic,tuned_global_f1_x_level_acc,"{""eventThreshold"": 3.0, ""StepSize"": 5.0}",103,95,85,0.8252427184466019,0.8947368421052632,0.8585858585858587,0.9595959595959596,0.0044192226968015,0.0332006360110755,0.8235294117647058,7.550234557784918,3.1771523790002902,
rate,3.0,4,pelt,default,,135,216,135,1.0,0.625,0.7692307692307693,0.7692307692307693,0.0028286681361749,0.0266136144885991,0.8888888888888888,2.4648137415539395,167.22218578699994,
rate,3.0,4,pelt,tuned_global_f1,"{""penalty_factor"": 2.0, ""k_sigma"": 2.0}",135,139,135,1.0,0.9712230215827338,0.9854014598540146,0.9854014598540146,0.0025870582251373,0.0267715434454925,0.9925925925925926,2.4853824349690967,670.1816188749999,
rate,3.0,4,pelt,tuned_global_f1_x_level_acc,"{""penalty_factor"": 2.0, ""k_sigma"": 2.0}",135,139,135,1.0,0.9712230215827338,0.9854014598540146,0.9854014598540146,0.0025870582251373,0.0267715434454925,0.9925925925925926,2.4853824349690967,670.1816188749999,
rate,10.0,4,mosaic,default,,131,39,30,0.2290076335877862,0.7692307692307693,0.3529411764705882,0.3764705882352941,0.009113662499921,0.0330608548078361,0.9,,3.352439532000062,
rate,10.0,4,mosaic,tuned_global_f1,"{""eventThreshold"": 3.0, ""StepSize"": 5.0}",131,117,104,0.7938931297709924,0.8888888888888888,0.8387096774193549,0.9435483870967742,0.0033468320585542,0.040042935420902,0.8653846153846154,6.740078575706576,3.3582086090000303,
rate,10.0,4,mosaic,tuned_global_f1_x_level_acc,"{""eventThreshold"": 3.0, ""StepSize"": 5.0}",131,117,104,0.7938931297709924,0.8888888888888888,0.8387096774193549,0.9435483870967742,0.0033468320585542,0.040042935420902,0.8653846153846154,6.740078575706576,3.3582086090000303,
rate,10.0,0,threshold+nanotrees,default,,103,109,103,1.0,0.944954128440367,0.9716981132075472,0.9716981132075472,0.0160462141128084,0.0284856157836798,0.4563106796116505,,4.911193436000303,
rate,10.0,0,threshold+nanotrees,tuned_global_f1,"{""k_sigma"": 5.0, ""smallest_sublevel_pa"": 80.0}",103,109,103,1.0,0.944954128440367,0.9716981132075472,0.9716981132075472,0.0160462141128084,0.0284856157836798,0.4563106796116505,,4.169429705000312,
rate,10.0,0,threshold+nanotrees,tuned_global_f1_x_level_acc,"{""k_sigma"": 5.0, ""smallest_sublevel_pa"": 20.0}",103,109,103,1.0,0.944954128440367,0.9716981132075472,0.9716981132075472,0.0062661549197006,0.0256750293325069,0.9514563106796116,13.639401409193397,4.00253046600028,
rate,10.0,1,threshold+nanotrees,default,,119,122,119,1.0,0.9754098360655736,0.9875518672199172,0.9875518672199172,0.0153634005454731,0.028912854853536,0.5210084033613446,,4.609032527000181,
rate,10.0,1,threshold+nanotrees,tuned_global_f1,"{""k_sigma"": 5.0, ""smallest_sublevel_pa"": 80.0}",119,122,119,1.0,0.9754098360655736,0.9875518672199172,0.9875518672199172,0.0153634005454731,0.028912854853536,0.5210084033613446,,4.469304945000204,
rate,10.0,1,threshold+nanotrees,tuned_global_f1_x_level_acc,"{""k_sigma"": 5.0, ""smallest_sublevel_pa"": 20.0}",119,122,119,1.0,0.9754098360655736,0.9875518672199172,0.9875518672199172,0.0075366388238438,0.0242554413349103,0.9327731092436976,11.110467049491035,4.543934957000147,
rate,10.0,2,threshold+nanotrees,default,,130,134,130,1.0,0.9701492537313432,0.9848484848484848,0.9848484848484848,0.015627890218654,0.0247261252728912,0.5461538461538461,,4.7663766640002905,
rate,10.0,2,threshold+nanotrees,tuned_global_f1,"{""k_sigma"": 5.0, ""smallest_sublevel_pa"": 80.0}",130,134,130,1.0,0.9701492537313432,0.9848484848484848,0.9848484848484848,0.015627890218654,0.0247261252728912,0.5461538461538461,,4.530826963999971,
rate,10.0,2,threshold+nanotrees,tuned_global_f1_x_level_acc,"{""k_sigma"": 5.0, ""smallest_sublevel_pa"": 20.0}",130,134,130,1.0,0.9701492537313432,0.9848484848484848,0.9848484848484848,0.0066787462908741,0.0302194475841789,0.9615384615384616,12.935216871401424,4.3933825969998,
rate,10.0,0,autonanopore,default,,103,58,56,0.5436893203883495,0.9655172413793104,0.6956521739130436,0.7204968944099379,0.0183942233925494,0.3854804105019562,,,0.9919645089998994,
rate,10.0,0,autonanopore,tuned_global_f1,"{""window_size_ms"": 5, ""theta"": 0.5}",103,69,18,0.174757281553398,0.2608695652173913,0.2093023255813953,0.2441860465116279,0.0249458432785898,0.3434226999999999,,,1.765398763000121,
rate,10.0,3,threshold+nanotrees,default,,103,106,103,1.0,0.9716981132075472,0.985645933014354,0.985645933014354,0.0149392015491496,0.0244725622311987,0.4854368932038835,,4.09880080899984,
rate,10.0,3,threshold+nanotrees,tuned_global_f1,"{""k_sigma"": 5.0, ""smallest_sublevel_pa"": 80.0}",103,106,103,1.0,0.9716981132075472,0.985645933014354,0.985645933014354,0.0149392015491496,0.0244725622311987,0.4854368932038835,,4.005862333000096,
rate,10.0,3,threshold+nanotrees,tuned_global_f1_x_level_acc,"{""k_sigma"": 5.0, ""smallest_sublevel_pa"": 20.0}",103,106,103,1.0,0.9716981132075472,0.985645933014354,0.985645933014354,0.0075288797331043,0.0223932317118198,0.9611650485436892,11.919591535125562,3.748261731000184,
rate,10.0,1,autonanopore,default,,119,74,73,0.6134453781512605,0.9864864864864864,0.7564766839378239,0.766839378238342,0.0128385278906872,0.3229128333333333,,,0.8409214969997265,
rate,10.0,1,autonanopore,tuned_global_f1,"{""window_size_ms"": 5, ""theta"": 0.5}",119,124,72,0.6050420168067226,0.5806451612903226,0.5925925925925926,0.6419753086419753,0.0147896533006441,0.3161621507901072,,,1.8265168060002,
rate,10.0,2,autonanopore,default,,130,72,69,0.5307692307692308,0.9583333333333334,0.6831683168316831,0.712871287128713,0.0126016923723624,0.3916052208154804,,,0.892979037999794,
rate,10.0,2,autonanopore,tuned_global_f1,"{""window_size_ms"": 5, ""theta"": 0.5}",130,150,92,0.7076923076923077,0.6133333333333333,0.657142857142857,0.7214285714285714,0.0126138338311516,0.3032961666666667,,,1.98697379999976,
rate,10.0,3,autonanopore,default,,103,65,65,0.6310679611650486,1.0,0.7738095238095238,0.7738095238095238,0.0115063551835362,0.4568317709596297,,,0.9826087189999272,
rate,10.0,3,autonanopore,tuned_global_f1,"{""window_size_ms"": 5, ""theta"": 0.5}",103,105,58,0.5631067961165048,0.5523809523809524,0.5576923076923077,0.5865384615384617,0.012645917537293,0.3517800416666666,,,2.033269744000336,
rate,10.0,4,threshold+nanotrees,default,,131,131,131,1.0,1.0,1.0,1.0,0.0174149583469349,0.0236819759346289,0.4885496183206106,,4.5641196010001295,
rate,10.0,4,threshold+nanotrees,tuned_global_f1,"{""k_sigma"": 5.0, ""smallest_sublevel_pa"": 80.0}",131,131,131,1.0,1.0,1.0,1.0,0.0174149583469349,0.0236819759346289,0.4885496183206106,,4.581264568000279,
rate,10.0,4,threshold+nanotrees,tuned_global_f1_x_level_acc,"{""k_sigma"": 5.0, ""smallest_sublevel_pa"": 20.0}",131,131,131,1.0,1.0,1.0,1.0,0.0067558762923616,0.021271031012861,0.900763358778626,12.938603448198194,4.403138511999714,
rate,10.0,4,autonanopore,default,,131,74,73,0.5572519083969466,0.9864864864864864,0.7121951219512196,0.7219512195121952,0.012961364586477,0.3506385833333334,,,0.9102442210000844,
rate,10.0,4,autonanopore,tuned_global_f1,"{""window_size_ms"": 5, ""theta"": 0.5}",131,131,91,0.6946564885496184,0.6946564885496184,0.6946564885496184,0.7404580152671756,0.012961364586477,0.34375,,,1.838856074999967,
rate,50.0,0,nano_ext[dpgmm],default,,177,175,175,0.9887005649717514,1.0,0.994318181818182,0.994318181818182,0.0046973820369213,0.0273805376515096,0.7771428571428571,5.040917347098883,5.473743981000098,
rate,50.0,0,nano_ext[dpgmm],tuned_global_f1,"{""threshold_method"": ""dpgmm"", ""sublevel_method"": ""dpgmm"", ""min_event_duration_sec"": 1e-05, ""filter_cutoff"": 10000.0}",177,177,177,1.0,1.0,1.0,1.0,0.0250835378163903,0.0457998397257099,0.6271186440677966,7.105461428569271,3.939939896999931,
rate,50.0,0,nano_ext[dpgmm],tuned_global_f1_x_level_acc,"{""threshold_method"": ""dpgmm"", ""sublevel_method"": ""dpgmm"", ""min_event_duration_sec"": 1e-05, ""filter_cutoff"": null}",177,177,177,1.0,1.0,1.0,1.0,0.0047185916676979,0.0273805376515096,0.7740112994350282,5.040917347098883,5.312902057999963,
rate,50.0,1,nano_ext[dpgmm],default,,186,186,186,1.0,1.0,1.0,1.0,0.0050462604053232,0.0226678195227723,0.7849462365591398,2.950270738488747,5.708608544000072,
rate,50.0,1,nano_ext[dpgmm],tuned_global_f1,"{""threshold_method"": ""dpgmm"", ""sublevel_method"": ""dpgmm"", ""min_event_duration_sec"": 1e-05, ""filter_cutoff"": 10000.0}",186,186,186,1.0,1.0,1.0,1.0,0.0250669037849171,0.0412932938268103,0.5967741935483871,6.868014547078971,4.486018135999984,
rate,50.0,1,nano_ext[dpgmm],tuned_global_f1_x_level_acc,"{""threshold_method"": ""dpgmm"", ""sublevel_method"": ""dpgmm"", ""min_event_duration_sec"": 1e-05, ""filter_cutoff"": null}",186,187,186,1.0,0.9946524064171124,0.9973190348525468,0.9973190348525468,0.0050462604053232,0.0226678195227723,0.7849462365591398,2.950270738488747,5.624835609999991,
rate,50.0,2,nano_ext[dpgmm],default,,211,211,211,1.0,1.0,1.0,1.0,0.0054064500436915,0.0261060510516809,0.8056872037914692,3.720857539579736,5.985386574000131,
rate,50.0,2,nano_ext[dpgmm],tuned_global_f1,"{""threshold_method"": ""dpgmm"", ""sublevel_method"": ""dpgmm"", ""min_event_duration_sec"": 1e-05, ""filter_cutoff"": 10000.0}",211,211,211,1.0,1.0,1.0,1.0,0.0279420161086478,0.0478660506801198,0.6635071090047393,5.695947557060599,4.625976762999926,
rate,50.0,2,nano_ext[dpgmm],tuned_global_f1_x_level_acc,"{""threshold_method"": ""dpgmm"", ""sublevel_method"": ""dpgmm"", ""min_event_duration_sec"": 1e-05, ""filter_cutoff"": null}",211,211,211,1.0,1.0,1.0,1.0,0.0054064500436915,0.0261060510516809,0.8056872037914692,3.720857539579736,5.526594211999964,
rate,50.0,3,nano_ext[dpgmm],default,,186,186,186,1.0,1.0,1.0,1.0,0.0055654537331856,0.025229263305664,0.7580645161290323,6.484450008947817,5.553356856000391,
rate,50.0,3,nano_ext[dpgmm],tuned_global_f1,"{""threshold_method"": ""dpgmm"", ""sublevel_method"": ""dpgmm"", ""min_event_duration_sec"": 1e-05, ""filter_cutoff"": 10000.0}",186,186,186,1.0,1.0,1.0,1.0,0.0244112751572976,0.0398593920432567,0.6344086021505376,3.247582058746312,4.127351955999984,
rate,50.0,3,nano_ext[dpgmm],tuned_global_f1_x_level_acc,"{""threshold_method"": ""dpgmm"", ""sublevel_method"": ""dpgmm"", ""min_event_duration_sec"": 1e-05, ""filter_cutoff"": null}",186,186,186,1.0,1.0,1.0,1.0,0.0055654537331856,0.025229263305664,0.7580645161290323,6.484450008947817,5.966105066999717,
rate,50.0,4,nano_ext[dpgmm],default,,194,193,193,0.9948453608247424,1.0,0.9974160206718348,0.9974160206718348,0.0049965226794232,0.0221967061360675,0.8082901554404145,3.779579076379491,5.117497003000153,
rate,50.0,4,nano_ext[dpgmm],tuned_global_f1,"{""threshold_method"": ""dpgmm"", ""sublevel_method"": ""dpgmm"", ""min_event_duration_sec"": 1e-05, ""filter_cutoff"": 10000.0}",194,194,194,1.0,1.0,1.0,1.0,0.0271025445772715,0.0435733159383137,0.6494845360824743,6.027185600609997,4.48175090299992,
rate,50.0,4,nano_ext[dpgmm],tuned_global_f1_x_level_acc,"{""threshold_method"": ""dpgmm"", ""sublevel_method"": ""dpgmm"", ""min_event_duration_sec"": 1e-05, ""filter_cutoff"": null}",194,194,194,1.0,1.0,1.0,1.0,0.0050293340396589,0.022507349650065,0.8041237113402062,3.779579076379491,5.755138987999999,
rate,10.0,4,pelt,default,,131,162,131,1.0,0.808641975308642,0.89419795221843,0.89419795221843,0.0028509804538763,0.0307431326972114,0.8625954198473282,2.6861597977045903,35.15172532900033,
rate,10.0,4,pelt,tuned_global_f1,"{""penalty_factor"": 2.0, ""k_sigma"": 2.0}",131,132,131,1.0,0.9924242424242424,0.9961977186311788,0.9961977186311788,0.0022542023189764,0.0307431326972114,1.0,2.6861597977045903,116.5874509780001,
rate,10.0,4,pelt,tuned_global_f1_x_level_acc,"{""penalty_factor"": 2.0, ""k_sigma"": 2.0}",131,132,131,1.0,0.9924242424242424,0.9961977186311788,0.9961977186311788,0.0022542023189764,0.0307431326972114,1.0,2.6861597977045903,116.5874509780001,
rate,50.0,0,nano_ext[gmm],default,,177,175,175,0.9887005649717514,1.0,0.994318181818182,0.994318181818182,0.0061228620033503,0.0278299285090839,0.76,5.510873215541778,13.592350459000045,
rate,50.0,0,nano_ext[gmm],tuned_global_f1,"{""threshold_method"": ""gmm"", ""sublevel_method"": ""gmm"", ""min_event_duration_sec"": 0.0001, ""filter_cutoff"": 10000.0}",177,796,177,1.0,0.2223618090452261,0.3638232271325796,0.3638232271325796,0.1002456285118576,0.1070236841837565,0.5423728813559322,11.587195756224132,14.690612877000149,
rate,50.0,0,nano_ext[gmm],tuned_global_f1_x_level_acc,"{""threshold_method"": ""gmm"", ""sublevel_method"": ""gmm"", ""min_event_duration_sec"": 3e-05, ""filter_cutoff"": null}",177,177,177,1.0,1.0,1.0,1.0,0.0061602828760858,0.0278299285090839,0.7570621468926554,5.510873215541778,14.343601666000268,
rate,50.0,1,nano_ext[gmm],default,,186,186,186,1.0,1.0,1.0,1.0,0.0161545874847155,0.0276174617933681,0.7473118279569892,6.276966114493465,14.914910556999985,
rate,50.0,1,nano_ext[gmm],tuned_global_f1,"{""threshold_method"": ""gmm"", ""sublevel_method"": ""gmm"", ""min_event_duration_sec"": 0.0001, ""filter_cutoff"": 10000.0}",186,186,186,1.0,1.0,1.0,1.0,0.0457160334135149,0.0568290915904428,0.532258064516129,10.331222651482896,13.279028286000084,
rate,50.0,1,nano_ext[gmm],tuned_global_f1_x_level_acc,"{""threshold_method"": ""gmm"", ""sublevel_method"": ""gmm"", ""min_event_duration_sec"": 3e-05, ""filter_cutoff"": null}",186,321,186,1.0,0.5794392523364486,0.7337278106508875,0.7337278106508875,0.0161545874847155,0.0276174617933681,0.7473118279569892,6.276966114493465,14.82848762499998,
rate,50.0,0,threshold,default,,177,177,177,1.0,1.0,1.0,1.0,0.0155554673972248,0.0280262586926823,,,0.0705166590000772,
rate,50.0,0,threshold,tuned_global_f1,"{""k_sigma"": 5.0, ""k_exit"": 0.5}",177,177,177,1.0,1.0,1.0,1.0,0.0235411875464683,0.0276657231648762,,,0.0542742010002257,
rate,50.0,1,threshold,default,,186,186,186,1.0,1.0,1.0,1.0,0.0123046997970019,0.0220185171671052,,,0.0582481639999059,
rate,50.0,1,threshold,tuned_global_f1,"{""k_sigma"": 5.0, ""k_exit"": 0.5}",186,186,186,1.0,1.0,1.0,1.0,0.0198612468662556,0.0217160841431102,,,0.0562938859998212,
rate,50.0,2,threshold,default,,211,211,211,1.0,1.0,1.0,1.0,0.0129447402256018,0.0239456736432005,,,0.0583943229999022,
rate,50.0,2,threshold,tuned_global_f1,"{""k_sigma"": 5.0, ""k_exit"": 0.5}",211,211,211,1.0,1.0,1.0,1.0,0.0198564281082807,0.023969115779898,,,0.0600023530000726,
rate,50.0,3,threshold,default,,186,187,186,1.0,0.9946524064171124,0.9973190348525468,0.9973190348525468,0.0134139303189145,0.0250919225914021,,,0.0655196310003702,
rate,50.0,3,threshold,tuned_global_f1,"{""k_sigma"": 5.0, ""k_exit"": 0.5}",186,186,186,1.0,1.0,1.0,1.0,0.0228936088411723,0.0247561153408036,,,0.0604438299997127,
rate,50.0,4,threshold,default,,194,194,194,1.0,1.0,1.0,1.0,0.0141495091121523,0.0209918406256132,,,0.0521807790000821,
rate,50.0,4,threshold,tuned_global_f1,"{""k_sigma"": 5.0, ""k_exit"": 0.5}",194,194,194,1.0,1.0,1.0,1.0,0.0212749331668695,0.0225655438472943,,,0.050695424999958,
rate,50.0,2,nano_ext[gmm],default,,211,211,211,1.0,1.0,1.0,1.0,0.0063663275636199,0.0264663696289062,0.7819905213270142,4.534729410643479,15.826587850000124,
rate,50.0,2,nano_ext[gmm],tuned_global_f1,"{""threshold_method"": ""gmm"", ""sublevel_method"": ""gmm"", ""min_event_duration_sec"": 0.0001, ""filter_cutoff"": 10000.0}",211,211,211,1.0,1.0,1.0,1.0,0.0298303446593349,0.0509536420796431,0.5497630331753555,14.941066470708364,13.56170182699998,
rate,50.0,2,nano_ext[gmm],tuned_global_f1_x_level_acc,"{""threshold_method"": ""gmm"", ""sublevel_method"": ""gmm"", ""min_event_duration_sec"": 3e-05, ""filter_cutoff"": null}",211,211,211,1.0,1.0,1.0,1.0,0.0063663275636199,0.0264663696289062,0.7819905213270142,4.534729410643479,14.803730904999613,
rate,50.0,3,nano_ext[gmm],default,,186,186,186,1.0,1.0,1.0,1.0,0.0126453842576535,0.0278142236486577,0.7311827956989247,6.688631623896768,14.824660998000128,
rate,50.0,3,nano_ext[gmm],tuned_global_f1,"{""threshold_method"": ""gmm"", ""sublevel_method"": ""gmm"", ""min_event_duration_sec"": 0.0001, ""filter_cutoff"": 10000.0}",186,214,186,1.0,0.8691588785046729,0.93,0.93,0.0618702557754917,0.0673894974342125,0.5,10.982494703881684,13.015631063,
rate,50.0,3,nano_ext[gmm],tuned_global_f1_x_level_acc,"{""threshold_method"": ""gmm"", ""sublevel_method"": ""gmm"", ""min_event_duration_sec"": 3e-05, ""filter_cutoff"": null}",186,192,186,1.0,0.96875,0.984126984126984,0.984126984126984,0.0126453842576535,0.0278142236486577,0.7311827956989247,6.688631623896768,14.619452055000238,
rate,50.0,4,nano_ext[gmm],default,,194,193,193,0.9948453608247424,1.0,0.9974160206718348,0.9974160206718348,0.0129045239548561,0.0246773369671623,0.7875647668393783,3.684305066808946,14.36169608199998,
rate,50.0,4,nano_ext[gmm],tuned_global_f1,"{""threshold_method"": ""gmm"", ""sublevel_method"": ""gmm"", ""min_event_duration_sec"": 0.0001, ""filter_cutoff"": 10000.0}",194,194,194,1.0,1.0,1.0,1.0,0.0292632075400615,0.0437820805472501,0.5927835051546392,14.16994199776589,13.474573843000144,
rate,50.0,4,nano_ext[gmm],tuned_global_f1_x_level_acc,"{""threshold_method"": ""gmm"", ""sublevel_method"": ""gmm"", ""min_event_duration_sec"": 3e-05, ""filter_cutoff"": null}",194,196,194,1.0,0.9897959183673468,0.9948717948717948,0.9948717948717948,0.0129475033148191,0.0246785783550004,0.7835051546391752,3.684305066808946,14.127075817000332,
rate,50.0,0,pelt,default,,177,182,177,1.0,0.9725274725274724,0.9860724233983288,0.9860724233983288,0.0021607605529619,0.0350758012541024,0.8418079096045198,3.8976830145642793,9.22538023800007,
rate,50.0,0,pelt,tuned_global_f1,"{""penalty_factor"": 2.0, ""k_sigma"": 2.0}",177,177,177,1.0,1.0,1.0,1.0,0.0023045728695009,0.0346415427973873,0.9943502824858758,3.869767782216371,22.434533333999752,
rate,50.0,0,pelt,tuned_global_f1_x_level_acc,"{""penalty_factor"": 2.0, ""k_sigma"": 2.0}",177,177,177,1.0,1.0,1.0,1.0,0.0023045728695009,0.0346415427973873,0.9943502824858758,3.869767782216371,22.434533333999752,
rate,50.0,2,pelt,default,,211,217,211,1.0,0.9723502304147466,0.985981308411215,0.985981308411215,0.0023337283514355,0.0280397630556056,0.8199052132701422,2.5900746102314187,8.938613113999963,
rate,50.0,2,pelt,tuned_global_f1,"{""penalty_factor"": 2.0, ""k_sigma"": 2.0}",211,211,211,1.0,1.0,1.0,1.0,0.0022913898330318,0.0282060025022333,1.0,2.598872901549143,18.197656628000004,
rate,50.0,2,pelt,tuned_global_f1_x_level_acc,"{""penalty_factor"": 2.0, ""k_sigma"": 2.0}",211,211,211,1.0,1.0,1.0,1.0,0.0022913898330318,0.0282060025022333,1.0,2.598872901549143,18.197656628000004,
rate,50.0,1,pelt,default,,186,189,186,1.0,0.984126984126984,0.992,0.992,0.0023471909243934,0.0247512218611498,0.8709677419354839,3.31041738999005,8.712841383000068,
rate,50.0,1,pelt,tuned_global_f1,"{""penalty_factor"": 2.0, ""k_sigma"": 2.0}",186,186,186,1.0,1.0,1.0,1.0,0.0024629731795256,0.0244494828647962,0.9946236559139784,2.993865591438549,20.72114892899981,
rate,50.0,1,pelt,tuned_global_f1_x_level_acc,"{""penalty_factor"": 2.0, ""k_sigma"": 2.0}",186,186,186,1.0,1.0,1.0,1.0,0.0024629731795256,0.0244494828647962,0.9946236559139784,2.993865591438549,20.72114892899981,
rate,50.0,0,mosaic,default,,177,25,18,0.1016949152542373,0.72,0.1782178217821782,0.198019801980198,0.0114435247834245,0.0366556071690966,0.8333333333333334,,3.2224769950003065,
rate,50.0,0,mosaic,tuned_global_f1,"{""eventThreshold"": 3.0, ""StepSize"": 5.0}",177,147,132,0.7457627118644068,0.8979591836734694,0.8148148148148148,0.9074074074074074,0.0037618838638965,0.0305334960667518,0.803030303030303,7.224614903100779,2.646451760999753,
rate,50.0,0,mosaic,tuned_global_f1_x_level_acc,"{""eventThreshold"": 3.0, ""StepSize"": 5.0}",177,147,132,0.7457627118644068,0.8979591836734694,0.8148148148148148,0.9074074074074074,0.0037618838638965,0.0305334960667518,0.803030303030303,7.224614903100779,2.646451760999753,
rate,50.0,1,mosaic,default,,186,30,20,0.1075268817204301,0.6666666666666666,0.1851851851851851,0.2407407407407407,0.0156798720424811,0.0351237578309399,0.85,,3.452725870999984,
rate,50.0,1,mosaic,tuned_global_f1,"{""eventThreshold"": 3.0, ""StepSize"": 5.0}",186,167,153,0.8225806451612904,0.9161676646706588,0.8668555240793201,0.9461756373937676,0.0030050406903162,0.0413557928119503,0.8104575163398693,5.071805928125173,2.527745184000196,
rate,50.0,1,mosaic,tuned_global_f1_x_level_acc,"{""eventThreshold"": 3.0, ""StepSize"": 5.0}",186,167,153,0.8225806451612904,0.9161676646706588,0.8668555240793201,0.9461756373937676,0.0030050406903162,0.0413557928119503,0.8104575163398693,5.071805928125173,2.527745184000196,
rate,50.0,2,mosaic,default,,211,59,51,0.2417061611374407,0.864406779661017,0.3777777777777777,0.3999999999999999,0.0049686509655844,0.0309862994053815,0.8431372549019608,,3.5108186919997024,
rate,50.0,2,mosaic,tuned_global_f1,"{""eventThreshold"": 3.0, ""StepSize"": 5.0}",211,192,167,0.7914691943127962,0.8697916666666666,0.8287841191066997,0.9528535980148882,0.0028898897005951,0.0327215350859348,0.8862275449101796,5.497905807283487,3.125618478999968,
rate,50.0,2,mosaic,tuned_global_f1_x_level_acc,"{""eventThreshold"": 3.0, ""StepSize"": 5.0}",211,192,167,0.7914691943127962,0.8697916666666666,0.8287841191066997,0.9528535980148882,0.0028898897005951,0.0327215350859348,0.8862275449101796,5.497905807283487,3.125618478999968,
rate,50.0,3,mosaic,default,,186,34,23,0.1236559139784946,0.6764705882352942,0.209090909090909,0.2636363636363636,0.0063587492821448,0.0370943884532824,0.8695652173913043,,3.219958289999795,
rate,50.0,3,mosaic,tuned_global_f1,"{""eventThreshold"": 3.0, ""StepSize"": 5.0}",186,163,144,0.7741935483870968,0.8834355828220859,0.825214899713467,0.9340974212034384,0.0035150008132359,0.0348581042616753,0.9027777777777778,6.106506434067072,2.7540815580000526,
rate,50.0,3,mosaic,tuned_global_f1_x_level_acc,"{""eventThreshold"": 3.0, ""StepSize"": 5.0}",186,163,144,0.7741935483870968,0.8834355828220859,0.825214899713467,0.9340974212034384,0.0035150008132359,0.0348581042616753,0.9027777777777778,6.106506434067072,2.7540815580000526,
rate,50.0,4,mosaic,default,,194,52,38,0.1958762886597938,0.7307692307692307,0.3089430894308943,0.3658536585365853,0.0097317346421951,0.0201049130870674,0.9210526315789472,,2.696402170000056,
rate,50.0,4,mosaic,tuned_global_f1,"{""eventThreshold"": 3.0, ""StepSize"": 5.0}",194,172,147,0.7577319587628866,0.8546511627906976,0.8032786885245901,0.9398907103825136,0.0030397977372508,0.0277184312406605,0.8775510204081632,5.460850287741792,2.509487885999988,
rate,50.0,4,mosaic,tuned_global_f1_x_level_acc,"{""eventThreshold"": 3.0, ""StepSize"": 5.0}",194,172,147,0.7577319587628866,0.8546511627906976,0.8032786885245901,0.9398907103825136,0.0030397977372508,0.0277184312406605,0.8775510204081632,5.460850287741792,2.509487885999988,
rate,50.0,4,pelt,default,,194,200,194,1.0,0.97,0.9847715736040608,0.9847715736040608,0.002139719553229,0.0264231639723293,0.8092783505154639,2.9823222002858807,8.285515109999778,
rate,50.0,4,pelt,tuned_global_f1,"{""penalty_factor"": 2.0, ""k_sigma"": 2.0}",194,194,194,1.0,1.0,1.0,1.0,0.0019467412209097,0.0260375185540116,1.0,3.041588868608891,20.82145354100021,
rate,50.0,4,pelt,tuned_global_f1_x_level_acc,"{""penalty_factor"": 2.0, ""k_sigma"": 2.0}",194,194,194,1.0,1.0,1.0,1.0,0.0019467412209097,0.0260375185540116,1.0,3.041588868608891,20.82145354100021,
rate,50.0,3,pelt,default,,186,190,186,1.0,0.9789473684210528,0.9893617021276596,0.9893617021276596,0.0026412862256399,0.0315745765577638,0.8225806451612904,3.106730750879194,9.964986430999945,
rate,50.0,3,pelt,tuned_global_f1,"{""penalty_factor"": 2.0, ""k_sigma"": 2.0}",186,186,186,1.0,1.0,1.0,1.0,0.0023710610864892,0.0313230212340728,1.0,3.106730750879194,21.12276036599997,
rate,50.0,3,pelt,tuned_global_f1_x_level_acc,"{""penalty_factor"": 2.0, ""k_sigma"": 2.0}",186,186,186,1.0,1.0,1.0,1.0,0.0023710610864892,0.0313230212340728,1.0,3.106730750879194,21.12276036599997,
rate,50.0,0,threshold+nanotrees,default,,177,177,177,1.0,1.0,1.0,1.0,0.0155554673972248,0.0280262586926823,0.4971751412429379,,5.319848554000146,
rate,50.0,0,threshold+nanotrees,tuned_global_f1,"{""k_sigma"": 5.0, ""smallest_sublevel_pa"": 80.0}",177,177,177,1.0,1.0,1.0,1.0,0.0155554673972248,0.0280262586926823,0.4971751412429379,,5.230101178000041,
rate,50.0,0,threshold+nanotrees,tuned_global_f1_x_level_acc,"{""k_sigma"": 5.0, ""smallest_sublevel_pa"": 20.0}",177,177,177,1.0,1.0,1.0,1.0,0.0063318961912328,0.0243587246712647,0.96045197740113,12.585711205326255,5.709469664000153,
rate,50.0,1,threshold+nanotrees,default,,186,186,186,1.0,1.0,1.0,1.0,0.0123046997970019,0.0220185171671052,0.521505376344086,,5.172116045000166,
rate,50.0,1,threshold+nanotrees,tuned_global_f1,"{""k_sigma"": 5.0, ""smallest_sublevel_pa"": 80.0}",186,186,186,1.0,1.0,1.0,1.0,0.0123046997970019,0.0220185171671052,0.521505376344086,,5.617937442999846,
rate,50.0,1,threshold+nanotrees,tuned_global_f1_x_level_acc,"{""k_sigma"": 5.0, ""smallest_sublevel_pa"": 20.0}",186,186,186,1.0,1.0,1.0,1.0,0.0063869767061277,0.0206413147042139,0.946236559139785,13.183148226847408,5.530799354999999,
rate,50.0,0,autonanopore,default,,177,0,0,0.0,0.0,0.0,0.0,,,,,0.3624943159998111,
rate,50.0,0,autonanopore,tuned_global_f1,"{""window_size_ms"": 5, ""theta"": 0.5}",177,123,111,0.6271186440677966,0.902439024390244,0.74,0.8133333333333332,0.0150421064562786,0.3285645,,,0.7878583140000046,
rate,50.0,1,autonanopore,default,,186,0,0,0.0,0.0,0.0,0.0,,,,,0.4644390599996768,
rate,50.0,1,autonanopore,tuned_global_f1,"{""window_size_ms"": 5, ""theta"": 0.5}",186,136,130,0.6989247311827957,0.9558823529411764,0.8074534161490685,0.84472049689441,0.0091942037313729,0.2931947499999999,,,0.7535622659997898,
rate,50.0,2,autonanopore,default,,211,0,0,0.0,0.0,0.0,0.0,,,,,0.3625605990000622,
rate,50.0,2,autonanopore,tuned_global_f1,"{""window_size_ms"": 5, ""theta"": 0.5}",211,148,138,0.6540284360189573,0.9324324324324323,0.7688022284122563,0.8189415041782729,0.0128375466055238,0.310381761861238,,,0.763564254999892,
rate,50.0,3,autonanopore,default,,186,0,0,0.0,0.0,0.0,0.0,,,,,0.3904223340000499,
rate,50.0,3,autonanopore,tuned_global_f1,"{""window_size_ms"": 5, ""theta"": 0.5}",186,128,119,0.6397849462365591,0.9296875,0.7579617834394904,0.8089171974522292,0.0124795368081311,0.3631268333333332,,,0.7727845839999645,
rate,50.0,4,autonanopore,default,,194,0,0,0.0,0.0,0.0,0.0,,,,,0.3382683569998335,
rate,50.0,4,autonanopore,tuned_global_f1,"{""window_size_ms"": 5, ""theta"": 0.5}",194,137,129,0.6649484536082474,0.9416058394160584,0.7794561933534743,0.8217522658610272,0.0144261738653976,0.3344484074624421,,,0.873554224000145,
rate,50.0,3,threshold+nanotrees,default,,186,187,186,1.0,0.9946524064171124,0.9973190348525468,0.9973190348525468,0.0134139303189145,0.0250919225914021,0.532258064516129,,5.4358490730001,
rate,50.0,3,threshold+nanotrees,tuned_global_f1,"{""k_sigma"": 5.0, ""smallest_sublevel_pa"": 80.0}",186,187,186,1.0,0.9946524064171124,0.9973190348525468,0.9973190348525468,0.0134139303189145,0.0250919225914021,0.532258064516129,,5.824616551999952,
rate,50.0,3,threshold+nanotrees,tuned_global_f1_x_level_acc,"{""k_sigma"": 5.0, ""smallest_sublevel_pa"": 20.0}",186,187,186,1.0,0.9946524064171124,0.9973190348525468,0.9973190348525468,0.0077059041348957,0.026736944842669,0.935483870967742,10.929593090791556,5.68129202900036,
rate,50.0,2,threshold+nanotrees,default,,211,211,211,1.0,1.0,1.0,1.0,0.0129447402256018,0.0239456736432005,0.5497630331753555,,6.011469734000002,
rate,50.0,2,threshold+nanotrees,tuned_global_f1,"{""k_sigma"": 5.0, ""smallest_sublevel_pa"": 80.0}",211,211,211,1.0,1.0,1.0,1.0,0.0129447402256018,0.0239456736432005,0.5497630331753555,,5.903358884999761,
rate,50.0,2,threshold+nanotrees,tuned_global_f1_x_level_acc,"{""k_sigma"": 5.0, ""smallest_sublevel_pa"": 20.0}",211,211,211,1.0,1.0,1.0,1.0,0.0053532441779047,0.025171806574688,0.957345971563981,14.024134333046057,6.295946126999752,
rate,50.0,4,threshold+nanotrees,default,,194,194,194,1.0,1.0,1.0,1.0,0.0141495091121523,0.0209918406256132,0.5154639175257731,,5.695665237999947,
rate,50.0,4,threshold+nanotrees,tuned_global_f1,"{""k_sigma"": 5.0, ""smallest_sublevel_pa"": 80.0}",194,194,194,1.0,1.0,1.0,1.0,0.0141495091121523,0.0209918406256132,0.5154639175257731,,5.735553641000024,
rate,50.0,4,threshold+nanotrees,tuned_global_f1_x_level_acc,"{""k_sigma"": 5.0, ""smallest_sublevel_pa"": 20.0}",194,194,194,1.0,1.0,1.0,1.0,0.0085081925671613,0.0243587942544985,0.9536082474226804,13.95115828506377,5.5582148620001135,
rate,200.0,0,nano_ext[dpgmm],default,,663,661,660,0.995475113122172,0.9984871406959152,0.9969788519637462,0.9969788519637462,0.0052037122070929,0.0280810356140137,0.7772727272727272,4.678726800655397,11.079324738000196,
rate,200.0,0,nano_ext[dpgmm],tuned_global_f1,"{""threshold_method"": ""dpgmm"", ""sublevel_method"": ""dpgmm"", ""min_event_duration_sec"": 1e-05, ""filter_cutoff"": 10000.0}",663,663,663,1.0,1.0,1.0,1.0,0.0196376630845243,0.045620468038267,0.6229260935143288,6.310519494401312,5.993184559999918,
rate,200.0,0,nano_ext[dpgmm],tuned_global_f1_x_level_acc,"{""threshold_method"": ""dpgmm"", ""sublevel_method"": ""dpgmm"", ""min_event_duration_sec"": 1e-05, ""filter_cutoff"": null}",663,665,663,1.0,0.9969924812030077,0.9984939759036144,0.9984939759036144,0.0052115295889173,0.0280858068719423,0.7767722473604827,4.678726800655397,11.369317608000074,
rate,200.0,1,nano_ext[dpgmm],default,,638,640,638,1.0,0.996875,0.9984350547730828,0.9984350547730828,0.0054191348928448,0.023591006684036,0.7664576802507836,5.174454284162522,11.135548693000146,
rate,200.0,1,nano_ext[dpgmm],tuned_global_f1,"{""threshold_method"": ""dpgmm"", ""sublevel_method"": ""dpgmm"", ""min_event_duration_sec"": 1e-05, ""filter_cutoff"": 10000.0}",638,638,638,1.0,1.0,1.0,1.0,0.0166709555858773,0.0406324680965141,0.6003134796238244,7.891288136052665,6.264259049999964,
rate,200.0,1,nano_ext[dpgmm],tuned_global_f1_x_level_acc,"{""threshold_method"": ""dpgmm"", ""sublevel_method"": ""dpgmm"", ""min_event_duration_sec"": 1e-05, ""filter_cutoff"": null}",638,640,638,1.0,0.996875,0.9984350547730828,0.9984350547730828,0.0054191348928448,0.023591006684036,0.7664576802507836,5.174454284162522,11.044809560999964,
rate,200.0,2,nano_ext[dpgmm],default,,632,632,632,1.0,1.0,1.0,1.0,0.0052265719988959,0.0253234252090318,0.7642405063291139,5.200900062840574,11.16824770700032,
rate,200.0,2,nano_ext[dpgmm],tuned_global_f1,"{""threshold_method"": ""dpgmm"", ""sublevel_method"": ""dpgmm"", ""min_event_duration_sec"": 1e-05, ""filter_cutoff"": 10000.0}",632,632,632,1.0,1.0,1.0,1.0,0.0175501334988914,0.0388239282355793,0.6408227848101266,8.075796733564289,6.532076951000363,
rate,200.0,2,nano_ext[dpgmm],tuned_global_f1_x_level_acc,"{""threshold_method"": ""dpgmm"", ""sublevel_method"": ""dpgmm"", ""min_event_duration_sec"": 1e-05, ""filter_cutoff"": null}",632,632,632,1.0,1.0,1.0,1.0,0.0052265719988959,0.0253234252090318,0.7642405063291139,5.200900062840574,10.827182691999951,
rate,200.0,3,nano_ext[dpgmm],default,,659,659,659,1.0,1.0,1.0,1.0,0.0054590907681278,0.0263027826944987,0.7860394537177542,5.00780738921236,11.082986916999744,
rate,200.0,3,nano_ext[dpgmm],tuned_global_f1,"{""threshold_method"": ""dpgmm"", ""sublevel_method"": ""dpgmm"", ""min_event_duration_sec"": 1e-05, ""filter_cutoff"": 10000.0}",659,659,659,1.0,1.0,1.0,1.0,0.0249555484817773,0.0455306303706882,0.644916540212443,8.462087836225152,6.51462188000005,
rate,200.0,3,nano_ext[dpgmm],tuned_global_f1_x_level_acc,"{""threshold_method"": ""dpgmm"", ""sublevel_method"": ""dpgmm"", ""min_event_duration_sec"": 1e-05, ""filter_cutoff"": null}",659,659,659,1.0,1.0,1.0,1.0,0.0054590907681278,0.0263027826944987,0.7860394537177542,5.00780738921236,11.100196227999731,
rate,200.0,4,nano_ext[dpgmm],default,,649,648,648,0.9984591679506932,1.0,0.9992289899768696,0.9992289899768696,0.0049667133974959,0.0256494204203287,0.779320987654321,3.8921014466342094,10.9261892049999,
rate,200.0,4,nano_ext[dpgmm],tuned_global_f1,"{""threshold_method"": ""dpgmm"", ""sublevel_method"": ""dpgmm"", ""min_event_duration_sec"": 1e-05, ""filter_cutoff"": 10000.0}",649,649,649,1.0,1.0,1.0,1.0,0.018788974629762,0.0417305375130877,0.613251155624037,8.882358327577666,6.527837692000048,
rate,200.0,4,nano_ext[dpgmm],tuned_global_f1_x_level_acc,"{""threshold_method"": ""dpgmm"", ""sublevel_method"": ""dpgmm"", ""min_event_duration_sec"": 1e-05, ""filter_cutoff"": null}",649,649,649,1.0,1.0,1.0,1.0,0.004982534485948,0.0257397333780924,0.7781201848998459,3.8921014466342094,11.895729128999848,
rate,200.0,0,nano_ext[gmm],default,,663,662,661,0.9969834087481146,0.9984894259818732,0.9977358490566036,0.9977358490566036,0.0053928215871289,0.0282975514729817,0.7413010590015129,5.707131177645763,27.73994946000039,
rate,200.0,0,nano_ext[gmm],tuned_global_f1,"{""threshold_method"": ""gmm"", ""sublevel_method"": ""gmm"", ""min_event_duration_sec"": 0.0001, ""filter_cutoff"": 10000.0}",663,663,663,1.0,1.0,1.0,1.0,0.0339657713726145,0.0536869049072265,0.5414781297134238,14.095745519804304,23.930430531000184,
rate,200.0,0,nano_ext[gmm],tuned_global_f1_x_level_acc,"{""threshold_method"": ""gmm"", ""sublevel_method"": ""gmm"", ""min_event_duration_sec"": 3e-05, ""filter_cutoff"": null}",663,665,663,1.0,0.9969924812030077,0.9984939759036144,0.9984939759036144,0.0054116495330187,0.0283114751180013,0.7405731523378583,5.707131177645763,27.46633048100012,
rate,200.0,2,nano_ext[gmm],default,,632,632,632,1.0,1.0,1.0,1.0,0.0053996930993759,0.0255203265352109,0.7294303797468354,3.9252190552341295,26.99367619099985,
rate,200.0,2,nano_ext[gmm],tuned_global_f1,"{""threshold_method"": ""gmm"", ""sublevel_method"": ""gmm"", ""min_event_duration_sec"": 0.0001, ""filter_cutoff"": 10000.0}",632,645,632,1.0,0.97984496124031,0.9898198903680502,0.9898198903680502,0.0584066990301288,0.0651146972929003,0.5300632911392406,13.62453591369217,23.62570108399996,
rate,200.0,2,nano_ext[gmm],tuned_global_f1_x_level_acc,"{""threshold_method"": ""gmm"", ""sublevel_method"": ""gmm"", ""min_event_duration_sec"": 3e-05, ""filter_cutoff"": null}",632,632,632,1.0,1.0,1.0,1.0,0.0053996930993759,0.0255203265352109,0.7294303797468354,3.9252190552341295,26.869501532999948,
rate,200.0,0,threshold,default,,663,668,662,0.9984917043740572,0.9910179640718564,0.9947407963936888,0.996243425995492,0.0121004084605553,0.0236263934989468,,,0.055539103999763,
rate,200.0,0,threshold,tuned_global_f1,"{""k_sigma"": 5.0, ""k_exit"": 0.5}",663,663,663,1.0,1.0,1.0,1.0,0.0206703260513956,0.0252772473825846,,,0.0479527930001495,
rate,200.0,1,threshold,default,,638,640,638,1.0,0.996875,0.9984350547730828,0.9984350547730828,0.0112501932698441,0.0212396502607476,,,0.0564438729998073,
rate,200.0,1,threshold,tuned_global_f1,"{""k_sigma"": 5.0, ""k_exit"": 0.5}",638,638,638,1.0,1.0,1.0,1.0,0.0181902290046009,0.0220988541305522,,,0.0478831069999614,
rate,200.0,1,nano_ext[gmm],default,,638,640,638,1.0,0.996875,0.9984350547730828,0.9984350547730828,0.0053546190169825,0.0237898055019472,0.7476489028213166,4.955171524656521,29.173829832000138,
rate,200.0,1,nano_ext[gmm],tuned_global_f1,"{""threshold_method"": ""gmm"", ""sublevel_method"": ""gmm"", ""min_event_duration_sec"": 0.0001, ""filter_cutoff"": 10000.0}",638,651,636,0.9968652037617556,0.976958525345622,0.9868114817688132,0.9883630721489528,0.0596263185638537,0.0690792111280051,0.4921383647798742,12.96334479405914,23.111554226999942,
rate,200.0,1,nano_ext[gmm],tuned_global_f1_x_level_acc,"{""threshold_method"": ""gmm"", ""sublevel_method"": ""gmm"", ""min_event_duration_sec"": 3e-05, ""filter_cutoff"": null}",638,640,638,1.0,0.996875,0.9984350547730828,0.9984350547730828,0.0053546190169825,0.0237898055019472,0.7476489028213166,4.955171524656521,27.75319618599997,
rate,200.0,2,threshold,default,,632,634,631,0.9984177215189872,0.995268138801262,0.9968404423380728,0.9984202211690364,0.0113883287069221,0.0229497674183966,,,0.0541818399997282,
rate,200.0,2,threshold,tuned_global_f1,"{""k_sigma"": 5.0, ""k_exit"": 0.5}",632,632,632,1.0,1.0,1.0,1.0,0.0193080895128104,0.0251084130882954,,,0.0490486069998041,
rate,200.0,4,threshold,default,,649,651,649,1.0,0.9969278033794164,0.9984615384615384,0.9984615384615384,0.0111432968960021,0.0227284168900939,,,0.0568278660002761,
rate,200.0,4,threshold,tuned_global_f1,"{""k_sigma"": 5.0, ""k_exit"": 0.5}",649,649,649,1.0,1.0,1.0,1.0,0.0178795759589337,0.0248876733104075,,,0.0492828070000541,
rate,200.0,3,threshold,default,,659,660,659,1.0,0.9984848484848484,0.9992418498862776,0.9992418498862776,0.0113007184851381,0.0273396165098372,,,0.0642251409999516,
rate,200.0,3,threshold,tuned_global_f1,"{""k_sigma"": 5.0, ""k_exit"": 0.5}",659,659,659,1.0,1.0,1.0,1.0,0.0189753516075472,0.026304868392614,,,0.0604510869998193,
rate,200.0,0,pelt,default,,663,664,663,1.0,0.9984939759036144,0.9992464204973625,0.9992464204973625,0.0023615428699992,0.02712008236211,0.971342383107089,3.055106022165077,5.762801535000108,
rate,200.0,0,pelt,tuned_global_f1,"{""penalty_factor"": 2.0, ""k_sigma"": 2.0}",663,663,663,1.0,1.0,1.0,1.0,0.0023016685731375,0.02712008236211,0.9969834087481146,3.046396984007771,6.255404108000221,
rate,200.0,0,pelt,tuned_global_f1_x_level_acc,"{""penalty_factor"": 2.0, ""k_sigma"": 2.0}",663,663,663,1.0,1.0,1.0,1.0,0.0023016685731375,0.02712008236211,0.9969834087481146,3.046396984007771,6.255404108000221,
rate,200.0,1,pelt,default,,638,638,638,1.0,1.0,1.0,1.0,0.0020960559421714,0.0231204983729948,0.974921630094044,3.168058595015566,6.208626018000359,
rate,200.0,1,pelt,tuned_global_f1,"{""penalty_factor"": 2.0, ""k_sigma"": 2.0}",638,638,638,1.0,1.0,1.0,1.0,0.0020850179907103,0.023160331800924,0.9984326018808778,3.152909417991623,5.964414804999706,
rate,200.0,1,pelt,tuned_global_f1_x_level_acc,"{""penalty_factor"": 2.0, ""k_sigma"": 2.0}",638,638,638,1.0,1.0,1.0,1.0,0.0020850179907103,0.023160331800924,0.9984326018808778,3.152909417991623,5.964414804999706,
rate,200.0,3,pelt,default,,659,659,659,1.0,1.0,1.0,1.0,0.0022286159043081,0.028619005054935,0.9802731411229136,2.7125891535195734,5.728223080000134,
rate,200.0,3,pelt,tuned_global_f1,"{""penalty_factor"": 2.0, ""k_sigma"": 2.0}",659,659,659,1.0,1.0,1.0,1.0,0.0022954246112279,0.028619005054935,0.9984825493171472,2.717945908892183,6.427259065999806,
rate,200.0,3,pelt,tuned_global_f1_x_level_acc,"{""penalty_factor"": 2.0, ""k_sigma"": 2.0}",659,659,659,1.0,1.0,1.0,1.0,0.0022954246112279,0.028619005054935,0.9984825493171472,2.717945908892183,6.427259065999806,
rate,200.0,2,pelt,default,,632,633,632,1.0,0.9984202211690364,0.999209486166008,0.999209486166008,0.0024607112703484,0.0251463222689478,0.9588607594936708,3.046308644588658,6.304036993999944,
rate,200.0,2,pelt,tuned_global_f1,"{""penalty_factor"": 2.0, ""k_sigma"": 2.0}",632,632,632,1.0,1.0,1.0,1.0,0.002480806491483,0.0249059181242677,0.9984177215189872,3.049459103524055,7.069789833999948,
rate,200.0,2,pelt,tuned_global_f1_x_level_acc,"{""penalty_factor"": 2.0, ""k_sigma"": 2.0}",632,632,632,1.0,1.0,1.0,1.0,0.002480806491483,0.0249059181242677,0.9984177215189872,3.049459103524055,7.069789833999948,
rate,200.0,3,nano_ext[gmm],default,,659,659,659,1.0,1.0,1.0,1.0,0.0054590907681278,0.0263027826944987,0.7556904400606981,5.316095652685426,26.964077852000173,
rate,200.0,3,nano_ext[gmm],tuned_global_f1,"{""threshold_method"": ""gmm"", ""sublevel_method"": ""gmm"", ""min_event_duration_sec"": 0.0001, ""filter_cutoff"": 10000.0}",659,954,653,0.9908952959028832,0.6844863731656184,0.809671419714817,0.8133911965282083,0.0837811650781753,0.0906682596259942,0.5467075038284839,15.73943254884469,26.200447627999893,
rate,200.0,3,nano_ext[gmm],tuned_global_f1_x_level_acc,"{""threshold_method"": ""gmm"", ""sublevel_method"": ""gmm"", ""min_event_duration_sec"": 3e-05, ""filter_cutoff"": null}",659,659,659,1.0,1.0,1.0,1.0,0.0054590907681278,0.0263027826944987,0.7556904400606981,5.316095652685426,28.34557817599989,
rate,200.0,4,pelt,default,,649,650,649,1.0,0.9984615384615384,0.9992301770592764,0.9992301770592764,0.0021356890586443,0.0251770246959922,0.9784283513097072,2.5706477746467726,5.9462776940004005,
rate,200.0,4,pelt,tuned_global_f1,"{""penalty_factor"": 2.0, ""k_sigma"": 2.0}",649,649,649,1.0,1.0,1.0,1.0,0.0021160793811068,0.0250489597044129,0.9969183359013868,2.5706477746467726,7.21464729399986,
rate,200.0,4,pelt,tuned_global_f1_x_level_acc,"{""penalty_factor"": 2.0, ""k_sigma"": 2.0}",649,649,649,1.0,1.0,1.0,1.0,0.0021160793811068,0.0250489597044129,0.9969183359013868,2.5706477746467726,7.21464729399986,
rate,200.0,0,mosaic,default,,663,129,100,0.1508295625942684,0.7751937984496124,0.2525252525252525,0.2828282828282828,0.005726422386355,0.0279954100185163,0.89,,7.509861692999948,
rate,200.0,0,mosaic,tuned_global_f1,"{""eventThreshold"": 3.0, ""StepSize"": 5.0}",663,577,488,0.7360482654600302,0.8457538994800693,0.7870967741935484,0.9306451612903226,0.0037756796725305,0.0330009104285873,0.8442622950819673,6.9339710990767855,6.304046529000061,
rate,200.0,0,mosaic,tuned_global_f1_x_level_acc,"{""eventThreshold"": 3.0, ""StepSize"": 5.0}",663,577,488,0.7360482654600302,0.8457538994800693,0.7870967741935484,0.9306451612903226,0.0037756796725305,0.0330009104285873,0.8442622950819673,6.9339710990767855,6.304046529000061,
rate,200.0,1,mosaic,default,,638,119,85,0.1332288401253918,0.7142857142857143,0.2245706737120211,0.2615587846763541,0.006365960783887,0.0271767700627483,0.9176470588235294,,7.893857483999909,
rate,200.0,1,mosaic,tuned_global_f1,"{""eventThreshold"": 3.0, ""StepSize"": 5.0}",638,563,494,0.774294670846395,0.8774422735346359,0.8226477935054122,0.9375520399666945,0.0036742167420645,0.0380648028325952,0.8421052631578947,6.187760267839515,6.08811038399972,
rate,200.0,1,mosaic,tuned_global_f1_x_level_acc,"{""eventThreshold"": 3.0, ""StepSize"": 5.0}",638,563,494,0.774294670846395,0.8774422735346359,0.8226477935054122,0.9375520399666945,0.0036742167420645,0.0380648028325952,0.8421052631578947,6.187760267839515,6.08811038399972,
rate,200.0,2,mosaic,default,,632,157,125,0.1977848101265822,0.7961783439490446,0.3168567807351077,0.3396704689480355,0.0101836770039028,0.0335915692939692,0.832,,8.63874032800004,
rate,200.0,2,mosaic,tuned_global_f1,"{""eventThreshold"": 3.0, ""StepSize"": 5.0}",632,580,518,0.819620253164557,0.8931034482758621,0.8547854785478548,0.9570957095709572,0.0030306274825608,0.0390227308010501,0.9131274131274132,5.8112231621221255,5.991605646999688,
rate,200.0,2,mosaic,tuned_global_f1_x_level_acc,"{""eventThreshold"": 3.0, ""StepSize"": 5.0}",632,580,518,0.819620253164557,0.8931034482758621,0.8547854785478548,0.9570957095709572,0.0030306274825608,0.0390227308010501,0.9131274131274132,5.8112231621221255,5.991605646999688,
rate,200.0,3,mosaic,default,,659,140,116,0.1760242792109256,0.8285714285714286,0.2903629536921152,0.3128911138923655,0.0085989263820573,0.0287374253227474,0.8620689655172413,,9.047933441000168,
rate,200.0,3,mosaic,tuned_global_f1,"{""eventThreshold"": 3.0, ""StepSize"": 5.0}",659,588,516,0.7830045523520486,0.8775510204081632,0.8275862068965517,0.943063352044908,0.0031361868897808,0.0398464937614815,0.874031007751938,5.760057847581379,6.206622455999877,
rate,200.0,3,mosaic,tuned_global_f1_x_level_acc,"{""eventThreshold"": 3.0, ""StepSize"": 5.0}",659,588,516,0.7830045523520486,0.8775510204081632,0.8275862068965517,0.943063352044908,0.0031361868897808,0.0398464937614815,0.874031007751938,5.760057847581379,6.206622455999877,
rate,200.0,4,mosaic,default,,649,103,71,0.1093990755007704,0.6893203883495146,0.1888297872340425,0.2180851063829787,0.0345149079724845,0.0350521011756389,0.9014084507042254,,9.927975099000378,
rate,200.0,4,mosaic,tuned_global_f1,"{""eventThreshold"": 3.0, ""StepSize"": 5.0}",649,564,481,0.7411402157164869,0.8528368794326241,0.7930750206100577,0.9299258037922506,0.0034104801325023,0.0352207004372796,0.8565488565488566,6.632343263701657,6.14532185500002,
rate,200.0,4,mosaic,tuned_global_f1_x_level_acc,"{""eventThreshold"": 3.0, ""StepSize"": 5.0}",649,564,481,0.7411402157164869,0.8528368794326241,0.7930750206100577,0.9299258037922506,0.0034104801325023,0.0352207004372796,0.8565488565488566,6.632343263701657,6.14532185500002,
rate,200.0,4,nano_ext[gmm],default,,649,648,648,0.9984591679506932,1.0,0.9992289899768696,0.9992289899768696,0.0050974246593849,0.0257465506159334,0.7283950617283951,5.287486255833862,28.16659795099985,
rate,200.0,4,nano_ext[gmm],tuned_global_f1,"{""threshold_method"": ""gmm"", ""sublevel_method"": ""gmm"", ""min_event_duration_sec"": 0.0001, ""filter_cutoff"": 10000.0}",649,666,648,0.9984591679506932,0.972972972972973,0.9855513307984792,0.9855513307984792,0.0626420020885697,0.0710563231354096,0.5462962962962963,13.408043878407328,24.149399556999924,
rate,200.0,4,nano_ext[gmm],tuned_global_f1_x_level_acc,"{""threshold_method"": ""gmm"", ""sublevel_method"": ""gmm"", ""min_event_duration_sec"": 3e-05, ""filter_cutoff"": null}",649,649,649,1.0,1.0,1.0,1.0,0.0051139548356867,0.0257533678537743,0.7272727272727273,5.287486255833862,28.19124421300012,
rate,200.0,0,threshold+nanotrees,default,,663,668,662,0.9984917043740572,0.9910179640718564,0.9947407963936888,0.996243425995492,0.0121004084605553,0.0236263934989468,0.5045317220543807,,16.234491391999654,
rate,200.0,0,threshold+nanotrees,tuned_global_f1,"{""k_sigma"": 5.0, ""smallest_sublevel_pa"": 80.0}",663,668,662,0.9984917043740572,0.9910179640718564,0.9947407963936888,0.996243425995492,0.0121004084605553,0.0236263934989468,0.5045317220543807,,16.010829096999714,
rate,200.0,0,threshold+nanotrees,tuned_global_f1_x_level_acc,"{""k_sigma"": 5.0, ""smallest_sublevel_pa"": 20.0}",663,668,662,0.9984917043740572,0.9910179640718564,0.9947407963936888,0.996243425995492,0.00674589933617,0.0275815207382611,0.9531722054380664,11.003920298069405,15.53885132600044,
rate,200.0,1,threshold+nanotrees,default,,638,640,638,1.0,0.996875,0.9984350547730828,0.9984350547730828,0.0112501932698441,0.0212396502607476,0.4858934169278996,,14.980844214999706,
rate,200.0,1,threshold+nanotrees,tuned_global_f1,"{""k_sigma"": 5.0, ""smallest_sublevel_pa"": 80.0}",638,640,638,1.0,0.996875,0.9984350547730828,0.9984350547730828,0.0112501932698441,0.0212396502607476,0.4858934169278996,,14.555337968000003,
rate,200.0,1,threshold+nanotrees,tuned_global_f1_x_level_acc,"{""k_sigma"": 5.0, ""smallest_sublevel_pa"": 20.0}",638,640,637,0.9984326018808778,0.9953125,0.9968701095461658,0.9984350547730828,0.0064940628345213,0.0256952778505421,0.9497645211930926,10.99750623642648,15.426359251000122,
rate,200.0,0,autonanopore,default,,663,0,0,0.0,0.0,0.0,0.0,,,,,0.4048079259996484,
rate,200.0,0,autonanopore,tuned_global_f1,"{""window_size_ms"": 5, ""theta"": 0.5}",663,0,0,0.0,0.0,0.0,0.0,,,,,0.8827152200001365,
rate,200.0,1,autonanopore,default,,638,0,0,0.0,0.0,0.0,0.0,,,,,0.3620411530000638,
rate,200.0,1,autonanopore,tuned_global_f1,"{""window_size_ms"": 5, ""theta"": 0.5}",638,0,0,0.0,0.0,0.0,0.0,,,,,0.8804342280000128,
rate,200.0,2,threshold+nanotrees,default,,632,634,631,0.9984177215189872,0.995268138801262,0.9968404423380728,0.9984202211690364,0.0113883287069221,0.0229497674183966,0.5404120443740095,,15.695820294999976,
rate,200.0,2,threshold+nanotrees,tuned_global_f1,"{""k_sigma"": 5.0, ""smallest_sublevel_pa"": 80.0}",632,634,631,0.9984177215189872,0.995268138801262,0.9968404423380728,0.9984202211690364,0.0113883287069221,0.0229497674183966,0.5404120443740095,,14.806300738000118,
rate,200.0,2,threshold+nanotrees,tuned_global_f1_x_level_acc,"{""k_sigma"": 5.0, ""smallest_sublevel_pa"": 20.0}",632,634,631,0.9984177215189872,0.995268138801262,0.9968404423380728,0.9984202211690364,0.0074699326746075,0.0250326262658954,0.9556259904912836,13.166434791211934,15.170446604000064,
rate,200.0,2,autonanopore,default,,632,0,0,0.0,0.0,0.0,0.0,,,,,0.3948641120000502,
rate,200.0,2,autonanopore,tuned_global_f1,"{""window_size_ms"": 5, ""theta"": 0.5}",632,0,0,0.0,0.0,0.0,0.0,,,,,0.8851476599998023,
rate,200.0,3,autonanopore,default,,659,0,0,0.0,0.0,0.0,0.0,,,,,0.265857708999647,
rate,200.0,3,autonanopore,tuned_global_f1,"{""window_size_ms"": 5, ""theta"": 0.5}",659,0,0,0.0,0.0,0.0,0.0,,,,,0.8283606740001233,
rate,200.0,4,autonanopore,default,,649,0,0,0.0,0.0,0.0,0.0,,,,,0.3021500650002053,
rate,200.0,4,autonanopore,tuned_global_f1,"{""window_size_ms"": 5, ""theta"": 0.5}",649,0,0,0.0,0.0,0.0,0.0,,,,,0.8273882469998171,
rate,200.0,3,threshold+nanotrees,default,,659,660,659,1.0,0.9984848484848484,0.9992418498862776,0.9992418498862776,0.0113007184851381,0.0273396165098372,0.5007587253414264,,15.469895871000062,
rate,200.0,3,threshold+nanotrees,tuned_global_f1,"{""k_sigma"": 5.0, ""smallest_sublevel_pa"": 80.0}",659,660,659,1.0,0.9984848484848484,0.9992418498862776,0.9992418498862776,0.0113007184851381,0.0273396165098372,0.5007587253414264,,16.016195149000396,
rate,200.0,3,threshold+nanotrees,tuned_global_f1_x_level_acc,"{""k_sigma"": 5.0, ""smallest_sublevel_pa"": 20.0}",659,660,658,0.9984825493171472,0.996969696969697,0.9977255496588324,0.9992418498862776,0.0063391521788752,0.0253654780479525,0.9620060790273556,12.03065826471672,16.09282370899973,
rate,200.0,4,threshold+nanotrees,default,,649,651,649,1.0,0.9969278033794164,0.9984615384615384,0.9984615384615384,0.0111432968960021,0.0227284168900939,0.4899845916795069,,15.26750072699997,
rate,200.0,4,threshold+nanotrees,tuned_global_f1,"{""k_sigma"": 5.0, ""smallest_sublevel_pa"": 80.0}",649,651,649,1.0,0.9969278033794164,0.9984615384615384,0.9984615384615384,0.0111432968960021,0.0227284168900939,0.4899845916795069,,14.75070170700019,
rate,200.0,4,threshold+nanotrees,tuned_global_f1_x_level_acc,"{""k_sigma"": 5.0, ""smallest_sublevel_pa"": 20.0}",649,651,648,0.9984591679506932,0.9953917050691244,0.9969230769230768,0.9984615384615384,0.0072714160832387,0.0266951250043181,0.9521604938271604,12.053497645159172,14.626177002000077,
cutoff,10000.0,0,nano_ext[dpgmm],default,,177,205,162,0.9152542372881356,0.7902439024390244,0.8481675392670157,0.9162303664921466,0.017413895071373,0.0411447100596269,0.5987654320987654,9.744157612290303,6.603139425000336,
cutoff,10000.0,0,nano_ext[dpgmm],tuned_global_f1,"{""threshold_method"": ""dpgmm"", ""sublevel_method"": ""dpgmm"", ""min_event_duration_sec"": 1e-05, ""filter_cutoff"": 10000.0}",177,177,177,1.0,1.0,1.0,1.0,0.0130147968348473,0.0355412165323894,0.6045197740112994,8.879252432425488,4.798416671999803,
cutoff,10000.0,0,nano_ext[dpgmm],tuned_global_f1_x_level_acc,"{""threshold_method"": ""dpgmm"", ""sublevel_method"": ""dpgmm"", ""min_event_duration_sec"": 1e-05, ""filter_cutoff"": null}",177,253,164,0.9265536723163842,0.6482213438735178,0.7627906976744186,0.8232558139534883,0.0185092347527868,0.0417909515655677,0.5975609756097561,9.744157612290303,6.146809482999743,
cutoff,10000.0,1,nano_ext[dpgmm],default,,186,203,180,0.967741935483871,0.8866995073891626,0.9254498714652956,0.9562982005141388,0.0157283485291043,0.035668338343403,0.5944444444444444,13.08439491154445,6.9637913560000015,
cutoff,10000.0,1,nano_ext[dpgmm],tuned_global_f1,"{""threshold_method"": ""dpgmm"", ""sublevel_method"": ""dpgmm"", ""min_event_duration_sec"": 1e-05, ""filter_cutoff"": 10000.0}",186,186,186,1.0,1.0,1.0,1.0,0.0117620160010474,0.0315455436706543,0.543010752688172,9.049088939727667,5.307486933999826,
cutoff,10000.0,1,nano_ext[dpgmm],tuned_global_f1_x_level_acc,"{""threshold_method"": ""dpgmm"", ""sublevel_method"": ""dpgmm"", ""min_event_duration_sec"": 1e-05, ""filter_cutoff"": null}",186,251,180,0.967741935483871,0.7171314741035857,0.8237986270022883,0.851258581235698,0.0157283485291043,0.035668338343403,0.5944444444444444,13.08439491154445,6.360472906999348,
cutoff,10000.0,3,nano_ext[dpgmm],default,,186,204,179,0.9623655913978496,0.8774509803921569,0.917948717948718,0.953846153846154,0.0164954613440375,0.0321107864379882,0.6312849162011173,13.01514315310559,8.240088915001252,
cutoff,10000.0,3,nano_ext[dpgmm],tuned_global_f1,"{""threshold_method"": ""dpgmm"", ""sublevel_method"": ""dpgmm"", ""min_event_duration_sec"": 1e-05, ""filter_cutoff"": 10000.0}",186,186,186,1.0,1.0,1.0,1.0,0.0123858014160267,0.0347310424942401,0.5698924731182796,8.87180618169836,5.30198877300063,
cutoff,10000.0,3,nano_ext[dpgmm],tuned_global_f1_x_level_acc,"{""threshold_method"": ""dpgmm"", ""sublevel_method"": ""dpgmm"", ""min_event_duration_sec"": 1e-05, ""filter_cutoff"": null}",186,257,179,0.9623655913978496,0.6964980544747081,0.8081264108352144,0.8397291196388261,0.0164954613440375,0.0321107864379882,0.6312849162011173,13.01514315310559,5.973250449000261,
cutoff,10000.0,2,nano_ext[dpgmm],default,,211,233,190,0.9004739336492891,0.8154506437768241,0.8558558558558559,0.9369369369369368,0.0123093570585891,0.0391651153564453,0.6631578947368421,3.9630341240881606,8.836058991000755,
cutoff,10000.0,2,nano_ext[dpgmm],tuned_global_f1,"{""threshold_method"": ""dpgmm"", ""sublevel_method"": ""dpgmm"", ""min_event_duration_sec"": 1e-05, ""filter_cutoff"": 10000.0}",211,211,211,1.0,1.0,1.0,1.0,0.0129019418718629,0.037333869934082,0.6066350710900474,4.558191117776111,4.6221227280002495,
cutoff,10000.0,2,nano_ext[dpgmm],tuned_global_f1_x_level_acc,"{""threshold_method"": ""dpgmm"", ""sublevel_method"": ""dpgmm"", ""min_event_duration_sec"": 1e-05, ""filter_cutoff"": null}",211,313,191,0.90521327014218,0.610223642172524,0.7290076335877864,0.8053435114503816,0.012312912027749,0.0399358749389648,0.6596858638743456,3.9630341240881606,6.850051899000391,
cutoff,10000.0,4,nano_ext[dpgmm],default,,194,223,181,0.9329896907216496,0.8116591928251121,0.8681055155875299,0.9256594724220624,0.0140277897967106,0.0349976221720377,0.6464088397790055,8.556586647293084,7.096735256998727,
cutoff,10000.0,4,nano_ext[dpgmm],tuned_global_f1,"{""threshold_method"": ""dpgmm"", ""sublevel_method"": ""dpgmm"", ""min_event_duration_sec"": 1e-05, ""filter_cutoff"": 10000.0}",194,194,194,1.0,1.0,1.0,1.0,0.0113838325789931,0.0309107780456542,0.6030927835051546,8.623553098274783,5.507813062999048,
cutoff,10000.0,4,nano_ext[dpgmm],tuned_global_f1_x_level_acc,"{""threshold_method"": ""dpgmm"", ""sublevel_method"": ""dpgmm"", ""min_event_duration_sec"": 1e-05, ""filter_cutoff"": null}",194,268,182,0.9381443298969072,0.6791044776119403,0.7878787878787878,0.8398268398268398,0.0141901964732119,0.0350763003031412,0.6428571428571429,8.556586647293084,6.585179391000565,
cutoff,10000.0,0,nano_ext[gmm],default,,177,175,175,0.9887005649717514,1.0,0.994318181818182,0.994318181818182,0.0173180800714788,0.0385135650634765,0.6571428571428571,16.352081114168193,14.713662460000704,
cutoff,10000.0,0,nano_ext[gmm],tuned_global_f1,"{""threshold_method"": ""gmm"", ""sublevel_method"": ""gmm"", ""min_event_duration_sec"": 0.0001, ""filter_cutoff"": 10000.0}",177,177,177,1.0,1.0,1.0,1.0,0.0152502510663843,0.0385735829671224,0.5141242937853108,10.986256645750814,14.606358932000148,
cutoff,10000.0,0,nano_ext[gmm],tuned_global_f1_x_level_acc,"{""threshold_method"": ""gmm"", ""sublevel_method"": ""gmm"", ""min_event_duration_sec"": 3e-05, ""filter_cutoff"": null}",177,416,177,1.0,0.4254807692307692,0.596964586846543,0.596964586846543,0.0173229254060196,0.0385135650634765,0.655367231638418,16.352081114168193,17.568741282999326,
cutoff,10000.0,1,nano_ext[gmm],default,,186,186,186,1.0,1.0,1.0,1.0,0.0144126332788128,0.0306242903008256,0.7096774193548387,9.583622298747764,16.53054101700036,
cutoff,10000.0,1,nano_ext[gmm],tuned_global_f1,"{""threshold_method"": ""gmm"", ""sublevel_method"": ""gmm"", ""min_event_duration_sec"": 0.0001, ""filter_cutoff"": 10000.0}",186,197,186,1.0,0.9441624365482234,0.9712793733681464,0.9712793733681464,0.0429674271603747,0.0538143184018847,0.5591397849462365,7.663345518653386,14.118179597000562,
cutoff,10000.0,1,nano_ext[gmm],tuned_global_f1_x_level_acc,"{""threshold_method"": ""gmm"", ""sublevel_method"": ""gmm"", ""min_event_duration_sec"": 3e-05, ""filter_cutoff"": null}",186,440,186,1.0,0.4227272727272727,0.5942492012779552,0.5942492012779552,0.0144126332788128,0.0306242903008256,0.7096774193548387,9.583622298747764,17.122088637999695,
cutoff,10000.0,0,threshold,default,,177,178,177,1.0,0.99438202247191,0.9971830985915492,0.9971830985915492,0.0468279006576079,0.0325216655849858,,,0.1434641639989422,
cutoff,10000.0,0,threshold,tuned_global_f1,"{""k_sigma"": 5.0, ""k_exit"": 0.5}",177,178,177,1.0,0.99438202247191,0.9971830985915492,0.9971830985915492,0.0686282716731233,0.0440884042591449,,,0.0640065699990373,
cutoff,10000.0,1,threshold,default,,186,186,186,1.0,1.0,1.0,1.0,0.0376421347014038,0.0247150077443665,,,0.0728886720007722,
cutoff,10000.0,1,threshold,tuned_global_f1,"{""k_sigma"": 5.0, ""k_exit"": 0.5}",186,186,186,1.0,1.0,1.0,1.0,0.0672472736018334,0.0449306683762165,,,0.0678069619989401,
cutoff,10000.0,2,threshold,default,,211,211,211,1.0,1.0,1.0,1.0,0.042099450070065,0.0367117442987831,,,0.069429780000064,
cutoff,10000.0,2,threshold,tuned_global_f1,"{""k_sigma"": 5.0, ""k_exit"": 0.5}",211,211,211,1.0,1.0,1.0,1.0,0.0604410931738155,0.0459320341559241,,,0.0702810990005673,
cutoff,10000.0,3,threshold,default,,186,186,186,1.0,1.0,1.0,1.0,0.0390210749306277,0.0285875758745744,,,0.0675180979997094,
cutoff,10000.0,3,threshold,tuned_global_f1,"{""k_sigma"": 5.0, ""k_exit"": 0.5}",186,186,185,0.9946236559139784,0.9946236559139784,0.9946236559139784,1.0,0.0647798945935825,0.0368524002407421,,,0.0634393119999003,
cutoff,10000.0,4,threshold,default,,194,194,194,1.0,1.0,1.0,1.0,0.0417207942517022,0.0345944858537195,,,0.0728810399996291,
cutoff,10000.0,4,threshold,tuned_global_f1,"{""k_sigma"": 5.0, ""k_exit"": 0.5}",194,194,193,0.9948453608247424,0.9948453608247424,0.9948453608247424,1.0,0.0672833865854986,0.0454999765674683,,,0.054677398999047,
cutoff,10000.0,2,nano_ext[gmm],default,,211,211,211,1.0,1.0,1.0,1.0,0.0171058683285855,0.0338558197021484,0.6966824644549763,8.26718726348874,18.844416443000227,
cutoff,10000.0,2,nano_ext[gmm],tuned_global_f1,"{""threshold_method"": ""gmm"", ""sublevel_method"": ""gmm"", ""min_event_duration_sec"": 0.0001, ""filter_cutoff"": 10000.0}",211,1632,207,0.981042654028436,0.1268382352941176,0.224633749321758,0.2289744981009224,0.1150125468480224,0.1182749430338541,0.5072463768115942,17.455382949616016,17.310702862001563,
cutoff,10000.0,2,nano_ext[gmm],tuned_global_f1_x_level_acc,"{""threshold_method"": ""gmm"", ""sublevel_method"": ""gmm"", ""min_event_duration_sec"": 3e-05, ""filter_cutoff"": null}",211,422,211,1.0,0.5,0.6666666666666666,0.6666666666666666,0.0171058683285855,0.0338558197021484,0.6966824644549763,8.26718726348874,18.53170339999997,
cutoff,10000.0,0,pelt,default,,177,201,177,1.0,0.8805970149253731,0.9365079365079364,0.9365079365079364,0.0101193664481426,0.0381071581374065,0.1129943502824858,12.436068439036774,2.669713054001477,
cutoff,10000.0,0,pelt,tuned_global_f1,"{""penalty_factor"": 2.0, ""k_sigma"": 2.0}",177,236,177,1.0,0.75,0.8571428571428571,0.8571428571428571,0.0062257648205604,0.0422402623581831,0.751412429378531,9.034074068825504,11.429799843999715,
cutoff,10000.0,0,pelt,tuned_global_f1_x_level_acc,"{""penalty_factor"": 2.0, ""k_sigma"": 2.0}",177,236,177,1.0,0.75,0.8571428571428571,0.8571428571428571,0.0062257648205604,0.0422402623581831,0.751412429378531,9.034074068825504,11.429799843999715,
cutoff,10000.0,3,nano_ext[gmm],default,,186,186,186,1.0,1.0,1.0,1.0,0.0175278587501026,0.0333316802978516,0.6881720430107527,15.032810531390162,17.690489316999447,
cutoff,10000.0,3,nano_ext[gmm],tuned_global_f1,"{""threshold_method"": ""gmm"", ""sublevel_method"": ""gmm"", ""min_event_duration_sec"": 0.0001, ""filter_cutoff"": 10000.0}",186,201,186,1.0,0.9253731343283582,0.9612403100775194,0.9612403100775194,0.0451443762297917,0.0547790989018612,0.5161290322580645,20.201343991166357,15.905088985000477,
cutoff,10000.0,3,nano_ext[gmm],tuned_global_f1_x_level_acc,"{""threshold_method"": ""gmm"", ""sublevel_method"": ""gmm"", ""min_event_duration_sec"": 3e-05, ""filter_cutoff"": null}",186,498,186,1.0,0.3734939759036144,0.543859649122807,0.543859649122807,0.0175278587501026,0.0333316802978516,0.6881720430107527,15.032810531390162,16.08142380299978,
cutoff,10000.0,1,pelt,default,,186,204,186,1.0,0.9117647058823528,0.953846153846154,0.953846153846154,0.0091952470637813,0.0290713114483061,0.0806451612903225,17.795548315824306,2.623366891000842,
cutoff,10000.0,1,pelt,tuned_global_f1,"{""penalty_factor"": 2.0, ""k_sigma"": 2.0}",186,241,186,1.0,0.7717842323651453,0.8711943793911008,0.8711943793911008,0.006670329541156,0.0297119712409436,0.7473118279569892,8.997899295870582,11.222569834999376,
cutoff,10000.0,1,pelt,tuned_global_f1_x_level_acc,"{""penalty_factor"": 2.0, ""k_sigma"": 2.0}",186,241,186,1.0,0.7717842323651453,0.8711943793911008,0.8711943793911008,0.006670329541156,0.0297119712409436,0.7473118279569892,8.997899295870582,11.222569834999376,
cutoff,10000.0,2,pelt,default,,211,222,211,1.0,0.9504504504504504,0.97459584295612,0.97459584295612,0.0107902223353893,0.0331510404485213,0.0995260663507109,13.483679997594589,2.3417041749999044,
cutoff,10000.0,2,pelt,tuned_global_f1,"{""penalty_factor"": 2.0, ""k_sigma"": 2.0}",211,262,211,1.0,0.8053435114503816,0.8921775898520083,0.8921775898520083,0.0064155703418378,0.0343337457796389,0.7440758293838863,7.882878647169633,9.980877247000535,
cutoff,10000.0,2,pelt,tuned_global_f1_x_level_acc,"{""penalty_factor"": 2.0, ""k_sigma"": 2.0}",211,262,211,1.0,0.8053435114503816,0.8921775898520083,0.8921775898520083,0.0064155703418378,0.0343337457796389,0.7440758293838863,7.882878647169633,9.980877247000535,
cutoff,10000.0,4,pelt,default,,194,205,193,0.9948453608247424,0.9414634146341464,0.9674185463659148,0.9724310776942356,0.0101938030553902,0.0300053710260459,0.1398963730569948,7.569175999311284,2.207576364000488,
cutoff,10000.0,4,pelt,tuned_global_f1,"{""penalty_factor"": 2.0, ""k_sigma"": 2.0}",194,260,194,1.0,0.7461538461538462,0.8546255506607929,0.8546255506607929,0.0058772252706901,0.0336698194916621,0.711340206185567,7.1976530582329445,10.92258741600017,
cutoff,10000.0,4,pelt,tuned_global_f1_x_level_acc,"{""penalty_factor"": 2.0, ""k_sigma"": 2.0}",194,260,194,1.0,0.7461538461538462,0.8546255506607929,0.8546255506607929,0.0058772252706901,0.0336698194916621,0.711340206185567,7.1976530582329445,10.92258741600017,
cutoff,10000.0,3,pelt,default,,186,200,186,1.0,0.93,0.9637305699481864,0.9637305699481864,0.0108042839640873,0.0316135454896299,0.1182795698924731,11.415011578780332,2.2116836460008926,
cutoff,10000.0,3,pelt,tuned_global_f1,"{""penalty_factor"": 2.0, ""k_sigma"": 2.0}",186,232,186,1.0,0.8017241379310345,0.8899521531100478,0.8899521531100478,0.0066442832147276,0.0325704840343331,0.7096774193548387,9.09431730133914,12.814459139000974,
cutoff,10000.0,3,pelt,tuned_global_f1_x_level_acc,"{""penalty_factor"": 2.0, ""k_sigma"": 2.0}",186,232,186,1.0,0.8017241379310345,0.8899521531100478,0.8899521531100478,0.0066442832147276,0.0325704840343331,0.7096774193548387,9.09431730133914,12.814459139000974,
cutoff,10000.0,0,mosaic,default,,177,96,57,0.3220338983050847,0.59375,0.4175824175824175,0.63003663003663,0.0135739030712331,0.0396131138904976,0.8421052631578947,132.7045315285269,3.783390467999197,
cutoff,10000.0,0,mosaic,tuned_global_f1,"{""eventThreshold"": 3.0, ""StepSize"": 5.0}",177,167,153,0.864406779661017,0.9161676646706588,0.8895348837209303,0.9651162790697674,0.007652651598185,0.051860372543733,0.8431372549019608,9.11123875868558,3.5406911580012093,
cutoff,10000.0,0,mosaic,tuned_global_f1_x_level_acc,"{""eventThreshold"": 3.0, ""StepSize"": 5.0}",177,167,153,0.864406779661017,0.9161676646706588,0.8895348837209303,0.9651162790697674,0.007652651598185,0.051860372543733,0.8431372549019608,9.11123875868558,3.5406911580012093,
cutoff,10000.0,1,mosaic,default,,186,97,59,0.3172043010752688,0.6082474226804123,0.4169611307420494,0.5936395759717314,0.0221410349452385,0.047875589899382,0.847457627118644,227.24632589898877,3.781599390998963,
cutoff,10000.0,1,mosaic,tuned_global_f1,"{""eventThreshold"": 3.0, ""StepSize"": 5.0}",186,177,167,0.8978494623655914,0.943502824858757,0.9201101928374656,0.9696969696969696,0.0080848867594808,0.0619254654216625,0.8143712574850299,10.877110563550785,3.533233365998967,
cutoff,10000.0,1,mosaic,tuned_global_f1_x_level_acc,"{""eventThreshold"": 3.0, ""StepSize"": 5.0}",186,177,167,0.8978494623655914,0.943502824858757,0.9201101928374656,0.9696969696969696,0.0080848867594808,0.0619254654216625,0.8143712574850299,10.877110563550785,3.533233365998967,
cutoff,10000.0,2,mosaic,default,,211,122,93,0.4407582938388625,0.7622950819672131,0.5585585585585585,0.6486486486486486,0.0101193971605813,0.0482260265935594,0.7419354838709677,197.23764093848573,4.018186839000919,
cutoff,10000.0,2,mosaic,tuned_global_f1,"{""eventThreshold"": 3.0, ""StepSize"": 5.0}",211,206,190,0.9004739336492891,0.9223300970873788,0.9112709832134294,0.9784172661870504,0.0066887183521476,0.0552199990534457,0.8842105263157894,12.617694710392868,4.603559375000259,
cutoff,10000.0,2,mosaic,tuned_global_f1_x_level_acc,"{""eventThreshold"": 3.0, ""StepSize"": 5.0}",211,206,190,0.9004739336492891,0.9223300970873788,0.9112709832134294,0.9784172661870504,0.0066887183521476,0.0552199990534457,0.8842105263157894,12.617694710392868,4.603559375000259,
cutoff,10000.0,3,mosaic,default,,186,120,84,0.4516129032258064,0.7,0.5490196078431372,0.7124183006535949,0.0090812797188116,0.0584116194419425,0.7619047619047619,,3.6278736969998135,
cutoff,10000.0,3,mosaic,tuned_global_f1,"{""eventThreshold"": 3.0, ""StepSize"": 5.0}",186,184,169,0.9086021505376344,0.9184782608695652,0.9135135135135136,0.9837837837837836,0.0080929796652829,0.0612040631229811,0.8994082840236687,11.78732861850662,4.9576608389998,
cutoff,10000.0,3,mosaic,tuned_global_f1_x_level_acc,"{""eventThreshold"": 3.0, ""StepSize"": 5.0}",186,184,169,0.9086021505376344,0.9184782608695652,0.9135135135135136,0.9837837837837836,0.0080929796652829,0.0612040631229811,0.8994082840236687,11.78732861850662,4.9576608389998,
cutoff,10000.0,4,nano_ext[gmm],default,,194,193,193,0.9948453608247424,1.0,0.9974160206718348,0.9974160206718348,0.0097092415448121,0.0289917725917184,0.7512953367875648,9.423178245260289,16.156630788000257,
cutoff,10000.0,4,nano_ext[gmm],tuned_global_f1,"{""threshold_method"": ""gmm"", ""sublevel_method"": ""gmm"", ""min_event_duration_sec"": 0.0001, ""filter_cutoff"": 10000.0}",194,194,194,1.0,1.0,1.0,1.0,0.0142639652027545,0.0358113252395218,0.5876288659793815,21.83956992574121,14.223297358999844,
cutoff,10000.0,4,nano_ext[gmm],tuned_global_f1_x_level_acc,"{""threshold_method"": ""gmm"", ""sublevel_method"": ""gmm"", ""min_event_duration_sec"": 3e-05, ""filter_cutoff"": null}",194,212,194,1.0,0.9150943396226416,0.955665024630542,0.955665024630542,0.0098440241558142,0.0291278570193293,0.7474226804123711,9.423178245260289,17.882324946000153,
cutoff,10000.0,4,mosaic,default,,194,113,78,0.4020618556701031,0.6902654867256637,0.50814332247557,0.6644951140065147,0.0144373852517693,0.0412111182278338,0.7564102564102564,779.925133343129,3.787144326999624,
cutoff,10000.0,4,mosaic,tuned_global_f1,"{""eventThreshold"": 3.0, ""StepSize"": 5.0}",194,185,177,0.9123711340206184,0.9567567567567568,0.9340369393139842,0.9709762532981532,0.0075664178655807,0.0533342215582891,0.8926553672316384,8.79820906685147,3.055167729000459,
cutoff,10000.0,4,mosaic,tuned_global_f1_x_level_acc,"{""eventThreshold"": 3.0, ""StepSize"": 5.0}",194,185,177,0.9123711340206184,0.9567567567567568,0.9340369393139842,0.9709762532981532,0.0075664178655807,0.0533342215582891,0.8926553672316384,8.79820906685147,3.055167729000459,
cutoff,10000.0,0,threshold+nanotrees,default,,177,178,177,1.0,0.99438202247191,0.9971830985915492,0.9971830985915492,0.0468279006576079,0.0325216655849858,0.4971751412429379,,7.692727415000263,
cutoff,10000.0,0,threshold+nanotrees,tuned_global_f1,"{""k_sigma"": 5.0, ""smallest_sublevel_pa"": 80.0}",177,178,177,1.0,0.99438202247191,0.9971830985915492,0.9971830985915492,0.0468279006576079,0.0325216655849858,0.4971751412429379,,6.609063261001211,
cutoff,10000.0,0,threshold+nanotrees,tuned_global_f1_x_level_acc,"{""k_sigma"": 5.0, ""smallest_sublevel_pa"": 20.0}",177,178,174,0.9830508474576272,0.9775280898876404,0.9802816901408452,0.9971830985915492,0.0192796786948627,0.0452562126737472,0.8218390804597702,31.10012488893865,6.550314522999543,
cutoff,10000.0,1,threshold+nanotrees,default,,186,186,186,1.0,1.0,1.0,1.0,0.0376421347014038,0.0247150077443665,0.521505376344086,,6.744127195001056,
cutoff,10000.0,1,threshold+nanotrees,tuned_global_f1,"{""k_sigma"": 5.0, ""smallest_sublevel_pa"": 80.0}",186,186,186,1.0,1.0,1.0,1.0,0.0376421347014038,0.0247150077443665,0.521505376344086,,6.584720658000151,
cutoff,10000.0,1,threshold+nanotrees,tuned_global_f1_x_level_acc,"{""k_sigma"": 5.0, ""smallest_sublevel_pa"": 20.0}",186,186,184,0.989247311827957,0.989247311827957,0.989247311827957,1.0,0.0181635708554488,0.0430688301382863,0.8695652173913043,28.40734845488413,7.085142358000667,
cutoff,10000.0,2,threshold+nanotrees,default,,211,211,211,1.0,1.0,1.0,1.0,0.042099450070065,0.0367117442987831,0.5497630331753555,,7.674478059998364,
cutoff,10000.0,2,threshold+nanotrees,tuned_global_f1,"{""k_sigma"": 5.0, ""smallest_sublevel_pa"": 80.0}",211,211,211,1.0,1.0,1.0,1.0,0.042099450070065,0.0367117442987831,0.5497630331753555,,6.861401354999543,
cutoff,10000.0,2,threshold+nanotrees,tuned_global_f1_x_level_acc,"{""k_sigma"": 5.0, ""smallest_sublevel_pa"": 20.0}",211,211,209,0.990521327014218,0.990521327014218,0.990521327014218,1.0,0.0147699313756289,0.0459267143475283,0.8564593301435407,36.55497808197072,7.722738655000285,
cutoff,10000.0,0,autonanopore,default,,177,0,0,0.0,0.0,0.0,0.0,,,,,0.617324627999551,
cutoff,10000.0,0,autonanopore,tuned_global_f1,"{""window_size_ms"": 5, ""theta"": 0.5}",177,128,121,0.6836158192090396,0.9453125,0.7934426229508197,0.819672131147541,0.0389260807429684,0.3472938333333336,,,1.7266444910001155,
cutoff,10000.0,1,autonanopore,default,,186,0,0,0.0,0.0,0.0,0.0,,,,,0.4286214510011632,
cutoff,10000.0,1,autonanopore,tuned_global_f1,"{""window_size_ms"": 5, ""theta"": 0.5}",186,136,135,0.7258064516129032,0.9926470588235294,0.8385093167701863,0.84472049689441,0.0341323073643227,0.3061160000000003,,,1.3078551199996582,
cutoff,10000.0,3,threshold+nanotrees,default,,186,186,186,1.0,1.0,1.0,1.0,0.0390210749306277,0.0285875758745744,0.532258064516129,,7.015845034000449,
cutoff,10000.0,3,threshold+nanotrees,tuned_global_f1,"{""k_sigma"": 5.0, ""smallest_sublevel_pa"": 80.0}",186,186,186,1.0,1.0,1.0,1.0,0.0390210749306277,0.0285875758745744,0.532258064516129,,6.619723257001169,
cutoff,10000.0,3,threshold+nanotrees,tuned_global_f1_x_level_acc,"{""k_sigma"": 5.0, ""smallest_sublevel_pa"": 20.0}",186,186,186,1.0,1.0,1.0,1.0,0.0162169398658226,0.0462629843862828,0.8440860215053764,30.98615314556241,7.347740293000243,
cutoff,10000.0,2,autonanopore,default,,211,0,0,0.0,0.0,0.0,0.0,,,,,0.4062724489995162,
cutoff,10000.0,2,autonanopore,tuned_global_f1,"{""window_size_ms"": 5, ""theta"": 0.5}",211,154,149,0.7061611374407583,0.9675324675324676,0.8164383561643835,0.8438356164383561,0.0424160875607342,0.3022116801825981,,,1.1844737520004855,
cutoff,10000.0,3,autonanopore,default,,186,0,0,0.0,0.0,0.0,0.0,,,,,0.5608756040001026,
cutoff,10000.0,3,autonanopore,tuned_global_f1,"{""window_size_ms"": 5, ""theta"": 0.5}",186,135,130,0.6989247311827957,0.9629629629629628,0.8099688473520249,0.8286604361370716,0.0390029919792796,0.3321988715799718,,,1.299182679000296,
cutoff,10000.0,4,autonanopore,default,,194,0,0,0.0,0.0,0.0,0.0,,,,,0.3827109890007705,
cutoff,10000.0,4,autonanopore,tuned_global_f1,"{""window_size_ms"": 5, ""theta"": 0.5}",194,137,135,0.6958762886597938,0.9854014598540146,0.8157099697885196,0.8277945619335347,0.0378652743128382,0.3106529166666665,,,1.22362134299874,
cutoff,10000.0,4,threshold+nanotrees,default,,194,194,194,1.0,1.0,1.0,1.0,0.0417207942517022,0.0345944858537195,0.5154639175257731,,7.689157573000557,
cutoff,10000.0,4,threshold+nanotrees,tuned_global_f1,"{""k_sigma"": 5.0, ""smallest_sublevel_pa"": 80.0}",194,194,194,1.0,1.0,1.0,1.0,0.0417207942517022,0.0345944858537195,0.5154639175257731,,7.633786411999608,
cutoff,10000.0,4,threshold+nanotrees,tuned_global_f1_x_level_acc,"{""k_sigma"": 5.0, ""smallest_sublevel_pa"": 20.0}",194,194,191,0.9845360824742267,0.9845360824742267,0.9845360824742267,1.0,0.0176222179017075,0.0439592684863862,0.8743455497382199,29.408057753255168,8.074987874000726,
cutoff,30000.0,0,nano_ext[dpgmm],default,,177,175,175,0.9887005649717514,1.0,0.994318181818182,0.994318181818182,0.0046973820369213,0.0273805376515096,0.7771428571428571,5.040917347098883,6.868411714000104,
cutoff,30000.0,0,nano_ext[dpgmm],tuned_global_f1,"{""threshold_method"": ""dpgmm"", ""sublevel_method"": ""dpgmm"", ""min_event_duration_sec"": 1e-05, ""filter_cutoff"": 10000.0}",177,177,177,1.0,1.0,1.0,1.0,0.0250835378163903,0.0457998397257099,0.6271186440677966,7.105461428569271,4.859248746999583,
cutoff,30000.0,0,nano_ext[dpgmm],tuned_global_f1_x_level_acc,"{""threshold_method"": ""dpgmm"", ""sublevel_method"": ""dpgmm"", ""min_event_duration_sec"": 1e-05, ""filter_cutoff"": null}",177,177,177,1.0,1.0,1.0,1.0,0.0047185916676979,0.0273805376515096,0.7740112994350282,5.040917347098883,6.243302302000302,
cutoff,30000.0,1,nano_ext[dpgmm],default,,186,186,186,1.0,1.0,1.0,1.0,0.0050462604053232,0.0226678195227723,0.7849462365591398,2.950270738488747,7.070889233000344,
cutoff,30000.0,1,nano_ext[dpgmm],tuned_global_f1,"{""threshold_method"": ""dpgmm"", ""sublevel_method"": ""dpgmm"", ""min_event_duration_sec"": 1e-05, ""filter_cutoff"": 10000.0}",186,186,186,1.0,1.0,1.0,1.0,0.0250669037849171,0.0412932938268103,0.5967741935483871,6.868014547078971,5.098956256999372,
cutoff,30000.0,1,nano_ext[dpgmm],tuned_global_f1_x_level_acc,"{""threshold_method"": ""dpgmm"", ""sublevel_method"": ""dpgmm"", ""min_event_duration_sec"": 1e-05, ""filter_cutoff"": null}",186,187,186,1.0,0.9946524064171124,0.9973190348525468,0.9973190348525468,0.0050462604053232,0.0226678195227723,0.7849462365591398,2.950270738488747,6.330433952000021,
cutoff,30000.0,2,nano_ext[dpgmm],default,,211,211,211,1.0,1.0,1.0,1.0,0.0054064500436915,0.0261060510516809,0.8056872037914692,3.720857539579736,8.095090942999377,
cutoff,30000.0,2,nano_ext[dpgmm],tuned_global_f1,"{""threshold_method"": ""dpgmm"", ""sublevel_method"": ""dpgmm"", ""min_event_duration_sec"": 1e-05, ""filter_cutoff"": 10000.0}",211,211,211,1.0,1.0,1.0,1.0,0.0279420161086478,0.0478660506801198,0.6635071090047393,5.695947557060599,4.9312047389994405,
cutoff,30000.0,2,nano_ext[dpgmm],tuned_global_f1_x_level_acc,"{""threshold_method"": ""dpgmm"", ""sublevel_method"": ""dpgmm"", ""min_event_duration_sec"": 1e-05, ""filter_cutoff"": null}",211,211,211,1.0,1.0,1.0,1.0,0.0054064500436915,0.0261060510516809,0.8056872037914692,3.720857539579736,7.243252746999133,
cutoff,30000.0,4,nano_ext[dpgmm],default,,194,193,193,0.9948453608247424,1.0,0.9974160206718348,0.9974160206718348,0.0049965226794232,0.0221967061360675,0.8082901554404145,3.779579076379491,7.036905794999257,
cutoff,30000.0,4,nano_ext[dpgmm],tuned_global_f1,"{""threshold_method"": ""dpgmm"", ""sublevel_method"": ""dpgmm"", ""min_event_duration_sec"": 1e-05, ""filter_cutoff"": 10000.0}",194,194,194,1.0,1.0,1.0,1.0,0.0271025445772715,0.0435733159383137,0.6494845360824743,6.027185600609997,4.822763620999467,
cutoff,30000.0,4,nano_ext[dpgmm],tuned_global_f1_x_level_acc,"{""threshold_method"": ""dpgmm"", ""sublevel_method"": ""dpgmm"", ""min_event_duration_sec"": 1e-05, ""filter_cutoff"": null}",194,194,194,1.0,1.0,1.0,1.0,0.0050293340396589,0.022507349650065,0.8041237113402062,3.779579076379491,6.986314055000548,
cutoff,30000.0,3,nano_ext[dpgmm],default,,186,186,186,1.0,1.0,1.0,1.0,0.0055654537331856,0.025229263305664,0.7580645161290323,6.484450008947817,7.697064897000018,
cutoff,30000.0,3,nano_ext[dpgmm],tuned_global_f1,"{""threshold_method"": ""dpgmm"", ""sublevel_method"": ""dpgmm"", ""min_event_duration_sec"": 1e-05, ""filter_cutoff"": 10000.0}",186,186,186,1.0,1.0,1.0,1.0,0.0244112751572976,0.0398593920432567,0.6344086021505376,3.247582058746312,4.919300626999757,
cutoff,30000.0,3,nano_ext[dpgmm],tuned_global_f1_x_level_acc,"{""threshold_method"": ""dpgmm"", ""sublevel_method"": ""dpgmm"", ""min_event_duration_sec"": 1e-05, ""filter_cutoff"": null}",186,186,186,1.0,1.0,1.0,1.0,0.0055654537331856,0.025229263305664,0.7580645161290323,6.484450008947817,6.816888944000311,
cutoff,30000.0,0,nano_ext[gmm],default,,177,175,175,0.9887005649717514,1.0,0.994318181818182,0.994318181818182,0.0061228620033503,0.0278299285090839,0.76,5.510873215541778,15.78932481800075,
cutoff,30000.0,0,nano_ext[gmm],tuned_global_f1,"{""threshold_method"": ""gmm"", ""sublevel_method"": ""gmm"", ""min_event_duration_sec"": 0.0001, ""filter_cutoff"": 10000.0}",177,796,177,1.0,0.2223618090452261,0.3638232271325796,0.3638232271325796,0.1002456285118576,0.1070236841837565,0.5423728813559322,11.587195756224132,15.185754033000194,
cutoff,30000.0,0,nano_ext[gmm],tuned_global_f1_x_level_acc,"{""threshold_method"": ""gmm"", ""sublevel_method"": ""gmm"", ""min_event_duration_sec"": 3e-05, ""filter_cutoff"": null}",177,177,177,1.0,1.0,1.0,1.0,0.0061602828760858,0.0278299285090839,0.7570621468926554,5.510873215541778,15.99961551999877,
cutoff,30000.0,1,nano_ext[gmm],default,,186,186,186,1.0,1.0,1.0,1.0,0.0161545874847155,0.0276174617933681,0.7473118279569892,6.276966114493465,17.23118961199907,
cutoff,30000.0,1,nano_ext[gmm],tuned_global_f1,"{""threshold_method"": ""gmm"", ""sublevel_method"": ""gmm"", ""min_event_duration_sec"": 0.0001, ""filter_cutoff"": 10000.0}",186,186,186,1.0,1.0,1.0,1.0,0.0457160334135149,0.0568290915904428,0.532258064516129,10.331222651482896,14.337814381999124,
cutoff,30000.0,1,nano_ext[gmm],tuned_global_f1_x_level_acc,"{""threshold_method"": ""gmm"", ""sublevel_method"": ""gmm"", ""min_event_duration_sec"": 3e-05, ""filter_cutoff"": null}",186,321,186,1.0,0.5794392523364486,0.7337278106508875,0.7337278106508875,0.0161545874847155,0.0276174617933681,0.7473118279569892,6.276966114493465,17.043094345999634,
cutoff,30000.0,0,threshold,default,,177,177,177,1.0,1.0,1.0,1.0,0.0155554673972248,0.0280262586926823,,,0.066639432001466,
cutoff,30000.0,0,threshold,tuned_global_f1,"{""k_sigma"": 5.0, ""k_exit"": 0.5}",177,177,177,1.0,1.0,1.0,1.0,0.0235411875464683,0.0276657231648762,,,0.0585638989996368,
cutoff,30000.0,1,threshold,default,,186,186,186,1.0,1.0,1.0,1.0,0.0123046997970019,0.0220185171671052,,,0.0603481430007377,
cutoff,30000.0,1,threshold,tuned_global_f1,"{""k_sigma"": 5.0, ""k_exit"": 0.5}",186,186,186,1.0,1.0,1.0,1.0,0.0198612468662556,0.0217160841431102,,,0.0572763469990604,
cutoff,30000.0,2,threshold,default,,211,211,211,1.0,1.0,1.0,1.0,0.0129447402256018,0.0239456736432005,,,0.0563527300000714,
cutoff,30000.0,2,threshold,tuned_global_f1,"{""k_sigma"": 5.0, ""k_exit"": 0.5}",211,211,211,1.0,1.0,1.0,1.0,0.0198564281082807,0.023969115779898,,,0.0553182839994406,
cutoff,30000.0,3,threshold,default,,186,187,186,1.0,0.9946524064171124,0.9973190348525468,0.9973190348525468,0.0134139303189145,0.0250919225914021,,,0.0758962399995653,
cutoff,30000.0,3,threshold,tuned_global_f1,"{""k_sigma"": 5.0, ""k_exit"": 0.5}",186,186,186,1.0,1.0,1.0,1.0,0.0228936088411723,0.0247561153408036,,,0.0729168930010928,
cutoff,30000.0,4,threshold,default,,194,194,194,1.0,1.0,1.0,1.0,0.0141495091121523,0.0209918406256132,,,0.0693316849992697,
cutoff,30000.0,4,threshold,tuned_global_f1,"{""k_sigma"": 5.0, ""k_exit"": 0.5}",194,194,194,1.0,1.0,1.0,1.0,0.0212749331668695,0.0225655438472943,,,0.0638322779996087,
cutoff,30000.0,3,nano_ext[gmm],default,,186,186,186,1.0,1.0,1.0,1.0,0.0126453842576535,0.0278142236486577,0.7311827956989247,6.688631623896768,16.411012165999637,
cutoff,30000.0,3,nano_ext[gmm],tuned_global_f1,"{""threshold_method"": ""gmm"", ""sublevel_method"": ""gmm"", ""min_event_duration_sec"": 0.0001, ""filter_cutoff"": 10000.0}",186,214,186,1.0,0.8691588785046729,0.93,0.93,0.0618702557754917,0.0673894974342125,0.5,10.982494703881684,15.399619598001664,
cutoff,30000.0,3,nano_ext[gmm],tuned_global_f1_x_level_acc,"{""threshold_method"": ""gmm"", ""sublevel_method"": ""gmm"", ""min_event_duration_sec"": 3e-05, ""filter_cutoff"": null}",186,192,186,1.0,0.96875,0.984126984126984,0.984126984126984,0.0126453842576535,0.0278142236486577,0.7311827956989247,6.688631623896768,16.048683301998608,
cutoff,30000.0,2,nano_ext[gmm],default,,211,211,211,1.0,1.0,1.0,1.0,0.0063663275636199,0.0264663696289062,0.7819905213270142,4.534729410643479,16.76239662900116,
cutoff,30000.0,2,nano_ext[gmm],tuned_global_f1,"{""threshold_method"": ""gmm"", ""sublevel_method"": ""gmm"", ""min_event_duration_sec"": 0.0001, ""filter_cutoff"": 10000.0}",211,211,211,1.0,1.0,1.0,1.0,0.0298303446593349,0.0509536420796431,0.5497630331753555,14.941066470708364,15.404291573000592,
cutoff,30000.0,2,nano_ext[gmm],tuned_global_f1_x_level_acc,"{""threshold_method"": ""gmm"", ""sublevel_method"": ""gmm"", ""min_event_duration_sec"": 3e-05, ""filter_cutoff"": null}",211,211,211,1.0,1.0,1.0,1.0,0.0063663275636199,0.0264663696289062,0.7819905213270142,4.534729410643479,16.579380945000594,
cutoff,30000.0,0,pelt,default,,177,182,177,1.0,0.9725274725274724,0.9860724233983288,0.9860724233983288,0.0021607605529619,0.0350758012541024,0.8418079096045198,3.8976830145642793,12.593949058000362,
cutoff,30000.0,0,pelt,tuned_global_f1,"{""penalty_factor"": 2.0, ""k_sigma"": 2.0}",177,177,177,1.0,1.0,1.0,1.0,0.0023045728695009,0.0346415427973873,0.9943502824858758,3.869767782216371,26.031781103998583,
cutoff,30000.0,0,pelt,tuned_global_f1_x_level_acc,"{""penalty_factor"": 2.0, ""k_sigma"": 2.0}",177,177,177,1.0,1.0,1.0,1.0,0.0023045728695009,0.0346415427973873,0.9943502824858758,3.869767782216371,26.031781103998583,
cutoff,30000.0,4,nano_ext[gmm],default,,194,193,193,0.9948453608247424,1.0,0.9974160206718348,0.9974160206718348,0.0129045239548561,0.0246773369671623,0.7875647668393783,3.684305066808946,15.626946292999492,
cutoff,30000.0,4,nano_ext[gmm],tuned_global_f1,"{""threshold_method"": ""gmm"", ""sublevel_method"": ""gmm"", ""min_event_duration_sec"": 0.0001, ""filter_cutoff"": 10000.0}",194,194,194,1.0,1.0,1.0,1.0,0.0292632075400615,0.0437820805472501,0.5927835051546392,14.16994199776589,13.785792630000287,
cutoff,30000.0,4,nano_ext[gmm],tuned_global_f1_x_level_acc,"{""threshold_method"": ""gmm"", ""sublevel_method"": ""gmm"", ""min_event_duration_sec"": 3e-05, ""filter_cutoff"": null}",194,196,194,1.0,0.9897959183673468,0.9948717948717948,0.9948717948717948,0.0129475033148191,0.0246785783550004,0.7835051546391752,3.684305066808946,16.9019317580005,
cutoff,30000.0,2,pelt,default,,211,217,211,1.0,0.9723502304147466,0.985981308411215,0.985981308411215,0.0023337283514355,0.0280397630556056,0.8199052132701422,2.5900746102314187,11.273061629999576,
cutoff,30000.0,2,pelt,tuned_global_f1,"{""penalty_factor"": 2.0, ""k_sigma"": 2.0}",211,211,211,1.0,1.0,1.0,1.0,0.0022913898330318,0.0282060025022333,1.0,2.598872901549143,22.842096872000184,
cutoff,30000.0,2,pelt,tuned_global_f1_x_level_acc,"{""penalty_factor"": 2.0, ""k_sigma"": 2.0}",211,211,211,1.0,1.0,1.0,1.0,0.0022913898330318,0.0282060025022333,1.0,2.598872901549143,22.842096872000184,
cutoff,30000.0,1,pelt,default,,186,189,186,1.0,0.984126984126984,0.992,0.992,0.0023471909243934,0.0247512218611498,0.8709677419354839,3.31041738999005,10.5257327599993,
cutoff,30000.0,1,pelt,tuned_global_f1,"{""penalty_factor"": 2.0, ""k_sigma"": 2.0}",186,186,186,1.0,1.0,1.0,1.0,0.0024629731795256,0.0244494828647962,0.9946236559139784,2.993865591438549,24.68644901600055,
cutoff,30000.0,1,pelt,tuned_global_f1_x_level_acc,"{""penalty_factor"": 2.0, ""k_sigma"": 2.0}",186,186,186,1.0,1.0,1.0,1.0,0.0024629731795256,0.0244494828647962,0.9946236559139784,2.993865591438549,24.68644901600055,
cutoff,30000.0,1,mosaic,default,,186,30,20,0.1075268817204301,0.6666666666666666,0.1851851851851851,0.2407407407407407,0.0156798720424811,0.0351237578309399,0.85,,3.9244558730006247,
cutoff,30000.0,1,mosaic,tuned_global_f1,"{""eventThreshold"": 3.0, ""StepSize"": 5.0}",186,167,153,0.8225806451612904,0.9161676646706588,0.8668555240793201,0.9461756373937676,0.0030050406903162,0.0413557928119503,0.8104575163398693,5.071805928125173,2.8706250740015093,
cutoff,30000.0,1,mosaic,tuned_global_f1_x_level_acc,"{""eventThreshold"": 3.0, ""StepSize"": 5.0}",186,167,153,0.8225806451612904,0.9161676646706588,0.8668555240793201,0.9461756373937676,0.0030050406903162,0.0413557928119503,0.8104575163398693,5.071805928125173,2.8706250740015093,
cutoff,30000.0,0,mosaic,default,,177,25,18,0.1016949152542373,0.72,0.1782178217821782,0.198019801980198,0.0114435247834245,0.0366556071690966,0.8333333333333334,,4.0791183870005625,
cutoff,30000.0,0,mosaic,tuned_global_f1,"{""eventThreshold"": 3.0, ""StepSize"": 5.0}",177,147,132,0.7457627118644068,0.8979591836734694,0.8148148148148148,0.9074074074074074,0.0037618838638965,0.0305334960667518,0.803030303030303,7.224614903100779,3.373000618999868,
cutoff,30000.0,0,mosaic,tuned_global_f1_x_level_acc,"{""eventThreshold"": 3.0, ""StepSize"": 5.0}",177,147,132,0.7457627118644068,0.8979591836734694,0.8148148148148148,0.9074074074074074,0.0037618838638965,0.0305334960667518,0.803030303030303,7.224614903100779,3.373000618999868,
cutoff,30000.0,3,mosaic,default,,186,34,23,0.1236559139784946,0.6764705882352942,0.209090909090909,0.2636363636363636,0.0063587492821448,0.0370943884532824,0.8695652173913043,,3.934522236000703,
cutoff,30000.0,3,mosaic,tuned_global_f1,"{""eventThreshold"": 3.0, ""StepSize"": 5.0}",186,163,144,0.7741935483870968,0.8834355828220859,0.825214899713467,0.9340974212034384,0.0035150008132359,0.0348581042616753,0.9027777777777778,6.106506434067072,2.994827291000547,
cutoff,30000.0,3,mosaic,tuned_global_f1_x_level_acc,"{""eventThreshold"": 3.0, ""StepSize"": 5.0}",186,163,144,0.7741935483870968,0.8834355828220859,0.825214899713467,0.9340974212034384,0.0035150008132359,0.0348581042616753,0.9027777777777778,6.106506434067072,2.994827291000547,
cutoff,30000.0,2,mosaic,default,,211,59,51,0.2417061611374407,0.864406779661017,0.3777777777777777,0.3999999999999999,0.0049686509655844,0.0309862994053815,0.8431372549019608,,4.173852271000214,
cutoff,30000.0,2,mosaic,tuned_global_f1,"{""eventThreshold"": 3.0, ""StepSize"": 5.0}",211,192,167,0.7914691943127962,0.8697916666666666,0.8287841191066997,0.9528535980148882,0.0028898897005951,0.0327215350859348,0.8862275449101796,5.497905807283487,3.43390512500082,
cutoff,30000.0,2,mosaic,tuned_global_f1_x_level_acc,"{""eventThreshold"": 3.0, ""StepSize"": 5.0}",211,192,167,0.7914691943127962,0.8697916666666666,0.8287841191066997,0.9528535980148882,0.0028898897005951,0.0327215350859348,0.8862275449101796,5.497905807283487,3.43390512500082,
cutoff,30000.0,4,mosaic,default,,194,52,38,0.1958762886597938,0.7307692307692307,0.3089430894308943,0.3658536585365853,0.0097317346421951,0.0201049130870674,0.9210526315789472,,3.706374596000387,
cutoff,30000.0,4,mosaic,tuned_global_f1,"{""eventThreshold"": 3.0, ""StepSize"": 5.0}",194,172,147,0.7577319587628866,0.8546511627906976,0.8032786885245901,0.9398907103825136,0.0030397977372508,0.0277184312406605,0.8775510204081632,5.460850287741792,3.161353433999466,
cutoff,30000.0,4,mosaic,tuned_global_f1_x_level_acc,"{""eventThreshold"": 3.0, ""StepSize"": 5.0}",194,172,147,0.7577319587628866,0.8546511627906976,0.8032786885245901,0.9398907103825136,0.0030397977372508,0.0277184312406605,0.8775510204081632,5.460850287741792,3.161353433999466,
cutoff,30000.0,4,pelt,default,,194,200,194,1.0,0.97,0.9847715736040608,0.9847715736040608,0.002139719553229,0.0264231639723293,0.8092783505154639,2.9823222002858807,10.213623007999558,
cutoff,30000.0,4,pelt,tuned_global_f1,"{""penalty_factor"": 2.0, ""k_sigma"": 2.0}",194,194,194,1.0,1.0,1.0,1.0,0.0019467412209097,0.0260375185540116,1.0,3.041588868608891,28.19130150899946,
cutoff,30000.0,4,pelt,tuned_global_f1_x_level_acc,"{""penalty_factor"": 2.0, ""k_sigma"": 2.0}",194,194,194,1.0,1.0,1.0,1.0,0.0019467412209097,0.0260375185540116,1.0,3.041588868608891,28.19130150899946,
cutoff,30000.0,3,pelt,default,,186,190,186,1.0,0.9789473684210528,0.9893617021276596,0.9893617021276596,0.0026412862256399,0.0315745765577638,0.8225806451612904,3.106730750879194,11.668533949999985,
cutoff,30000.0,3,pelt,tuned_global_f1,"{""penalty_factor"": 2.0, ""k_sigma"": 2.0}",186,186,186,1.0,1.0,1.0,1.0,0.0023710610864892,0.0313230212340728,1.0,3.106730750879194,27.734306000000288,
cutoff,30000.0,3,pelt,tuned_global_f1_x_level_acc,"{""penalty_factor"": 2.0, ""k_sigma"": 2.0}",186,186,186,1.0,1.0,1.0,1.0,0.0023710610864892,0.0313230212340728,1.0,3.106730750879194,27.734306000000288,
cutoff,30000.0,0,threshold+nanotrees,default,,177,177,177,1.0,1.0,1.0,1.0,0.0155554673972248,0.0280262586926823,0.4971751412429379,,7.332987674000833,
cutoff,30000.0,0,threshold+nanotrees,tuned_global_f1,"{""k_sigma"": 5.0, ""smallest_sublevel_pa"": 80.0}",177,177,177,1.0,1.0,1.0,1.0,0.0155554673972248,0.0280262586926823,0.4971751412429379,,7.314795550999406,
cutoff,30000.0,0,threshold+nanotrees,tuned_global_f1_x_level_acc,"{""k_sigma"": 5.0, ""smallest_sublevel_pa"": 20.0}",177,177,177,1.0,1.0,1.0,1.0,0.0063318961912328,0.0243587246712647,0.96045197740113,12.585711205326255,6.079549132000466,
cutoff,30000.0,1,threshold+nanotrees,default,,186,186,186,1.0,1.0,1.0,1.0,0.0123046997970019,0.0220185171671052,0.521505376344086,,7.216747577000206,
cutoff,30000.0,1,threshold+nanotrees,tuned_global_f1,"{""k_sigma"": 5.0, ""smallest_sublevel_pa"": 80.0}",186,186,186,1.0,1.0,1.0,1.0,0.0123046997970019,0.0220185171671052,0.521505376344086,,6.71283324399883,
cutoff,30000.0,1,threshold+nanotrees,tuned_global_f1_x_level_acc,"{""k_sigma"": 5.0, ""smallest_sublevel_pa"": 20.0}",186,186,186,1.0,1.0,1.0,1.0,0.0063869767061277,0.0206413147042139,0.946236559139785,13.183148226847408,6.607315137000114,
cutoff,30000.0,0,autonanopore,default,,177,0,0,0.0,0.0,0.0,0.0,,,,,0.4233551409997744,
cutoff,30000.0,0,autonanopore,tuned_global_f1,"{""window_size_ms"": 5, ""theta"": 0.5}",177,123,111,0.6271186440677966,0.902439024390244,0.74,0.8133333333333332,0.0150421064562786,0.3285645,,,1.0561197900005936,
cutoff,30000.0,1,autonanopore,default,,186,0,0,0.0,0.0,0.0,0.0,,,,,0.6209164339998097,
cutoff,30000.0,1,autonanopore,tuned_global_f1,"{""window_size_ms"": 5, ""theta"": 0.5}",186,136,130,0.6989247311827957,0.9558823529411764,0.8074534161490685,0.84472049689441,0.0091942037313729,0.2931947499999999,,,1.1782071529996756,
cutoff,30000.0,3,threshold+nanotrees,default,,186,187,186,1.0,0.9946524064171124,0.9973190348525468,0.9973190348525468,0.0134139303189145,0.0250919225914021,0.532258064516129,,5.929651342999932,
cutoff,30000.0,3,threshold+nanotrees,tuned_global_f1,"{""k_sigma"": 5.0, ""smallest_sublevel_pa"": 80.0}",186,187,186,1.0,0.9946524064171124,0.9973190348525468,0.9973190348525468,0.0134139303189145,0.0250919225914021,0.532258064516129,,7.7483370789996115,
cutoff,30000.0,3,threshold+nanotrees,tuned_global_f1_x_level_acc,"{""k_sigma"": 5.0, ""smallest_sublevel_pa"": 20.0}",186,187,186,1.0,0.9946524064171124,0.9973190348525468,0.9973190348525468,0.0077059041348957,0.026736944842669,0.935483870967742,10.929593090791556,8.853993765998894,
cutoff,30000.0,2,autonanopore,default,,211,0,0,0.0,0.0,0.0,0.0,,,,,0.5622926050000387,
cutoff,30000.0,2,autonanopore,tuned_global_f1,"{""window_size_ms"": 5, ""theta"": 0.5}",211,148,138,0.6540284360189573,0.9324324324324323,0.7688022284122563,0.8189415041782729,0.0128375466055238,0.310381761861238,,,1.0529021219990682,
cutoff,30000.0,3,autonanopore,default,,186,0,0,0.0,0.0,0.0,0.0,,,,,0.5942114830013452,
cutoff,30000.0,3,autonanopore,tuned_global_f1,"{""window_size_ms"": 5, ""theta"": 0.5}",186,128,119,0.6397849462365591,0.9296875,0.7579617834394904,0.8089171974522292,0.0124795368081311,0.3631268333333332,,,1.150644572000601,
cutoff,30000.0,4,autonanopore,default,,194,0,0,0.0,0.0,0.0,0.0,,,,,0.5438751990004675,
cutoff,30000.0,4,autonanopore,tuned_global_f1,"{""window_size_ms"": 5, ""theta"": 0.5}",194,137,129,0.6649484536082474,0.9416058394160584,0.7794561933534743,0.8217522658610272,0.0144261738653976,0.3344484074624421,,,1.0787618550002662,
cutoff,30000.0,2,threshold+nanotrees,default,,211,211,211,1.0,1.0,1.0,1.0,0.0129447402256018,0.0239456736432005,0.5497630331753555,,6.729522490000818,
cutoff,30000.0,2,threshold+nanotrees,tuned_global_f1,"{""k_sigma"": 5.0, ""smallest_sublevel_pa"": 80.0}",211,211,211,1.0,1.0,1.0,1.0,0.0129447402256018,0.0239456736432005,0.5497630331753555,,8.42916508899907,
cutoff,30000.0,2,threshold+nanotrees,tuned_global_f1_x_level_acc,"{""k_sigma"": 5.0, ""smallest_sublevel_pa"": 20.0}",211,211,211,1.0,1.0,1.0,1.0,0.0053532441779047,0.025171806574688,0.957345971563981,14.024134333046057,10.41656503500053,
cutoff,30000.0,4,threshold+nanotrees,default,,194,194,194,1.0,1.0,1.0,1.0,0.0141495091121523,0.0209918406256132,0.5154639175257731,,7.134710450000057,
cutoff,30000.0,4,threshold+nanotrees,tuned_global_f1,"{""k_sigma"": 5.0, ""smallest_sublevel_pa"": 80.0}",194,194,194,1.0,1.0,1.0,1.0,0.0141495091121523,0.0209918406256132,0.5154639175257731,,9.085036449001564,
cutoff,30000.0,4,threshold+nanotrees,tuned_global_f1_x_level_acc,"{""k_sigma"": 5.0, ""smallest_sublevel_pa"": 20.0}",194,194,194,1.0,1.0,1.0,1.0,0.0085081925671613,0.0243587942544985,0.9536082474226804,13.95115828506377,7.136035531000744,
cutoff,100000.0,0,nano_ext[dpgmm],default,,177,175,175,0.9887005649717514,1.0,0.994318181818182,0.994318181818182,0.0118693877228982,0.0291369949013245,0.8,3.4140648048630595,6.21380474200123,
cutoff,100000.0,0,nano_ext[dpgmm],tuned_global_f1,"{""threshold_method"": ""dpgmm"", ""sublevel_method"": ""dpgmm"", ""min_event_duration_sec"": 1e-05, ""filter_cutoff"": 10000.0}",177,177,177,1.0,1.0,1.0,1.0,0.0450936532154196,0.0589716593424478,0.6497175141242938,8.066121308214491,4.99769932199888,
cutoff,100000.0,0,nano_ext[dpgmm],tuned_global_f1_x_level_acc,"{""threshold_method"": ""dpgmm"", ""sublevel_method"": ""dpgmm"", ""min_event_duration_sec"": 1e-05, ""filter_cutoff"": null}",177,177,177,1.0,1.0,1.0,1.0,0.0119245862927829,0.0294428626174569,0.7966101694915254,3.4140648048630595,5.480656301999261,
cutoff,100000.0,1,nano_ext[dpgmm],default,,186,186,186,1.0,1.0,1.0,1.0,0.0106922251045205,0.0229475293523433,0.8225806451612904,2.286160075914978,6.177316072000394,
cutoff,100000.0,1,nano_ext[dpgmm],tuned_global_f1,"{""threshold_method"": ""dpgmm"", ""sublevel_method"": ""dpgmm"", ""min_event_duration_sec"": 1e-05, ""filter_cutoff"": 10000.0}",186,186,186,1.0,1.0,1.0,1.0,0.0394680348982545,0.0490345542552536,0.6236559139784946,5.924011290847631,5.866156059000787,
cutoff,100000.0,1,nano_ext[dpgmm],tuned_global_f1_x_level_acc,"{""threshold_method"": ""dpgmm"", ""sublevel_method"": ""dpgmm"", ""min_event_duration_sec"": 1e-05, ""filter_cutoff"": null}",186,186,186,1.0,1.0,1.0,1.0,0.0106922251045205,0.0229475293523433,0.8225806451612904,2.286160075914978,6.263253423001515,
cutoff,100000.0,2,nano_ext[dpgmm],default,,211,211,211,1.0,1.0,1.0,1.0,0.0116119739215768,0.0250549650295234,0.8104265402843602,2.334521561841996,7.076138516998981,
cutoff,100000.0,2,nano_ext[dpgmm],tuned_global_f1,"{""threshold_method"": ""dpgmm"", ""sublevel_method"": ""dpgmm"", ""min_event_duration_sec"": 1e-05, ""filter_cutoff"": 10000.0}",211,211,211,1.0,1.0,1.0,1.0,0.0401344967394127,0.0566463470458984,0.6824644549763034,7.262303502342249,5.2307733629986615,
cutoff,100000.0,2,nano_ext[dpgmm],tuned_global_f1_x_level_acc,"{""threshold_method"": ""dpgmm"", ""sublevel_method"": ""dpgmm"", ""min_event_duration_sec"": 1e-05, ""filter_cutoff"": null}",211,211,211,1.0,1.0,1.0,1.0,0.0116119739215768,0.0250549650295234,0.8104265402843602,2.334521561841996,6.29714946400054,
cutoff,100000.0,3,nano_ext[dpgmm],default,,186,186,186,1.0,1.0,1.0,1.0,0.0107187214718732,0.0250809669494628,0.7956989247311828,3.1083288791755592,5.57854117900024,
cutoff,100000.0,3,nano_ext[dpgmm],tuned_global_f1,"{""threshold_method"": ""dpgmm"", ""sublevel_method"": ""dpgmm"", ""min_event_duration_sec"": 1e-05, ""filter_cutoff"": 10000.0}",186,186,186,1.0,1.0,1.0,1.0,0.0416931818920296,0.0521143951809605,0.6559139784946236,4.30586069555261,4.705472890998863,
cutoff,100000.0,3,nano_ext[dpgmm],tuned_global_f1_x_level_acc,"{""threshold_method"": ""dpgmm"", ""sublevel_method"": ""dpgmm"", ""min_event_duration_sec"": 1e-05, ""filter_cutoff"": null}",186,186,186,1.0,1.0,1.0,1.0,0.0107187214718732,0.0250809669494628,0.7956989247311828,3.1083288791755592,6.754350871999122,
cutoff,100000.0,4,nano_ext[dpgmm],default,,194,193,193,0.9948453608247424,1.0,0.9974160206718348,0.9974160206718348,0.010919088009431,0.0217041376998989,0.8290155440414507,2.9553675735538576,7.595253945999502,
cutoff,100000.0,4,nano_ext[dpgmm],tuned_global_f1,"{""threshold_method"": ""dpgmm"", ""sublevel_method"": ""dpgmm"", ""min_event_duration_sec"": 1e-05, ""filter_cutoff"": 10000.0}",194,194,194,1.0,1.0,1.0,1.0,0.0378736405094448,0.049633164874966,0.6597938144329897,4.726610607241888,5.393573426999865,
cutoff,100000.0,4,nano_ext[dpgmm],tuned_global_f1_x_level_acc,"{""threshold_method"": ""dpgmm"", ""sublevel_method"": ""dpgmm"", ""min_event_duration_sec"": 1e-05, ""filter_cutoff"": null}",194,194,194,1.0,1.0,1.0,1.0,0.0109274164085663,0.0219596961497417,0.8247422680412371,2.9553675735538576,6.757764702999339,
cutoff,100000.0,0,nano_ext[gmm],default,,177,175,175,0.9887005649717514,1.0,0.994318181818182,0.994318181818182,0.0120836369392773,0.0295906702677407,0.7542857142857143,3.814268950463884,15.795266805998835,
cutoff,100000.0,0,nano_ext[gmm],tuned_global_f1,"{""threshold_method"": ""gmm"", ""sublevel_method"": ""gmm"", ""min_event_duration_sec"": 0.0001, ""filter_cutoff"": 10000.0}",177,177,177,1.0,1.0,1.0,1.0,0.0450936532154196,0.0589716593424478,0.5536723163841808,20.12669748208129,13.469499709000956,
cutoff,100000.0,0,nano_ext[gmm],tuned_global_f1_x_level_acc,"{""threshold_method"": ""gmm"", ""sublevel_method"": ""gmm"", ""min_event_duration_sec"": 3e-05, ""filter_cutoff"": null}",177,177,177,1.0,1.0,1.0,1.0,0.012118325286129,0.0297129238829178,0.751412429378531,3.814268950463884,15.034813611000573,
cutoff,100000.0,1,nano_ext[gmm],default,,186,186,186,1.0,1.0,1.0,1.0,0.0110168664819573,0.0234514190719885,0.7688172043010753,3.395841620790208,18.591072862000143,
cutoff,100000.0,1,nano_ext[gmm],tuned_global_f1,"{""threshold_method"": ""gmm"", ""sublevel_method"": ""gmm"", ""min_event_duration_sec"": 0.0001, ""filter_cutoff"": 10000.0}",186,186,186,1.0,1.0,1.0,1.0,0.0427363613553081,0.0507991807355117,0.5053763440860215,19.54570589418614,14.468285455999649,
cutoff,100000.0,1,nano_ext[gmm],tuned_global_f1_x_level_acc,"{""threshold_method"": ""gmm"", ""sublevel_method"": ""gmm"", ""min_event_duration_sec"": 3e-05, ""filter_cutoff"": null}",186,186,186,1.0,1.0,1.0,1.0,0.0110168664819573,0.0234514190719885,0.7688172043010753,3.395841620790208,16.367229207999117,
cutoff,100000.0,0,threshold,default,,177,177,177,1.0,1.0,1.0,1.0,0.0046973820369213,0.0278074029267259,,,0.0595126419993903,
cutoff,100000.0,0,threshold,tuned_global_f1,"{""k_sigma"": 5.0, ""k_exit"": 0.5}",177,177,177,1.0,1.0,1.0,1.0,0.0085108794777644,0.0238657494967056,,,0.0612637390004238,
cutoff,100000.0,1,threshold,default,,186,186,186,1.0,1.0,1.0,1.0,0.0040987248383415,0.0204981006596811,,,0.0881866010004159,
cutoff,100000.0,1,threshold,tuned_global_f1,"{""k_sigma"": 5.0, ""k_exit"": 0.5}",186,186,186,1.0,1.0,1.0,1.0,0.0058156420759645,0.0193739597289862,,,0.0862680270001874,
cutoff,100000.0,2,threshold,default,,211,213,211,1.0,0.9906103286384976,0.9952830188679246,0.9952830188679246,0.0042266935302363,0.0262698650455073,,,0.0664169140000012,
cutoff,100000.0,2,threshold,tuned_global_f1,"{""k_sigma"": 5.0, ""k_exit"": 0.5}",211,211,211,1.0,1.0,1.0,1.0,0.0074267693058763,0.0236611894874579,,,0.0713172809992102,
cutoff,100000.0,3,threshold,default,,186,187,186,1.0,0.9946524064171124,0.9973190348525468,0.9973190348525468,0.0045391250447559,0.0255669565409224,,,0.0669021869998687,
cutoff,100000.0,3,threshold,tuned_global_f1,"{""k_sigma"": 5.0, ""k_exit"": 0.5}",186,186,186,1.0,1.0,1.0,1.0,0.0079764798779386,0.0242955926167892,,,0.0638188880002417,
cutoff,100000.0,4,threshold,default,,194,196,194,1.0,0.9897959183673468,0.9948717948717948,0.9948717948717948,0.0042627195200133,0.0222353394199781,,,0.0892390030003298,
cutoff,100000.0,4,threshold,tuned_global_f1,"{""k_sigma"": 5.0, ""k_exit"": 0.5}",194,195,194,1.0,0.9948717948717948,0.9974293059125964,0.9974293059125964,0.0074982745765847,0.0196528159665451,,,0.0723425380001572,
cutoff,100000.0,2,nano_ext[gmm],default,,211,211,211,1.0,1.0,1.0,1.0,0.0123636459912522,0.0259109497070312,0.7582938388625592,3.144936478627347,17.819766687000083,
cutoff,100000.0,2,nano_ext[gmm],tuned_global_f1,"{""threshold_method"": ""gmm"", ""sublevel_method"": ""gmm"", ""min_event_duration_sec"": 0.0001, ""filter_cutoff"": 10000.0}",211,211,211,1.0,1.0,1.0,1.0,0.04677097968293,0.0621649414975888,0.5260663507109005,22.457614836213224,14.269293896000818,
cutoff,100000.0,2,nano_ext[gmm],tuned_global_f1_x_level_acc,"{""threshold_method"": ""gmm"", ""sublevel_method"": ""gmm"", ""min_event_duration_sec"": 3e-05, ""filter_cutoff"": null}",211,211,211,1.0,1.0,1.0,1.0,0.0123636459912522,0.0259109497070312,0.7582938388625592,3.144936478627347,17.387363939000352,
cutoff,100000.0,3,nano_ext[gmm],default,,186,186,186,1.0,1.0,1.0,1.0,0.0195780121256538,0.0278091864057368,0.7258064516129032,3.054022963855374,16.635120468001332,
cutoff,100000.0,3,nano_ext[gmm],tuned_global_f1,"{""threshold_method"": ""gmm"", ""sublevel_method"": ""gmm"", ""min_event_duration_sec"": 0.0001, ""filter_cutoff"": 10000.0}",186,186,186,1.0,1.0,1.0,1.0,0.0427769220706074,0.0521143951809605,0.521505376344086,16.82394620100558,15.042245398999512,
cutoff,100000.0,3,nano_ext[gmm],tuned_global_f1_x_level_acc,"{""threshold_method"": ""gmm"", ""sublevel_method"": ""gmm"", ""min_event_duration_sec"": 3e-05, ""filter_cutoff"": null}",186,195,186,1.0,0.953846153846154,0.9763779527559054,0.9763779527559054,0.0195780121256538,0.0278091864057368,0.7258064516129032,3.054022963855374,18.616620009001053,
cutoff,100000.0,4,nano_ext[gmm],default,,194,310,193,0.9948453608247424,0.6225806451612903,0.7658730158730158,0.7658730158730158,0.038434726980145,0.0455912308216217,0.8134715025906736,3.378350022842369,18.10588100899986,
cutoff,100000.0,4,nano_ext[gmm],tuned_global_f1,"{""threshold_method"": ""gmm"", ""sublevel_method"": ""gmm"", ""min_event_duration_sec"": 0.0001, ""filter_cutoff"": 10000.0}",194,243,194,1.0,0.7983539094650206,0.8878718535469107,0.8878718535469107,0.0803636074895857,0.0748251784589869,0.6134020618556701,18.810814736758275,16.61594795400015,
cutoff,100000.0,4,nano_ext[gmm],tuned_global_f1_x_level_acc,"{""threshold_method"": ""gmm"", ""sublevel_method"": ""gmm"", ""min_event_duration_sec"": 3e-05, ""filter_cutoff"": null}",194,2411,194,1.0,0.080464537536292,0.1489443378119002,0.1489443378119002,0.0384477019099055,0.0457497765350738,0.8092783505154639,3.378350022842369,16.657222978999926,
cutoff,100000.0,0,pelt,default,,177,177,177,1.0,1.0,1.0,1.0,0.0012740991549518,0.0297125764220534,1.0,2.020092433774323,22.51267593600096,
cutoff,100000.0,0,pelt,tuned_global_f1,"{""penalty_factor"": 2.0, ""k_sigma"": 2.0}",177,177,177,1.0,1.0,1.0,1.0,0.0012677438249124,0.0297125764220534,1.0,2.020092433774323,28.336970929000017,
cutoff,100000.0,0,pelt,tuned_global_f1_x_level_acc,"{""penalty_factor"": 2.0, ""k_sigma"": 2.0}",177,177,177,1.0,1.0,1.0,1.0,0.0012677438249124,0.0297125764220534,1.0,2.020092433774323,28.336970929000017,
cutoff,100000.0,1,pelt,default,,186,186,186,1.0,1.0,1.0,1.0,0.0013502743038653,0.0219028111383321,0.9946236559139784,1.8329055593291343,22.59422412799904,
cutoff,100000.0,1,pelt,tuned_global_f1,"{""penalty_factor"": 2.0, ""k_sigma"": 2.0}",186,186,186,1.0,1.0,1.0,1.0,0.0013502743038653,0.0219028111383321,1.0,1.8329055593291343,27.80666775700047,
cutoff,100000.0,1,pelt,tuned_global_f1_x_level_acc,"{""penalty_factor"": 2.0, ""k_sigma"": 2.0}",186,186,186,1.0,1.0,1.0,1.0,0.0013502743038653,0.0219028111383321,1.0,1.8329055593291343,27.80666775700047,
cutoff,100000.0,0,mosaic,default,,177,15,12,0.0677966101694915,0.8,0.125,0.1354166666666666,0.005734603309798,0.0251621905198009,0.75,,3.439736170999822,
cutoff,100000.0,0,mosaic,tuned_global_f1,"{""eventThreshold"": 3.0, ""StepSize"": 5.0}",177,145,128,0.7231638418079096,0.8827586206896552,0.7950310559006211,0.9006211180124224,0.0022358278445807,0.0256663760731635,0.796875,6.617990764623549,3.053126171998884,
cutoff,100000.0,0,mosaic,tuned_global_f1_x_level_acc,"{""eventThreshold"": 3.0, ""StepSize"": 5.0}",177,145,128,0.7231638418079096,0.8827586206896552,0.7950310559006211,0.9006211180124224,0.0022358278445807,0.0256663760731635,0.796875,6.617990764623549,3.053126171998884,
cutoff,100000.0,2,pelt,default,,211,211,211,1.0,1.0,1.0,1.0,0.0013176072944152,0.0289056320100223,0.995260663507109,2.048698831469409,20.41991926599985,
cutoff,100000.0,2,pelt,tuned_global_f1,"{""penalty_factor"": 2.0, ""k_sigma"": 2.0}",211,211,211,1.0,1.0,1.0,1.0,0.0012979219312178,0.0289056320100223,1.0,2.048698831469409,21.747210245999668,
cutoff,100000.0,2,pelt,tuned_global_f1_x_level_acc,"{""penalty_factor"": 2.0, ""k_sigma"": 2.0}",211,211,211,1.0,1.0,1.0,1.0,0.0012979219312178,0.0289056320100223,1.0,2.048698831469409,21.747210245999668,
cutoff,100000.0,2,mosaic,default,,211,27,26,0.1232227488151658,0.9629629629629628,0.2184873949579831,0.226890756302521,0.0033135315376513,0.0167925561667392,0.9230769230769232,,4.012436187000276,
cutoff,100000.0,2,mosaic,tuned_global_f1,"{""eventThreshold"": 3.0, ""StepSize"": 5.0}",211,185,158,0.7488151658767772,0.8540540540540541,0.797979797979798,0.9343434343434344,0.0019275808881604,0.0200200707426951,0.879746835443038,5.397896420511472,4.784975996000867,
cutoff,100000.0,2,mosaic,tuned_global_f1_x_level_acc,"{""eventThreshold"": 3.0, ""StepSize"": 5.0}",211,185,158,0.7488151658767772,0.8540540540540541,0.797979797979798,0.9343434343434344,0.0019275808881604,0.0200200707426951,0.879746835443038,5.397896420511472,4.784975996000867,
cutoff,100000.0,1,mosaic,default,,186,9,9,0.0483870967741935,1.0,0.0923076923076923,0.0923076923076923,0.1704464723670057,0.0302132997881897,0.7777777777777778,,3.979544864001582,
cutoff,100000.0,1,mosaic,tuned_global_f1,"{""eventThreshold"": 3.0, ""StepSize"": 5.0}",186,157,138,0.7419354838709677,0.8789808917197452,0.80466472303207,0.9154518950437316,0.0020082690274854,0.0270978115151329,0.8115942028985508,4.8915344654371085,5.168658787000823,
cutoff,100000.0,1,mosaic,tuned_global_f1_x_level_acc,"{""eventThreshold"": 3.0, ""StepSize"": 5.0}",186,157,138,0.7419354838709677,0.8789808917197452,0.80466472303207,0.9154518950437316,0.0020082690274854,0.0270978115151329,0.8115942028985508,4.8915344654371085,5.168658787000823,
cutoff,100000.0,3,mosaic,default,,186,13,11,0.0591397849462365,0.8461538461538461,0.1105527638190954,0.1206030150753768,0.0683742224864502,0.0309307787081953,0.8181818181818182,,5.239269207999314,
cutoff,100000.0,3,mosaic,tuned_global_f1,"{""eventThreshold"": 3.0, ""StepSize"": 5.0}",186,157,136,0.7311827956989247,0.8662420382165605,0.793002915451895,0.9154518950437316,0.0023710610864892,0.0248239408743041,0.8823529411764706,5.399548342999161,3.587914146999537,
cutoff,100000.0,3,mosaic,tuned_global_f1_x_level_acc,"{""eventThreshold"": 3.0, ""StepSize"": 5.0}",186,157,136,0.7311827956989247,0.8662420382165605,0.793002915451895,0.9154518950437316,0.0023710610864892,0.0248239408743041,0.8823529411764706,5.399548342999161,3.587914146999537,
cutoff,100000.0,4,mosaic,default,,194,17,13,0.0670103092783505,0.7647058823529411,0.1232227488151658,0.1611374407582938,0.1372157672004291,0.0162376012116993,1.0,,5.256068680999306,
cutoff,100000.0,4,mosaic,tuned_global_f1,"{""eventThreshold"": 3.0, ""StepSize"": 5.0}",194,161,137,0.7061855670103093,0.8509316770186336,0.771830985915493,0.9070422535211268,0.0020815477659468,0.0180149790071368,0.8321167883211679,5.028974491727567,4.032225814000412,
cutoff,100000.0,4,mosaic,tuned_global_f1_x_level_acc,"{""eventThreshold"": 3.0, ""StepSize"": 5.0}",194,161,137,0.7061855670103093,0.8509316770186336,0.771830985915493,0.9070422535211268,0.0020815477659468,0.0180149790071368,0.8321167883211679,5.028974491727567,4.032225814000412,
cutoff,100000.0,3,pelt,default,,186,186,186,1.0,1.0,1.0,1.0,0.0015532714521444,0.0297620354829895,1.0,2.0448791273608435,18.313891130999764,
cutoff,100000.0,3,pelt,tuned_global_f1,"{""penalty_factor"": 2.0, ""k_sigma"": 2.0}",186,186,186,1.0,1.0,1.0,1.0,0.0015532714521444,0.0297620354829895,1.0,2.0448791273608435,29.64313017699897,
cutoff,100000.0,3,pelt,tuned_global_f1_x_level_acc,"{""penalty_factor"": 2.0, ""k_sigma"": 2.0}",186,186,186,1.0,1.0,1.0,1.0,0.0015532714521444,0.0297620354829895,1.0,2.0448791273608435,29.64313017699897,
cutoff,100000.0,1,threshold+nanotrees,default,,186,186,186,1.0,1.0,1.0,1.0,0.0040987248383415,0.0204981006596811,0.521505376344086,,6.320900552000239,
cutoff,100000.0,1,threshold+nanotrees,tuned_global_f1,"{""k_sigma"": 5.0, ""smallest_sublevel_pa"": 80.0}",186,186,186,1.0,1.0,1.0,1.0,0.0040987248383415,0.0204981006596811,0.521505376344086,,5.752494414000466,
cutoff,100000.0,1,threshold+nanotrees,tuned_global_f1_x_level_acc,"{""k_sigma"": 5.0, ""smallest_sublevel_pa"": 20.0}",186,186,186,1.0,1.0,1.0,1.0,0.0027749935320224,0.0161768291135507,0.9838709677419356,7.453960220754618,5.752767144000245,
cutoff,100000.0,0,threshold+nanotrees,default,,177,177,177,1.0,1.0,1.0,1.0,0.0046973820369213,0.0278074029267259,0.4971751412429379,,6.047887257000184,
cutoff,100000.0,0,threshold+nanotrees,tuned_global_f1,"{""k_sigma"": 5.0, ""smallest_sublevel_pa"": 80.0}",177,177,177,1.0,1.0,1.0,1.0,0.0046973820369213,0.0278074029267259,0.4971751412429379,,6.234532301999934,
cutoff,100000.0,0,threshold+nanotrees,tuned_global_f1_x_level_acc,"{""k_sigma"": 5.0, ""smallest_sublevel_pa"": 20.0}",177,177,177,1.0,1.0,1.0,1.0,0.003675157643699,0.0163517597506252,0.9943502824858758,8.723321730075284,6.000180945000466,
cutoff,100000.0,4,pelt,default,,194,194,194,1.0,1.0,1.0,1.0,0.00148749353491,0.0243101535215553,1.0,1.9358491361032293,19.88279388099909,
cutoff,100000.0,4,pelt,tuned_global_f1,"{""penalty_factor"": 2.0, ""k_sigma"": 2.0}",194,194,194,1.0,1.0,1.0,1.0,0.0014833663425325,0.0243101535215553,1.0,1.9358491361032293,28.394739822999327,
cutoff,100000.0,4,pelt,tuned_global_f1_x_level_acc,"{""penalty_factor"": 2.0, ""k_sigma"": 2.0}",194,194,194,1.0,1.0,1.0,1.0,0.0014833663425325,0.0243101535215553,1.0,1.9358491361032293,28.394739822999327,
cutoff,100000.0,0,autonanopore,default,,177,0,0,0.0,0.0,0.0,0.0,,,,,0.3113765250000142,
cutoff,100000.0,0,autonanopore,tuned_global_f1,"{""window_size_ms"": 5, ""theta"": 0.5}",177,125,115,0.6497175141242938,0.92,0.76158940397351,0.8278145695364238,0.0037638608289761,0.3349487333333333,,,0.5327013570004056,
cutoff,100000.0,1,autonanopore,default,,186,0,0,0.0,0.0,0.0,0.0,,,,,0.4510305669991794,
cutoff,100000.0,1,autonanopore,tuned_global_f1,"{""window_size_ms"": 5, ""theta"": 0.5}",186,124,113,0.6075268817204301,0.9112903225806452,0.7290322580645161,0.8,0.0044054559992429,0.3566609999999999,,,0.7258763139998337,
cutoff,100000.0,2,autonanopore,default,,211,0,0,0.0,0.0,0.0,0.0,,,,,0.5604415709985915,
cutoff,100000.0,2,autonanopore,tuned_global_f1,"{""window_size_ms"": 5, ""theta"": 0.5}",211,132,128,0.6066350710900474,0.9696969696969696,0.7463556851311954,0.7696793002915452,0.0043093392549676,0.3363648333333334,,,0.8041432490008447,
cutoff,100000.0,3,autonanopore,default,,186,0,0,0.0,0.0,0.0,0.0,,,,,0.3263260199983051,
cutoff,100000.0,3,autonanopore,tuned_global_f1,"{""window_size_ms"": 5, ""theta"": 0.5}",186,125,114,0.6129032258064516,0.912,0.7331189710610932,0.797427652733119,0.0041871700787565,0.332566548880726,,,0.6002403379989119,
cutoff,100000.0,4,autonanopore,default,,194,0,0,0.0,0.0,0.0,0.0,,,,,0.4291331619988341,
cutoff,100000.0,4,autonanopore,tuned_global_f1,"{""window_size_ms"": 5, ""theta"": 0.5}",194,127,122,0.6288659793814433,0.9606299212598424,0.7601246105919002,0.7912772585669783,0.0038862800285036,0.3610436550818409,,,0.7319274249985028,
cutoff,100000.0,2,threshold+nanotrees,default,,211,213,211,1.0,0.9906103286384976,0.9952830188679246,0.9952830188679246,0.0042266935302363,0.0262698650455073,0.5497630331753555,,6.4867839310009,
cutoff,100000.0,2,threshold+nanotrees,tuned_global_f1,"{""k_sigma"": 5.0, ""smallest_sublevel_pa"": 80.0}",211,213,211,1.0,0.9906103286384976,0.9952830188679246,0.9952830188679246,0.0042266935302363,0.0262698650455073,0.5497630331753555,,7.090459001001364,
cutoff,100000.0,2,threshold+nanotrees,tuned_global_f1_x_level_acc,"{""k_sigma"": 5.0, ""smallest_sublevel_pa"": 20.0}",211,213,210,0.995260663507109,0.9859154929577464,0.9905660377358492,0.9952830188679246,0.0038259657782576,0.0168640253854463,0.9904761904761904,9.133186862131382,5.521678219998648,
cutoff,100000.0,3,threshold+nanotrees,default,,186,187,186,1.0,0.9946524064171124,0.9973190348525468,0.9973190348525468,0.0045391250447559,0.0255669565409224,0.532258064516129,,6.287488251999093,
cutoff,100000.0,3,threshold+nanotrees,tuned_global_f1,"{""k_sigma"": 5.0, ""smallest_sublevel_pa"": 80.0}",186,187,186,1.0,0.9946524064171124,0.9973190348525468,0.9973190348525468,0.0045391250447559,0.0255669565409224,0.532258064516129,,6.008022429999983,
cutoff,100000.0,3,threshold+nanotrees,tuned_global_f1_x_level_acc,"{""k_sigma"": 5.0, ""smallest_sublevel_pa"": 20.0}",186,187,185,0.9946236559139784,0.9893048128342246,0.9919571045576406,0.9973190348525468,0.0031052582879665,0.015735956332665,0.9837837837837838,8.314867815939486,6.330438555000001,
cutoff,100000.0,4,threshold+nanotrees,default,,194,196,194,1.0,0.9897959183673468,0.9948717948717948,0.9948717948717948,0.0042627195200133,0.0222353394199781,0.5154639175257731,,6.907645743000103,
cutoff,100000.0,4,threshold+nanotrees,tuned_global_f1,"{""k_sigma"": 5.0, ""smallest_sublevel_pa"": 80.0}",194,196,194,1.0,0.9897959183673468,0.9948717948717948,0.9948717948717948,0.0042627195200133,0.0222353394199781,0.5154639175257731,,6.781162915000095,
cutoff,100000.0,4,threshold+nanotrees,tuned_global_f1_x_level_acc,"{""k_sigma"": 5.0, ""smallest_sublevel_pa"": 20.0}",194,196,193,0.9948453608247424,0.9846938775510204,0.98974358974359,0.9948717948717948,0.0035816857923605,0.0172301469141018,0.9896373056994818,7.237259364245574,6.133349384999747,
drift,0.0,0,nano_ext[dpgmm],default,,177,175,175,0.9887005649717514,1.0,0.994318181818182,0.994318181818182,0.0046973820369213,0.0273805376515096,0.7771428571428571,5.040917347098883,5.4857757889985805,
drift,0.0,0,nano_ext[dpgmm],tuned_global_f1,"{""threshold_method"": ""dpgmm"", ""sublevel_method"": ""dpgmm"", ""min_event_duration_sec"": 1e-05, ""filter_cutoff"": 10000.0}",177,177,177,1.0,1.0,1.0,1.0,0.0250835378163903,0.0457998397257099,0.6271186440677966,7.105461428569271,4.277686284000083,
drift,0.0,0,nano_ext[dpgmm],tuned_global_f1_x_level_acc,"{""threshold_method"": ""dpgmm"", ""sublevel_method"": ""dpgmm"", ""min_event_duration_sec"": 1e-05, ""filter_cutoff"": null}",177,177,177,1.0,1.0,1.0,1.0,0.0047185916676979,0.0273805376515096,0.7740112994350282,5.040917347098883,6.077457267998398,
drift,0.0,1,nano_ext[dpgmm],default,,186,186,186,1.0,1.0,1.0,1.0,0.0050462604053232,0.0226678195227723,0.7849462365591398,2.950270738488747,5.98926851899887,
drift,0.0,1,nano_ext[dpgmm],tuned_global_f1,"{""threshold_method"": ""dpgmm"", ""sublevel_method"": ""dpgmm"", ""min_event_duration_sec"": 1e-05, ""filter_cutoff"": 10000.0}",186,186,186,1.0,1.0,1.0,1.0,0.0250669037849171,0.0412932938268103,0.5967741935483871,6.868014547078971,4.664660393998929,
drift,0.0,1,nano_ext[dpgmm],tuned_global_f1_x_level_acc,"{""threshold_method"": ""dpgmm"", ""sublevel_method"": ""dpgmm"", ""min_event_duration_sec"": 1e-05, ""filter_cutoff"": null}",186,187,186,1.0,0.9946524064171124,0.9973190348525468,0.9973190348525468,0.0050462604053232,0.0226678195227723,0.7849462365591398,2.950270738488747,6.679891297999347,
drift,0.0,2,nano_ext[dpgmm],default,,211,211,211,1.0,1.0,1.0,1.0,0.0054064500436915,0.0261060510516809,0.8056872037914692,3.720857539579736,6.82190918300148,
drift,0.0,2,nano_ext[dpgmm],tuned_global_f1,"{""threshold_method"": ""dpgmm"", ""sublevel_method"": ""dpgmm"", ""min_event_duration_sec"": 1e-05, ""filter_cutoff"": 10000.0}",211,211,211,1.0,1.0,1.0,1.0,0.0279420161086478,0.0478660506801198,0.6635071090047393,5.695947557060599,4.4986786150002445,
drift,0.0,2,nano_ext[dpgmm],tuned_global_f1_x_level_acc,"{""threshold_method"": ""dpgmm"", ""sublevel_method"": ""dpgmm"", ""min_event_duration_sec"": 1e-05, ""filter_cutoff"": null}",211,211,211,1.0,1.0,1.0,1.0,0.0054064500436915,0.0261060510516809,0.8056872037914692,3.720857539579736,6.121822813998733,
drift,0.0,3,nano_ext[dpgmm],default,,186,186,186,1.0,1.0,1.0,1.0,0.0055654537331856,0.025229263305664,0.7580645161290323,6.484450008947817,6.476163708999593,
drift,0.0,3,nano_ext[dpgmm],tuned_global_f1,"{""threshold_method"": ""dpgmm"", ""sublevel_method"": ""dpgmm"", ""min_event_duration_sec"": 1e-05, ""filter_cutoff"": 10000.0}",186,186,186,1.0,1.0,1.0,1.0,0.0244112751572976,0.0398593920432567,0.6344086021505376,3.247582058746312,4.745095132999268,
drift,0.0,3,nano_ext[dpgmm],tuned_global_f1_x_level_acc,"{""threshold_method"": ""dpgmm"", ""sublevel_method"": ""dpgmm"", ""min_event_duration_sec"": 1e-05, ""filter_cutoff"": null}",186,186,186,1.0,1.0,1.0,1.0,0.0055654537331856,0.025229263305664,0.7580645161290323,6.484450008947817,6.323326243000338,
drift,0.0,4,nano_ext[dpgmm],default,,194,193,193,0.9948453608247424,1.0,0.9974160206718348,0.9974160206718348,0.0049965226794232,0.0221967061360675,0.8082901554404145,3.779579076379491,6.267363685999953,
drift,0.0,4,nano_ext[dpgmm],tuned_global_f1,"{""threshold_method"": ""dpgmm"", ""sublevel_method"": ""dpgmm"", ""min_event_duration_sec"": 1e-05, ""filter_cutoff"": 10000.0}",194,194,194,1.0,1.0,1.0,1.0,0.0271025445772715,0.0435733159383137,0.6494845360824743,6.027185600609997,5.427567579001334,
drift,0.0,4,nano_ext[dpgmm],tuned_global_f1_x_level_acc,"{""threshold_method"": ""dpgmm"", ""sublevel_method"": ""dpgmm"", ""min_event_duration_sec"": 1e-05, ""filter_cutoff"": null}",194,194,194,1.0,1.0,1.0,1.0,0.0050293340396589,0.022507349650065,0.8041237113402062,3.779579076379491,6.378438862999246,
drift,0.0,0,nano_ext[gmm],default,,177,175,175,0.9887005649717514,1.0,0.994318181818182,0.994318181818182,0.0061228620033503,0.0278299285090839,0.76,5.510873215541778,14.327615985999728,
drift,0.0,0,nano_ext[gmm],tuned_global_f1,"{""threshold_method"": ""gmm"", ""sublevel_method"": ""gmm"", ""min_event_duration_sec"": 0.0001, ""filter_cutoff"": 10000.0}",177,796,177,1.0,0.2223618090452261,0.3638232271325796,0.3638232271325796,0.1002456285118576,0.1070236841837565,0.5423728813559322,11.587195756224132,13.635084680001455,
drift,0.0,0,nano_ext[gmm],tuned_global_f1_x_level_acc,"{""threshold_method"": ""gmm"", ""sublevel_method"": ""gmm"", ""min_event_duration_sec"": 3e-05, ""filter_cutoff"": null}",177,177,177,1.0,1.0,1.0,1.0,0.0061602828760858,0.0278299285090839,0.7570621468926554,5.510873215541778,15.706751451001765,
drift,0.0,1,nano_ext[gmm],default,,186,186,186,1.0,1.0,1.0,1.0,0.0161545874847155,0.0276174617933681,0.7473118279569892,6.276966114493465,13.689692036999986,
drift,0.0,1,nano_ext[gmm],tuned_global_f1,"{""threshold_method"": ""gmm"", ""sublevel_method"": ""gmm"", ""min_event_duration_sec"": 0.0001, ""filter_cutoff"": 10000.0}",186,186,186,1.0,1.0,1.0,1.0,0.0457160334135149,0.0568290915904428,0.532258064516129,10.331222651482896,15.28663842900096,
drift,0.0,1,nano_ext[gmm],tuned_global_f1_x_level_acc,"{""threshold_method"": ""gmm"", ""sublevel_method"": ""gmm"", ""min_event_duration_sec"": 3e-05, ""filter_cutoff"": null}",186,321,186,1.0,0.5794392523364486,0.7337278106508875,0.7337278106508875,0.0161545874847155,0.0276174617933681,0.7473118279569892,6.276966114493465,15.232972207000785,
drift,0.0,0,threshold,default,,177,177,177,1.0,1.0,1.0,1.0,0.0155554673972248,0.0280262586926823,,,0.0624908720001258,
drift,0.0,0,threshold,tuned_global_f1,"{""k_sigma"": 5.0, ""k_exit"": 0.5}",177,177,177,1.0,1.0,1.0,1.0,0.0235411875464683,0.0276657231648762,,,0.0569610279999324,
drift,0.0,1,threshold,default,,186,186,186,1.0,1.0,1.0,1.0,0.0123046997970019,0.0220185171671052,,,0.0648443170011887,
drift,0.0,1,threshold,tuned_global_f1,"{""k_sigma"": 5.0, ""k_exit"": 0.5}",186,186,186,1.0,1.0,1.0,1.0,0.0198612468662556,0.0217160841431102,,,0.0601390479987458,
drift,0.0,2,threshold,default,,211,211,211,1.0,1.0,1.0,1.0,0.0129447402256018,0.0239456736432005,,,0.0569901919989206,
drift,0.0,2,threshold,tuned_global_f1,"{""k_sigma"": 5.0, ""k_exit"": 0.5}",211,211,211,1.0,1.0,1.0,1.0,0.0198564281082807,0.023969115779898,,,0.0474285830005101,
drift,0.0,3,threshold,default,,186,187,186,1.0,0.9946524064171124,0.9973190348525468,0.9973190348525468,0.0134139303189145,0.0250919225914021,,,0.0625082079986896,
drift,0.0,3,threshold,tuned_global_f1,"{""k_sigma"": 5.0, ""k_exit"": 0.5}",186,186,186,1.0,1.0,1.0,1.0,0.0228936088411723,0.0247561153408036,,,0.0583427299989125,
drift,0.0,4,threshold,default,,194,194,194,1.0,1.0,1.0,1.0,0.0141495091121523,0.0209918406256132,,,0.0684978980007144,
drift,0.0,4,threshold,tuned_global_f1,"{""k_sigma"": 5.0, ""k_exit"": 0.5}",194,194,194,1.0,1.0,1.0,1.0,0.0212749331668695,0.0225655438472943,,,0.0542321310003899,
drift,0.0,2,nano_ext[gmm],default,,211,211,211,1.0,1.0,1.0,1.0,0.0063663275636199,0.0264663696289062,0.7819905213270142,4.534729410643479,16.00338747099886,
drift,0.0,2,nano_ext[gmm],tuned_global_f1,"{""threshold_method"": ""gmm"", ""sublevel_method"": ""gmm"", ""min_event_duration_sec"": 0.0001, ""filter_cutoff"": 10000.0}",211,211,211,1.0,1.0,1.0,1.0,0.0298303446593349,0.0509536420796431,0.5497630331753555,14.941066470708364,15.133895000999471,
drift,0.0,2,nano_ext[gmm],tuned_global_f1_x_level_acc,"{""threshold_method"": ""gmm"", ""sublevel_method"": ""gmm"", ""min_event_duration_sec"": 3e-05, ""filter_cutoff"": null}",211,211,211,1.0,1.0,1.0,1.0,0.0063663275636199,0.0264663696289062,0.7819905213270142,4.534729410643479,15.681432679000864,
drift,0.0,3,nano_ext[gmm],default,,186,186,186,1.0,1.0,1.0,1.0,0.0126453842576535,0.0278142236486577,0.7311827956989247,6.688631623896768,16.09298631099955,
drift,0.0,3,nano_ext[gmm],tuned_global_f1,"{""threshold_method"": ""gmm"", ""sublevel_method"": ""gmm"", ""min_event_duration_sec"": 0.0001, ""filter_cutoff"": 10000.0}",186,214,186,1.0,0.8691588785046729,0.93,0.93,0.0618702557754917,0.0673894974342125,0.5,10.982494703881684,15.577885471000627,
drift,0.0,3,nano_ext[gmm],tuned_global_f1_x_level_acc,"{""threshold_method"": ""gmm"", ""sublevel_method"": ""gmm"", ""min_event_duration_sec"": 3e-05, ""filter_cutoff"": null}",186,192,186,1.0,0.96875,0.984126984126984,0.984126984126984,0.0126453842576535,0.0278142236486577,0.7311827956989247,6.688631623896768,16.558377387998917,
drift,0.0,1,pelt,default,,186,189,186,1.0,0.984126984126984,0.992,0.992,0.0023471909243934,0.0247512218611498,0.8709677419354839,3.31041738999005,11.149773580998954,
drift,0.0,1,pelt,tuned_global_f1,"{""penalty_factor"": 2.0, ""k_sigma"": 2.0}",186,186,186,1.0,1.0,1.0,1.0,0.0024629731795256,0.0244494828647962,0.9946236559139784,2.993865591438549,22.04777611499958,
drift,0.0,1,pelt,tuned_global_f1_x_level_acc,"{""penalty_factor"": 2.0, ""k_sigma"": 2.0}",186,186,186,1.0,1.0,1.0,1.0,0.0024629731795256,0.0244494828647962,0.9946236559139784,2.993865591438549,22.04777611499958,
drift,0.0,0,pelt,default,,177,182,177,1.0,0.9725274725274724,0.9860724233983288,0.9860724233983288,0.0021607605529619,0.0350758012541024,0.8418079096045198,3.8976830145642793,10.88052874099958,
drift,0.0,0,pelt,tuned_global_f1,"{""penalty_factor"": 2.0, ""k_sigma"": 2.0}",177,177,177,1.0,1.0,1.0,1.0,0.0023045728695009,0.0346415427973873,0.9943502824858758,3.869767782216371,25.36272472500059,
drift,0.0,0,pelt,tuned_global_f1_x_level_acc,"{""penalty_factor"": 2.0, ""k_sigma"": 2.0}",177,177,177,1.0,1.0,1.0,1.0,0.0023045728695009,0.0346415427973873,0.9943502824858758,3.869767782216371,25.36272472500059,
drift,0.0,4,nano_ext[gmm],default,,194,193,193,0.9948453608247424,1.0,0.9974160206718348,0.9974160206718348,0.0129045239548561,0.0246773369671623,0.7875647668393783,3.684305066808946,15.563290339001467,
drift,0.0,4,nano_ext[gmm],tuned_global_f1,"{""threshold_method"": ""gmm"", ""sublevel_method"": ""gmm"", ""min_event_duration_sec"": 0.0001, ""filter_cutoff"": 10000.0}",194,194,194,1.0,1.0,1.0,1.0,0.0292632075400615,0.0437820805472501,0.5927835051546392,14.16994199776589,14.411997875999075,
drift,0.0,4,nano_ext[gmm],tuned_global_f1_x_level_acc,"{""threshold_method"": ""gmm"", ""sublevel_method"": ""gmm"", ""min_event_duration_sec"": 3e-05, ""filter_cutoff"": null}",194,196,194,1.0,0.9897959183673468,0.9948717948717948,0.9948717948717948,0.0129475033148191,0.0246785783550004,0.7835051546391752,3.684305066808946,15.439064676000273,
drift,0.0,2,pelt,default,,211,217,211,1.0,0.9723502304147466,0.985981308411215,0.985981308411215,0.0023337283514355,0.0280397630556056,0.8199052132701422,2.5900746102314187,12.384136513999692,
drift,0.0,2,pelt,tuned_global_f1,"{""penalty_factor"": 2.0, ""k_sigma"": 2.0}",211,211,211,1.0,1.0,1.0,1.0,0.0022913898330318,0.0282060025022333,1.0,2.598872901549143,20.19796182400023,
drift,0.0,2,pelt,tuned_global_f1_x_level_acc,"{""penalty_factor"": 2.0, ""k_sigma"": 2.0}",211,211,211,1.0,1.0,1.0,1.0,0.0022913898330318,0.0282060025022333,1.0,2.598872901549143,20.19796182400023,
drift,0.0,0,mosaic,default,,177,25,18,0.1016949152542373,0.72,0.1782178217821782,0.198019801980198,0.0114435247834245,0.0366556071690966,0.8333333333333334,,3.3931133060013963,
drift,0.0,0,mosaic,tuned_global_f1,"{""eventThreshold"": 3.0, ""StepSize"": 5.0}",177,147,132,0.7457627118644068,0.8979591836734694,0.8148148148148148,0.9074074074074074,0.0037618838638965,0.0305334960667518,0.803030303030303,7.224614903100779,3.177280902998973,
drift,0.0,0,mosaic,tuned_global_f1_x_level_acc,"{""eventThreshold"": 3.0, ""StepSize"": 5.0}",177,147,132,0.7457627118644068,0.8979591836734694,0.8148148148148148,0.9074074074074074,0.0037618838638965,0.0305334960667518,0.803030303030303,7.224614903100779,3.177280902998973,
drift,0.0,1,mosaic,default,,186,30,20,0.1075268817204301,0.6666666666666666,0.1851851851851851,0.2407407407407407,0.0156798720424811,0.0351237578309399,0.85,,3.664537796001241,
drift,0.0,1,mosaic,tuned_global_f1,"{""eventThreshold"": 3.0, ""StepSize"": 5.0}",186,167,153,0.8225806451612904,0.9161676646706588,0.8668555240793201,0.9461756373937676,0.0030050406903162,0.0413557928119503,0.8104575163398693,5.071805928125173,2.990560076001202,
drift,0.0,1,mosaic,tuned_global_f1_x_level_acc,"{""eventThreshold"": 3.0, ""StepSize"": 5.0}",186,167,153,0.8225806451612904,0.9161676646706588,0.8668555240793201,0.9461756373937676,0.0030050406903162,0.0413557928119503,0.8104575163398693,5.071805928125173,2.990560076001202,
drift,0.0,2,mosaic,default,,211,59,51,0.2417061611374407,0.864406779661017,0.3777777777777777,0.3999999999999999,0.0049686509655844,0.0309862994053815,0.8431372549019608,,3.74338416899991,
drift,0.0,2,mosaic,tuned_global_f1,"{""eventThreshold"": 3.0, ""StepSize"": 5.0}",211,192,167,0.7914691943127962,0.8697916666666666,0.8287841191066997,0.9528535980148882,0.0028898897005951,0.0327215350859348,0.8862275449101796,5.497905807283487,3.1566173150004038,
drift,0.0,2,mosaic,tuned_global_f1_x_level_acc,"{""eventThreshold"": 3.0, ""StepSize"": 5.0}",211,192,167,0.7914691943127962,0.8697916666666666,0.8287841191066997,0.9528535980148882,0.0028898897005951,0.0327215350859348,0.8862275449101796,5.497905807283487,3.1566173150004038,
drift,0.0,3,mosaic,default,,186,34,23,0.1236559139784946,0.6764705882352942,0.209090909090909,0.2636363636363636,0.0063587492821448,0.0370943884532824,0.8695652173913043,,4.020544209999571,
drift,0.0,3,mosaic,tuned_global_f1,"{""eventThreshold"": 3.0, ""StepSize"": 5.0}",186,163,144,0.7741935483870968,0.8834355828220859,0.825214899713467,0.9340974212034384,0.0035150008132359,0.0348581042616753,0.9027777777777778,6.106506434067072,3.0798224240006675,
drift,0.0,3,mosaic,tuned_global_f1_x_level_acc,"{""eventThreshold"": 3.0, ""StepSize"": 5.0}",186,163,144,0.7741935483870968,0.8834355828220859,0.825214899713467,0.9340974212034384,0.0035150008132359,0.0348581042616753,0.9027777777777778,6.106506434067072,3.0798224240006675,
drift,0.0,4,mosaic,default,,194,52,38,0.1958762886597938,0.7307692307692307,0.3089430894308943,0.3658536585365853,0.0097317346421951,0.0201049130870674,0.9210526315789472,,3.8143229560009786,
drift,0.0,4,mosaic,tuned_global_f1,"{""eventThreshold"": 3.0, ""StepSize"": 5.0}",194,172,147,0.7577319587628866,0.8546511627906976,0.8032786885245901,0.9398907103825136,0.0030397977372508,0.0277184312406605,0.8775510204081632,5.460850287741792,2.681392571001197,
drift,0.0,4,mosaic,tuned_global_f1_x_level_acc,"{""eventThreshold"": 3.0, ""StepSize"": 5.0}",194,172,147,0.7577319587628866,0.8546511627906976,0.8032786885245901,0.9398907103825136,0.0030397977372508,0.0277184312406605,0.8775510204081632,5.460850287741792,2.681392571001197,
drift,0.0,4,pelt,default,,194,200,194,1.0,0.97,0.9847715736040608,0.9847715736040608,0.002139719553229,0.0264231639723293,0.8092783505154639,2.9823222002858807,10.28897072899963,
drift,0.0,4,pelt,tuned_global_f1,"{""penalty_factor"": 2.0, ""k_sigma"": 2.0}",194,194,194,1.0,1.0,1.0,1.0,0.0019467412209097,0.0260375185540116,1.0,3.041588868608891,23.34600498999862,
drift,0.0,4,pelt,tuned_global_f1_x_level_acc,"{""penalty_factor"": 2.0, ""k_sigma"": 2.0}",194,194,194,1.0,1.0,1.0,1.0,0.0019467412209097,0.0260375185540116,1.0,3.041588868608891,23.34600498999862,
drift,0.0,3,pelt,default,,186,190,186,1.0,0.9789473684210528,0.9893617021276596,0.9893617021276596,0.0026412862256399,0.0315745765577638,0.8225806451612904,3.106730750879194,10.633318331001648,
drift,0.0,3,pelt,tuned_global_f1,"{""penalty_factor"": 2.0, ""k_sigma"": 2.0}",186,186,186,1.0,1.0,1.0,1.0,0.0023710610864892,0.0313230212340728,1.0,3.106730750879194,24.659692330000325,
drift,0.0,3,pelt,tuned_global_f1_x_level_acc,"{""penalty_factor"": 2.0, ""k_sigma"": 2.0}",186,186,186,1.0,1.0,1.0,1.0,0.0023710610864892,0.0313230212340728,1.0,3.106730750879194,24.659692330000325,
drift,0.0,0,threshold+nanotrees,default,,177,177,177,1.0,1.0,1.0,1.0,0.0155554673972248,0.0280262586926823,0.4971751412429379,,5.804410437000115,
drift,0.0,0,threshold+nanotrees,tuned_global_f1,"{""k_sigma"": 5.0, ""smallest_sublevel_pa"": 80.0}",177,177,177,1.0,1.0,1.0,1.0,0.0155554673972248,0.0280262586926823,0.4971751412429379,,5.142516169000373,
drift,0.0,0,threshold+nanotrees,tuned_global_f1_x_level_acc,"{""k_sigma"": 5.0, ""smallest_sublevel_pa"": 20.0}",177,177,177,1.0,1.0,1.0,1.0,0.0063318961912328,0.0243587246712647,0.96045197740113,12.585711205326255,6.203935741999885,
drift,0.0,1,threshold+nanotrees,default,,186,186,186,1.0,1.0,1.0,1.0,0.0123046997970019,0.0220185171671052,0.521505376344086,,6.207291018999968,
drift,0.0,1,threshold+nanotrees,tuned_global_f1,"{""k_sigma"": 5.0, ""smallest_sublevel_pa"": 80.0}",186,186,186,1.0,1.0,1.0,1.0,0.0123046997970019,0.0220185171671052,0.521505376344086,,5.8113523430001806,
drift,0.0,1,threshold+nanotrees,tuned_global_f1_x_level_acc,"{""k_sigma"": 5.0, ""smallest_sublevel_pa"": 20.0}",186,186,186,1.0,1.0,1.0,1.0,0.0063869767061277,0.0206413147042139,0.946236559139785,13.183148226847408,7.360940374001075,
drift,0.0,0,autonanopore,default,,177,0,0,0.0,0.0,0.0,0.0,,,,,0.5420504060002713,
drift,0.0,0,autonanopore,tuned_global_f1,"{""window_size_ms"": 5, ""theta"": 0.5}",177,123,111,0.6271186440677966,0.902439024390244,0.74,0.8133333333333332,0.0150421064562786,0.3285645,,,0.9341420519995154,
drift,0.0,1,autonanopore,default,,186,0,0,0.0,0.0,0.0,0.0,,,,,0.5603823400015244,
drift,0.0,1,autonanopore,tuned_global_f1,"{""window_size_ms"": 5, ""theta"": 0.5}",186,136,130,0.6989247311827957,0.9558823529411764,0.8074534161490685,0.84472049689441,0.0091942037313729,0.2931947499999999,,,1.051300949000506,
drift,0.0,2,autonanopore,default,,211,0,0,0.0,0.0,0.0,0.0,,,,,0.4376631029990676,
drift,0.0,2,autonanopore,tuned_global_f1,"{""window_size_ms"": 5, ""theta"": 0.5}",211,148,138,0.6540284360189573,0.9324324324324323,0.7688022284122563,0.8189415041782729,0.0128375466055238,0.310381761861238,,,0.9083104099991032,
drift,0.0,3,autonanopore,default,,186,0,0,0.0,0.0,0.0,0.0,,,,,0.4201901020005607,
drift,0.0,3,autonanopore,tuned_global_f1,"{""window_size_ms"": 5, ""theta"": 0.5}",186,128,119,0.6397849462365591,0.9296875,0.7579617834394904,0.8089171974522292,0.0124795368081311,0.3631268333333332,,,0.7975863330011634,
drift,0.0,4,autonanopore,default,,194,0,0,0.0,0.0,0.0,0.0,,,,,0.3570753950007201,
drift,0.0,4,autonanopore,tuned_global_f1,"{""window_size_ms"": 5, ""theta"": 0.5}",194,137,129,0.6649484536082474,0.9416058394160584,0.7794561933534743,0.8217522658610272,0.0144261738653976,0.3344484074624421,,,0.8782278079997923,
drift,0.0,3,threshold+nanotrees,default,,186,187,186,1.0,0.9946524064171124,0.9973190348525468,0.9973190348525468,0.0134139303189145,0.0250919225914021,0.532258064516129,,7.217378574001486,
drift,0.0,3,threshold+nanotrees,tuned_global_f1,"{""k_sigma"": 5.0, ""smallest_sublevel_pa"": 80.0}",186,187,186,1.0,0.9946524064171124,0.9973190348525468,0.9973190348525468,0.0134139303189145,0.0250919225914021,0.532258064516129,,6.47692465900036,
drift,0.0,3,threshold+nanotrees,tuned_global_f1_x_level_acc,"{""k_sigma"": 5.0, ""smallest_sublevel_pa"": 20.0}",186,187,186,1.0,0.9946524064171124,0.9973190348525468,0.9973190348525468,0.0077059041348957,0.026736944842669,0.935483870967742,10.929593090791556,6.524204549001297,
drift,0.0,2,threshold+nanotrees,default,,211,211,211,1.0,1.0,1.0,1.0,0.0129447402256018,0.0239456736432005,0.5497630331753555,,7.283240587999899,
drift,0.0,2,threshold+nanotrees,tuned_global_f1,"{""k_sigma"": 5.0, ""smallest_sublevel_pa"": 80.0}",211,211,211,1.0,1.0,1.0,1.0,0.0129447402256018,0.0239456736432005,0.5497630331753555,,7.32913605000067,
drift,0.0,2,threshold+nanotrees,tuned_global_f1_x_level_acc,"{""k_sigma"": 5.0, ""smallest_sublevel_pa"": 20.0}",211,211,211,1.0,1.0,1.0,1.0,0.0053532441779047,0.025171806574688,0.957345971563981,14.024134333046057,7.062149494000551,
drift,0.0,4,threshold+nanotrees,default,,194,194,194,1.0,1.0,1.0,1.0,0.0141495091121523,0.0209918406256132,0.5154639175257731,,5.87287243100036,
drift,0.0,4,threshold+nanotrees,tuned_global_f1,"{""k_sigma"": 5.0, ""smallest_sublevel_pa"": 80.0}",194,194,194,1.0,1.0,1.0,1.0,0.0141495091121523,0.0209918406256132,0.5154639175257731,,7.375253728001553,
drift,0.0,4,threshold+nanotrees,tuned_global_f1_x_level_acc,"{""k_sigma"": 5.0, ""smallest_sublevel_pa"": 20.0}",194,194,194,1.0,1.0,1.0,1.0,0.0085081925671613,0.0243587942544985,0.9536082474226804,13.95115828506377,6.391776018999735,
drift,1.0,0,nano_ext[dpgmm],default,,177,188,163,0.9209039548022598,0.8670212765957447,0.8931506849315068,0.9534246575342464,0.0084972762078019,0.166845167074474,0.7239263803680982,4.198225741880446,5.70375642900035,
drift,1.0,0,nano_ext[dpgmm],tuned_global_f1,"{""threshold_method"": ""dpgmm"", ""sublevel_method"": ""dpgmm"", ""min_event_duration_sec"": 1e-05, ""filter_cutoff"": 10000.0}",177,178,177,1.0,0.99438202247191,0.9971830985915492,0.9971830985915492,0.0156334633321118,0.2084128261401784,0.6214689265536724,6.594537051096694,4.515673283000069,
drift,1.0,0,nano_ext[dpgmm],tuned_global_f1_x_level_acc,"{""threshold_method"": ""dpgmm"", ""sublevel_method"": ""dpgmm"", ""min_event_duration_sec"": 1e-05, ""filter_cutoff"": null}",177,241,165,0.9322033898305084,0.6846473029045643,0.7894736842105263,0.8468899521531101,0.0087767590948043,0.1672391854552901,0.7212121212121212,4.198225741880446,5.963819713999328,
drift,1.0,1,nano_ext[dpgmm],default,,186,194,182,0.978494623655914,0.9381443298969072,0.9578947368421052,0.9789473684210526,0.0090548403030472,0.1521939336858324,0.6923076923076923,2.399472702308003,6.098828367999886,
drift,1.0,1,nano_ext[dpgmm],tuned_global_f1,"{""threshold_method"": ""dpgmm"", ""sublevel_method"": ""dpgmm"", ""min_event_duration_sec"": 1e-05, ""filter_cutoff"": 10000.0}",186,186,186,1.0,1.0,1.0,1.0,0.013630804530045,0.1901359443617349,0.5913978494623656,7.883546063514046,5.019741551999687,
drift,1.0,1,nano_ext[dpgmm],tuned_global_f1_x_level_acc,"{""threshold_method"": ""dpgmm"", ""sublevel_method"": ""dpgmm"", ""min_event_duration_sec"": 1e-05, ""filter_cutoff"": null}",186,232,182,0.978494623655914,0.7844827586206896,0.8708133971291866,0.8899521531100478,0.0090548403030472,0.1521939336858324,0.6923076923076923,2.399472702308003,6.658851763999337,
drift,1.0,2,nano_ext[dpgmm],default,,211,221,204,0.966824644549763,0.9230769230769232,0.9444444444444444,0.972222222222222,0.0067645599878241,0.1634085125845677,0.7647058823529411,3.7264215163035352,6.6600550309995015,
drift,1.0,2,nano_ext[dpgmm],tuned_global_f1,"{""threshold_method"": ""dpgmm"", ""sublevel_method"": ""dpgmm"", ""min_event_duration_sec"": 1e-05, ""filter_cutoff"": 10000.0}",211,211,211,1.0,1.0,1.0,1.0,0.0123070968128364,0.1884827005905069,0.6492890995260664,5.45983570954256,5.122524802000044,
drift,1.0,2,nano_ext[dpgmm],tuned_global_f1_x_level_acc,"{""threshold_method"": ""dpgmm"", ""sublevel_method"": ""dpgmm"", ""min_event_duration_sec"": 1e-05, ""filter_cutoff"": null}",211,254,204,0.966824644549763,0.8031496062992126,0.8774193548387097,0.9075268817204302,0.0067645599878241,0.1634085125845677,0.7647058823529411,3.7264215163035352,6.593974783998419,
drift,1.0,3,nano_ext[dpgmm],default,,186,198,178,0.956989247311828,0.898989898989899,0.9270833333333334,0.96875,0.00784616010785,0.1962360528489022,0.7359550561797753,5.700997160351662,5.740237058000275,
drift,1.0,3,nano_ext[dpgmm],tuned_global_f1,"{""threshold_method"": ""dpgmm"", ""sublevel_method"": ""dpgmm"", ""min_event_duration_sec"": 1e-05, ""filter_cutoff"": 10000.0}",186,187,186,1.0,0.9946524064171124,0.9973190348525468,0.9973190348525468,0.0129060742103726,0.2323219635143228,0.6344086021505376,5.412029299378673,4.804585674000919,
drift,1.0,3,nano_ext[dpgmm],tuned_global_f1_x_level_acc,"{""threshold_method"": ""dpgmm"", ""sublevel_method"": ""dpgmm"", ""min_event_duration_sec"": 1e-05, ""filter_cutoff"": null}",186,235,178,0.956989247311828,0.7574468085106383,0.8456057007125891,0.8836104513064134,0.00784616010785,0.1962360528489022,0.7359550561797753,5.700997160351662,6.704520392000632,
drift,1.0,4,nano_ext[dpgmm],default,,194,204,185,0.9536082474226804,0.9068627450980392,0.9296482412060302,0.964824120603015,0.007957453680588,0.1397997160581079,0.7567567567567568,4.010318442992933,5.862794299999223,
drift,1.0,4,nano_ext[dpgmm],tuned_global_f1,"{""threshold_method"": ""dpgmm"", ""sublevel_method"": ""dpgmm"", ""min_event_duration_sec"": 1e-05, ""filter_cutoff"": 10000.0}",194,195,194,1.0,0.9948717948717948,0.9974293059125964,0.9974293059125964,0.0117690969306218,0.1731565386140757,0.6391752577319587,6.027185600609997,4.292001171001175,
drift,1.0,4,nano_ext[dpgmm],tuned_global_f1_x_level_acc,"{""threshold_method"": ""dpgmm"", ""sublevel_method"": ""dpgmm"", ""min_event_duration_sec"": 1e-05, ""filter_cutoff"": null}",194,234,185,0.9536082474226804,0.7905982905982906,0.8644859813084111,0.9065420560747663,0.007957453680588,0.1397997160581079,0.7567567567567568,4.010318442992933,5.309982423999827,
drift,1.0,0,nano_ext[gmm],default,,177,175,175,0.9887005649717514,1.0,0.994318181818182,0.994318181818182,0.0125851646341567,0.2067325959616065,0.7657142857142857,6.042530402927682,12.953107541999998,
drift,1.0,0,nano_ext[gmm],tuned_global_f1,"{""threshold_method"": ""gmm"", ""sublevel_method"": ""gmm"", ""min_event_duration_sec"": 0.0001, ""filter_cutoff"": 10000.0}",177,177,177,1.0,1.0,1.0,1.0,0.015066287336026,0.222044594587715,0.5536723163841808,11.2088246578268,11.866754676999337,
drift,1.0,0,nano_ext[gmm],tuned_global_f1_x_level_acc,"{""threshold_method"": ""gmm"", ""sublevel_method"": ""gmm"", ""min_event_duration_sec"": 3e-05, ""filter_cutoff"": null}",177,341,177,1.0,0.5190615835777126,0.6833976833976834,0.6833976833976834,0.0127169340202152,0.2082856780288023,0.7627118644067796,6.042530402927682,12.878505918000885,
drift,1.0,1,nano_ext[gmm],default,,186,187,186,1.0,0.9946524064171124,0.9973190348525468,0.9973190348525468,0.0113710068331296,0.1850113684314811,0.7526881720430108,6.249098670085829,13.603765927000495,
drift,1.0,1,nano_ext[gmm],tuned_global_f1,"{""threshold_method"": ""gmm"", ""sublevel_method"": ""gmm"", ""min_event_duration_sec"": 0.0001, ""filter_cutoff"": 10000.0}",186,186,186,1.0,1.0,1.0,1.0,0.0142126083283823,0.1943833978702178,0.521505376344086,10.91154397303562,12.390880028000538,
drift,1.0,1,nano_ext[gmm],tuned_global_f1_x_level_acc,"{""threshold_method"": ""gmm"", ""sublevel_method"": ""gmm"", ""min_event_duration_sec"": 3e-05, ""filter_cutoff"": null}",186,343,186,1.0,0.5422740524781341,0.7032136105860113,0.7032136105860113,0.0113710068331296,0.1850113684314811,0.7526881720430108,6.249098670085829,13.960057447999134,
drift,1.0,0,threshold,default,,177,177,177,1.0,1.0,1.0,1.0,0.0180581413895032,0.1389943575270986,,,0.063234002000172,
drift,1.0,0,threshold,tuned_global_f1,"{""k_sigma"": 5.0, ""k_exit"": 0.5}",177,177,177,1.0,1.0,1.0,1.0,0.0290403672048615,0.1456837740929973,,,0.0581118250011059,
drift,1.0,1,threshold,default,,186,186,186,1.0,1.0,1.0,1.0,0.0143353384597005,0.120696548843458,,,0.0651105489996553,
drift,1.0,1,threshold,tuned_global_f1,"{""k_sigma"": 5.0, ""k_exit"": 0.5}",186,186,186,1.0,1.0,1.0,1.0,0.0233849348562994,0.1275797069599775,,,0.0578485469995939,
drift,1.0,2,threshold,default,,211,211,211,1.0,1.0,1.0,1.0,0.0153447008412805,0.1351324385033974,,,0.0514783919988985,
drift,1.0,2,threshold,tuned_global_f1,"{""k_sigma"": 5.0, ""k_exit"": 0.5}",211,211,211,1.0,1.0,1.0,1.0,0.0227778052539213,0.144579013401205,,,0.0721581029993103,
drift,1.0,3,threshold,default,,186,186,186,1.0,1.0,1.0,1.0,0.0164172453924739,0.148039737250595,,,0.0582792270015488,
drift,1.0,3,threshold,tuned_global_f1,"{""k_sigma"": 5.0, ""k_exit"": 0.5}",186,186,186,1.0,1.0,1.0,1.0,0.027853925131317,0.1590678340169241,,,0.0458241779997479,
drift,1.0,4,threshold,default,,194,194,194,1.0,1.0,1.0,1.0,0.0162022764155515,0.1252269903809559,,,0.0672772130001249,
drift,1.0,4,threshold,tuned_global_f1,"{""k_sigma"": 5.0, ""k_exit"": 0.5}",194,194,194,1.0,1.0,1.0,1.0,0.0261426629180053,0.134780255536925,,,0.0620998410013271,
drift,1.0,2,nano_ext[gmm],default,,211,211,211,1.0,1.0,1.0,1.0,0.0089568780287873,0.1800969840675026,0.7819905213270142,4.57532829833962,14.213770161000866,
drift,1.0,2,nano_ext[gmm],tuned_global_f1,"{""threshold_method"": ""gmm"", ""sublevel_method"": ""gmm"", ""min_event_duration_sec"": 0.0001, ""filter_cutoff"": 10000.0}",211,214,211,1.0,0.985981308411215,0.9929411764705882,0.9929411764705882,0.0388213786696848,0.2080061032962116,0.5497630331753555,15.089175310345482,12.965686711999297,
drift,1.0,2,nano_ext[gmm],tuned_global_f1_x_level_acc,"{""threshold_method"": ""gmm"", ""sublevel_method"": ""gmm"", ""min_event_duration_sec"": 3e-05, ""filter_cutoff"": null}",211,217,211,1.0,0.9723502304147466,0.985981308411215,0.985981308411215,0.0089568780287873,0.1800969840675026,0.7819905213270142,4.57532829833962,14.869372798000768,
drift,1.0,3,nano_ext[gmm],default,,186,186,186,1.0,1.0,1.0,1.0,0.0125869019166205,0.2244936395788669,0.7204301075268817,6.639458436819012,14.641270676998827,
drift,1.0,3,nano_ext[gmm],tuned_global_f1,"{""threshold_method"": ""gmm"", ""sublevel_method"": ""gmm"", ""min_event_duration_sec"": 0.0001, ""filter_cutoff"": 10000.0}",186,186,186,1.0,1.0,1.0,1.0,0.0166162718766594,0.2356522651403383,0.5161290322580645,10.50158280602176,12.192077030998917,
drift,1.0,3,nano_ext[gmm],tuned_global_f1_x_level_acc,"{""threshold_method"": ""gmm"", ""sublevel_method"": ""gmm"", ""min_event_duration_sec"": 3e-05, ""filter_cutoff"": null}",186,330,186,1.0,0.5636363636363636,0.7209302325581396,0.7209302325581396,0.0125869019166205,0.2244936395788669,0.7204301075268817,6.639458436819012,14.310362165999322,
drift,1.0,1,pelt,default,,186,189,186,1.0,0.984126984126984,0.992,0.992,0.0023471909243934,0.1096455095943427,0.8817204301075269,3.4715048338185284,10.506884029000505,
drift,1.0,1,pelt,tuned_global_f1,"{""penalty_factor"": 2.0, ""k_sigma"": 2.0}",186,186,186,1.0,1.0,1.0,1.0,0.0024629731795256,0.1096455095943427,0.9946236559139784,2.993865591438549,21.612252273000195,
drift,1.0,1,pelt,tuned_global_f1_x_level_acc,"{""penalty_factor"": 2.0, ""k_sigma"": 2.0}",186,186,186,1.0,1.0,1.0,1.0,0.0024629731795256,0.1096455095943427,0.9946236559139784,2.993865591438549,21.612252273000195,
drift,1.0,0,pelt,default,,177,186,177,1.0,0.9516129032258064,0.975206611570248,0.975206611570248,0.0021762784915162,0.1225343140759175,0.8305084745762712,3.8976830145642793,10.265080585999383,
drift,1.0,0,pelt,tuned_global_f1,"{""penalty_factor"": 2.0, ""k_sigma"": 2.0}",177,177,177,1.0,1.0,1.0,1.0,0.0022953771980868,0.1221643654252156,0.9943502824858758,3.869767782216371,23.68191089800166,
drift,1.0,0,pelt,tuned_global_f1_x_level_acc,"{""penalty_factor"": 2.0, ""k_sigma"": 2.0}",177,177,177,1.0,1.0,1.0,1.0,0.0022953771980868,0.1221643654252156,0.9943502824858758,3.869767782216371,23.68191089800166,
drift,1.0,2,pelt,default,,211,221,211,1.0,0.9547511312217196,0.976851851851852,0.976851851851852,0.0023337283514355,0.1260784906526658,0.8199052132701422,2.5900746102314187,9.439669683999456,
drift,1.0,2,pelt,tuned_global_f1,"{""penalty_factor"": 2.0, ""k_sigma"": 2.0}",211,211,211,1.0,1.0,1.0,1.0,0.0022913898330318,0.1260784906526658,0.995260663507109,2.598872901549143,18.930933580999408,
drift,1.0,2,pelt,tuned_global_f1_x_level_acc,"{""penalty_factor"": 2.0, ""k_sigma"": 2.0}",211,211,211,1.0,1.0,1.0,1.0,0.0022913898330318,0.1260784906526658,0.995260663507109,2.598872901549143,18.930933580999408,
drift,1.0,4,nano_ext[gmm],default,,194,194,193,0.9948453608247424,0.9948453608247424,0.9948453608247424,0.9948453608247424,0.0142120105448293,0.1681402471279185,0.7875647668393783,3.5774376090369486,14.8021689720008,
drift,1.0,4,nano_ext[gmm],tuned_global_f1,"{""threshold_method"": ""gmm"", ""sublevel_method"": ""gmm"", ""min_event_duration_sec"": 0.0001, ""filter_cutoff"": 10000.0}",194,194,194,1.0,1.0,1.0,1.0,0.0153351582769186,0.18150815618417,0.5876288659793815,10.999169880898664,12.267150932999357,
drift,1.0,4,nano_ext[gmm],tuned_global_f1_x_level_acc,"{""threshold_method"": ""gmm"", ""sublevel_method"": ""gmm"", ""min_event_duration_sec"": 3e-05, ""filter_cutoff"": null}",194,371,194,1.0,0.522911051212938,0.6867256637168142,0.6867256637168142,0.0141659620446824,0.1682790677853362,0.7835051546391752,3.5774376090369486,14.770887998000036,
drift,1.0,1,mosaic,default,,186,10,4,0.021505376344086,0.4,0.0408163265306122,0.0612244897959183,0.2468061711897983,0.0659807660035519,0.25,,6.200276023999322,
drift,1.0,1,mosaic,tuned_global_f1,"{""eventThreshold"": 3.0, ""StepSize"": 5.0}",186,103,93,0.5,0.9029126213592232,0.643598615916955,0.7128027681660899,0.0030050406903162,0.1479553518693363,0.7956989247311828,7.436126796132175,3.5901075410001795,
drift,1.0,1,mosaic,tuned_global_f1_x_level_acc,"{""eventThreshold"": 3.0, ""StepSize"": 5.0}",186,103,93,0.5,0.9029126213592232,0.643598615916955,0.7128027681660899,0.0030050406903162,0.1479553518693363,0.7956989247311828,7.436126796132175,3.5901075410001795,
drift,1.0,0,mosaic,default,,177,12,6,0.0338983050847457,0.5,0.0634920634920634,0.074074074074074,0.0405588403139237,0.0619236143316667,0.8333333333333334,,6.346191689999614,
drift,1.0,0,mosaic,tuned_global_f1,"{""eventThreshold"": 3.0, ""StepSize"": 5.0}",177,93,84,0.4745762711864407,0.9032258064516128,0.6222222222222222,0.688888888888889,0.0028582435595222,0.1675392643131169,0.8095238095238095,6.802718934606489,3.649806642999465,
drift,1.0,0,mosaic,tuned_global_f1_x_level_acc,"{""eventThreshold"": 3.0, ""StepSize"": 5.0}",177,93,84,0.4745762711864407,0.9032258064516128,0.6222222222222222,0.688888888888889,0.0028582435595222,0.1675392643131169,0.8095238095238095,6.802718934606489,3.649806642999465,
drift,1.0,3,mosaic,default,,186,8,2,0.010752688172043,0.25,0.0206185567010309,0.0412371134020618,0.0640698833149844,0.0092896720618455,1.0,,6.686028972999338,
drift,1.0,3,mosaic,tuned_global_f1,"{""eventThreshold"": 3.0, ""StepSize"": 5.0}",186,101,90,0.4838709677419355,0.8910891089108911,0.6271777003484321,0.7038327526132404,0.0038880111897371,0.1924486469020802,0.8888888888888888,4.82342533406066,3.286508429000605,
drift,1.0,3,mosaic,tuned_global_f1_x_level_acc,"{""eventThreshold"": 3.0, ""StepSize"": 5.0}",186,101,90,0.4838709677419355,0.8910891089108911,0.6271777003484321,0.7038327526132404,0.0038880111897371,0.1924486469020802,0.8888888888888888,4.82342533406066,3.286508429000605,
drift,1.0,2,mosaic,default,,211,13,6,0.0284360189573459,0.4615384615384615,0.0535714285714285,0.0625,0.0042267712859794,0.0216914838834738,0.8333333333333334,,6.900081820000196,
drift,1.0,2,mosaic,tuned_global_f1,"{""eventThreshold"": 3.0, ""StepSize"": 5.0}",211,132,113,0.5355450236966824,0.8560606060606061,0.6588921282798833,0.7696793002915452,0.0024156965673576,0.1566076923085649,0.8672566371681416,7.512509560839153,4.099562753999635,
drift,1.0,2,mosaic,tuned_global_f1_x_level_acc,"{""eventThreshold"": 3.0, ""StepSize"": 5.0}",211,132,113,0.5355450236966824,0.8560606060606061,0.6588921282798833,0.7696793002915452,0.0024156965673576,0.1566076923085649,0.8672566371681416,7.512509560839153,4.099562753999635,
drift,1.0,4,pelt,default,,194,199,194,1.0,0.9748743718592964,0.9872773536895676,0.9872773536895676,0.0021348386288725,0.1139156097414798,0.8041237113402062,3.008105643145797,9.4939171850001,
drift,1.0,4,pelt,tuned_global_f1,"{""penalty_factor"": 2.0, ""k_sigma"": 2.0}",194,194,194,1.0,1.0,1.0,1.0,0.0019467412209097,0.1147708198269177,1.0,3.041588868608891,23.114238645001024,
drift,1.0,4,pelt,tuned_global_f1_x_level_acc,"{""penalty_factor"": 2.0, ""k_sigma"": 2.0}",194,194,194,1.0,1.0,1.0,1.0,0.0019467412209097,0.1147708198269177,1.0,3.041588868608891,23.114238645001024,
drift,1.0,3,pelt,default,,186,193,186,1.0,0.9637305699481864,0.9815303430079156,0.9815303430079156,0.0027122120787568,0.1361433858727807,0.8172043010752689,3.106730750879194,10.719704797000304,
drift,1.0,3,pelt,tuned_global_f1,"{""penalty_factor"": 2.0, ""k_sigma"": 2.0}",186,186,186,1.0,1.0,1.0,1.0,0.0023710610864892,0.1361433858727807,1.0,3.106730750879194,25.1066442980009,
drift,1.0,3,pelt,tuned_global_f1_x_level_acc,"{""penalty_factor"": 2.0, ""k_sigma"": 2.0}",186,186,186,1.0,1.0,1.0,1.0,0.0023710610864892,0.1361433858727807,1.0,3.106730750879194,25.1066442980009,
drift,1.0,4,mosaic,default,,194,12,5,0.0257731958762886,0.4166666666666667,0.0485436893203883,0.0679611650485436,0.0090808033383017,0.0692523144286519,1.0,,6.169323445001282,
drift,1.0,4,mosaic,tuned_global_f1,"{""eventThreshold"": 3.0, ""StepSize"": 5.0}",194,111,99,0.5103092783505154,0.8918918918918919,0.6491803278688525,0.7278688524590163,0.0027965921703716,0.1826316972884781,0.8383838383838383,12.487939396760297,4.060785670000769,
drift,1.0,4,mosaic,tuned_global_f1_x_level_acc,"{""eventThreshold"": 3.0, ""StepSize"": 5.0}",194,111,99,0.5103092783505154,0.8918918918918919,0.6491803278688525,0.7278688524590163,0.0027965921703716,0.1826316972884781,0.8383838383838383,12.487939396760297,4.060785670000769,
drift,1.0,0,threshold+nanotrees,default,,177,177,177,1.0,1.0,1.0,1.0,0.0180581413895032,0.1389943575270986,0.4971751412429379,,6.183523949999653,
drift,1.0,0,threshold+nanotrees,tuned_global_f1,"{""k_sigma"": 5.0, ""smallest_sublevel_pa"": 80.0}",177,177,177,1.0,1.0,1.0,1.0,0.0180581413895032,0.1389943575270986,0.4971751412429379,,6.150584233999325,
drift,1.0,0,threshold+nanotrees,tuned_global_f1_x_level_acc,"{""k_sigma"": 5.0, ""smallest_sublevel_pa"": 20.0}",177,177,177,1.0,1.0,1.0,1.0,0.0063318961912328,0.1710266823728845,0.96045197740113,12.585711205326255,5.359539639999639,
drift,1.0,1,threshold+nanotrees,default,,186,186,186,1.0,1.0,1.0,1.0,0.0143353384597005,0.120696548843458,0.521505376344086,,6.124610724999002,
drift,1.0,1,threshold+nanotrees,tuned_global_f1,"{""k_sigma"": 5.0, ""smallest_sublevel_pa"": 80.0}",186,186,186,1.0,1.0,1.0,1.0,0.0143353384597005,0.120696548843458,0.521505376344086,,5.749516453999604,
drift,1.0,1,threshold+nanotrees,tuned_global_f1_x_level_acc,"{""k_sigma"": 5.0, ""smallest_sublevel_pa"": 20.0}",186,186,186,1.0,1.0,1.0,1.0,0.0063869767061277,0.1577299836277196,0.9408602150537636,13.423815310775744,6.041939759999877,
drift,1.0,0,autonanopore,default,,177,0,0,0.0,0.0,0.0,0.0,,,,,0.3599648700001125,
drift,1.0,0,autonanopore,tuned_global_f1,"{""window_size_ms"": 5, ""theta"": 0.5}",177,123,111,0.6271186440677966,0.902439024390244,0.74,0.8133333333333332,0.0152055406594973,0.1918891261709389,,,0.8608830140001373,
drift,1.0,3,threshold+nanotrees,default,,186,186,186,1.0,1.0,1.0,1.0,0.0164172453924739,0.148039737250595,0.532258064516129,,5.72539902599965,
drift,1.0,3,threshold+nanotrees,tuned_global_f1,"{""k_sigma"": 5.0, ""smallest_sublevel_pa"": 80.0}",186,186,186,1.0,1.0,1.0,1.0,0.0164172453924739,0.148039737250595,0.532258064516129,,6.01773324199894,
drift,1.0,3,threshold+nanotrees,tuned_global_f1_x_level_acc,"{""k_sigma"": 5.0, ""smallest_sublevel_pa"": 20.0}",186,186,186,1.0,1.0,1.0,1.0,0.0077059041348957,0.1871334768294985,0.9408602150537636,11.25921096806204,7.223968326999966,
drift,1.0,1,autonanopore,default,,186,0,0,0.0,0.0,0.0,0.0,,,,,0.4943253689998528,
drift,1.0,1,autonanopore,tuned_global_f1,"{""window_size_ms"": 5, ""theta"": 0.5}",186,136,130,0.6989247311827957,0.9558823529411764,0.8074534161490685,0.84472049689441,0.0095589698810658,0.1931866669480751,,,0.7800651770012337,
drift,1.0,2,threshold+nanotrees,default,,211,211,211,1.0,1.0,1.0,1.0,0.0153447008412805,0.1351324385033974,0.5497630331753555,,6.696973348000029,
drift,1.0,2,threshold+nanotrees,tuned_global_f1,"{""k_sigma"": 5.0, ""smallest_sublevel_pa"": 80.0}",211,211,211,1.0,1.0,1.0,1.0,0.0153447008412805,0.1351324385033974,0.5497630331753555,,6.312119943999278,
drift,1.0,2,threshold+nanotrees,tuned_global_f1_x_level_acc,"{""k_sigma"": 5.0, ""smallest_sublevel_pa"": 20.0}",211,211,211,1.0,1.0,1.0,1.0,0.005418938446168,0.1698732113859935,0.957345971563981,14.024134333046057,6.791742101999262,
drift,1.0,2,autonanopore,default,,211,0,0,0.0,0.0,0.0,0.0,,,,,0.4475786870007141,
drift,1.0,2,autonanopore,tuned_global_f1,"{""window_size_ms"": 5, ""theta"": 0.5}",211,148,138,0.6540284360189573,0.9324324324324323,0.7688022284122563,0.8189415041782729,0.0127052308055492,0.1780396464557612,,,0.6890148100010265,
drift,1.0,3,autonanopore,default,,186,0,0,0.0,0.0,0.0,0.0,,,,,0.359788755999034,
drift,1.0,3,autonanopore,tuned_global_f1,"{""window_size_ms"": 5, ""theta"": 0.5}",186,129,120,0.6451612903225806,0.9302325581395348,0.761904761904762,0.8126984126984128,0.0123825881395757,0.1913781661230041,,,0.7058120940000663,
drift,1.0,4,autonanopore,default,,194,0,0,0.0,0.0,0.0,0.0,,,,,0.3580686690002039,
drift,1.0,4,autonanopore,tuned_global_f1,"{""window_size_ms"": 5, ""theta"": 0.5}",194,137,129,0.6649484536082474,0.9416058394160584,0.7794561933534743,0.8217522658610272,0.0147348256469916,0.2095670929127903,,,0.7541552370003046,
drift,1.0,4,threshold+nanotrees,default,,194,194,194,1.0,1.0,1.0,1.0,0.0162022764155515,0.1252269903809559,0.5154639175257731,,6.839584841000033,
drift,1.0,4,threshold+nanotrees,tuned_global_f1,"{""k_sigma"": 5.0, ""smallest_sublevel_pa"": 80.0}",194,194,194,1.0,1.0,1.0,1.0,0.0162022764155515,0.1252269903809559,0.5154639175257731,,6.439450844000021,
drift,1.0,4,threshold+nanotrees,tuned_global_f1_x_level_acc,"{""k_sigma"": 5.0, ""smallest_sublevel_pa"": 20.0}",194,194,194,1.0,1.0,1.0,1.0,0.0085081925671613,0.1558287999079992,0.9536082474226804,13.95115828506377,6.265004427999884,
drift,2.0,0,nano_ext[dpgmm],default,,177,176,138,0.7796610169491526,0.7840909090909091,0.781869688385269,0.9575070821529744,0.028259588541084,0.1832289031166731,0.6739130434782609,6.002789471045572,5.310050065001633,
drift,2.0,0,nano_ext[dpgmm],tuned_global_f1,"{""threshold_method"": ""dpgmm"", ""sublevel_method"": ""dpgmm"", ""min_event_duration_sec"": 1e-05, ""filter_cutoff"": 10000.0}",177,191,161,0.9096045197740112,0.8429319371727748,0.8749999999999999,0.9619565217391304,0.0325436357043301,0.1916494742962019,0.6149068322981367,4.198225741880446,4.687874012000975,
drift,2.0,0,nano_ext[dpgmm],tuned_global_f1_x_level_acc,"{""threshold_method"": ""dpgmm"", ""sublevel_method"": ""dpgmm"", ""min_event_duration_sec"": 1e-05, ""filter_cutoff"": null}",177,225,139,0.7853107344632768,0.6177777777777778,0.6915422885572139,0.8805970149253731,0.0287685036502305,0.1858403057164449,0.6762589928057554,6.002789471045572,5.130692622000424,
drift,2.0,2,nano_ext[dpgmm],default,,211,201,165,0.7819905213270142,0.8208955223880597,0.8009708737864076,0.970873786407767,0.0291971632121964,0.1992929913693827,0.7393939393939394,4.2534577267550056,6.127498990999811,
drift,2.0,2,nano_ext[dpgmm],tuned_global_f1,"{""threshold_method"": ""dpgmm"", ""sublevel_method"": ""dpgmm"", ""min_event_duration_sec"": 1e-05, ""filter_cutoff"": 10000.0}",211,230,180,0.8530805687203792,0.782608695652174,0.8163265306122449,0.9569160997732428,0.0300553034632848,0.1838325421718187,0.6722222222222223,7.815383052500735,4.473933872000998,
drift,2.0,2,nano_ext[dpgmm],tuned_global_f1_x_level_acc,"{""threshold_method"": ""dpgmm"", ""sublevel_method"": ""dpgmm"", ""min_event_duration_sec"": 1e-05, ""filter_cutoff"": null}",211,252,165,0.7819905213270142,0.6547619047619048,0.7127429805615549,0.9114470842332612,0.0291971632121964,0.1992929913693827,0.7393939393939394,4.2534577267550056,5.54484629199942,
drift,2.0,1,nano_ext[dpgmm],default,,186,183,156,0.8387096774193549,0.8524590163934426,0.8455284552845529,0.975609756097561,0.0269804121207658,0.2003960453493739,0.6538461538461539,2.078381869195095,6.16088236700125,
drift,2.0,1,nano_ext[dpgmm],tuned_global_f1,"{""threshold_method"": ""dpgmm"", ""sublevel_method"": ""dpgmm"", ""min_event_duration_sec"": 1e-05, ""filter_cutoff"": 10000.0}",186,193,158,0.8494623655913979,0.8186528497409327,0.8337730870712402,0.9815303430079156,0.0436277651752992,0.1928341770266037,0.6392405063291139,14.209422881328315,4.364887736999663,
drift,2.0,1,nano_ext[dpgmm],tuned_global_f1_x_level_acc,"{""threshold_method"": ""dpgmm"", ""sublevel_method"": ""dpgmm"", ""min_event_duration_sec"": 1e-05, ""filter_cutoff"": null}",186,235,156,0.8387096774193549,0.6638297872340425,0.7410926365795724,0.8836104513064134,0.0269804121207658,0.2003960453493739,0.6538461538461539,2.078381869195095,5.968939092001165,
drift,2.0,3,nano_ext[dpgmm],default,,186,182,143,0.7688172043010753,0.7857142857142857,0.7771739130434783,0.9836956521739132,0.0237641998525868,0.1736080430565384,0.7062937062937062,4.164239838920503,6.1847979970007145,
drift,2.0,3,nano_ext[dpgmm],tuned_global_f1,"{""threshold_method"": ""dpgmm"", ""sublevel_method"": ""dpgmm"", ""min_event_duration_sec"": 1e-05, ""filter_cutoff"": 10000.0}",186,195,162,0.8709677419354839,0.8307692307692308,0.8503937007874016,0.9763779527559054,0.0259711358690142,0.1713638067515239,0.6234567901234568,4.728695961575546,4.972656455000106,
drift,2.0,3,nano_ext[dpgmm],tuned_global_f1_x_level_acc,"{""threshold_method"": ""dpgmm"", ""sublevel_method"": ""dpgmm"", ""min_event_duration_sec"": 1e-05, ""filter_cutoff"": null}",186,229,144,0.7741935483870968,0.62882096069869,0.6939759036144578,0.8963855421686747,0.0239400091817348,0.174547845931452,0.7013888888888888,4.164239838920503,5.937673428999915,
drift,2.0,4,nano_ext[dpgmm],default,,194,197,155,0.7989690721649485,0.7868020304568528,0.792838874680307,0.9769820971867008,0.0284065863439558,0.202436481787002,0.6774193548387096,3.33702143467951,5.516933755001446,
drift,2.0,4,nano_ext[dpgmm],tuned_global_f1,"{""threshold_method"": ""dpgmm"", ""sublevel_method"": ""dpgmm"", ""min_event_duration_sec"": 1e-05, ""filter_cutoff"": 10000.0}",194,204,161,0.8298969072164949,0.7892156862745098,0.8090452261306532,0.9748743718592964,0.0441932578606528,0.2040103448605185,0.6583850931677019,6.211994851200442,4.359489451000627,
drift,2.0,4,nano_ext[dpgmm],tuned_global_f1_x_level_acc,"{""threshold_method"": ""dpgmm"", ""sublevel_method"": ""dpgmm"", ""min_event_duration_sec"": 1e-05, ""filter_cutoff"": null}",194,232,156,0.8041237113402062,0.6724137931034483,0.7323943661971831,0.9107981220657276,0.0284336230953828,0.2030267743104112,0.6794871794871795,3.33702143467951,5.345144262999384,
drift,2.0,1,nano_ext[gmm],default,,186,191,186,1.0,0.9738219895287958,0.986737400530504,0.986737400530504,0.0067100877752299,0.241716054454136,0.7634408602150538,5.627653652418019,15.257368525999482,
drift,2.0,1,nano_ext[gmm],tuned_global_f1,"{""threshold_method"": ""gmm"", ""sublevel_method"": ""gmm"", ""min_event_duration_sec"": 0.0001, ""filter_cutoff"": 10000.0}",186,286,185,0.9946236559139784,0.6468531468531469,0.7838983050847458,0.7881355932203389,0.0199609782998008,0.2586851486825888,0.518918918918919,9.750901329930173,14.07283942899994,
drift,2.0,1,nano_ext[gmm],tuned_global_f1_x_level_acc,"{""threshold_method"": ""gmm"", ""sublevel_method"": ""gmm"", ""min_event_duration_sec"": 3e-05, ""filter_cutoff"": null}",186,419,186,1.0,0.4439140811455847,0.6148760330578512,0.6148760330578512,0.0067100877752299,0.241716054454136,0.7634408602150538,5.627653652418019,15.166139707000184,
drift,2.0,0,nano_ext[gmm],default,,177,685,173,0.9774011299435028,0.2525547445255474,0.4013921113689095,0.4060324825986078,0.0216172575159202,0.2515041186909124,0.7687861271676301,5.275895281320331,18.09312989099999,
drift,2.0,0,nano_ext[gmm],tuned_global_f1,"{""threshold_method"": ""gmm"", ""sublevel_method"": ""gmm"", ""min_event_duration_sec"": 0.0001, ""filter_cutoff"": 10000.0}",177,291,176,0.9943502824858758,0.6048109965635738,0.7521367521367521,0.7564102564102563,0.029039781517376,0.2601660637306693,0.5511363636363636,10.574823273490352,13.309482238000784,
drift,2.0,0,nano_ext[gmm],tuned_global_f1_x_level_acc,"{""threshold_method"": ""gmm"", ""sublevel_method"": ""gmm"", ""min_event_duration_sec"": 3e-05, ""filter_cutoff"": null}",177,2665,175,0.9887005649717514,0.0656660412757973,0.1231527093596059,0.1245601688951442,0.0221821902378593,0.2520579032505419,0.7657142857142857,5.275895281320331,17.33941720400071,
drift,2.0,0,threshold,default,,177,178,177,1.0,0.99438202247191,0.9971830985915492,0.9971830985915492,0.0183761832754668,0.1896361238338464,,,0.0652166190011485,
drift,2.0,0,threshold,tuned_global_f1,"{""k_sigma"": 5.0, ""k_exit"": 0.5}",177,178,177,1.0,0.99438202247191,0.9971830985915492,0.9971830985915492,0.0283034140273597,0.2015685379793448,,,0.0505987760006974,
drift,2.0,1,threshold,default,,186,187,186,1.0,0.9946524064171124,0.9973190348525468,0.9973190348525468,0.0153637916062951,0.1820351122299207,,,0.0583190720008133,
drift,2.0,1,threshold,tuned_global_f1,"{""k_sigma"": 5.0, ""k_exit"": 0.5}",186,187,186,1.0,0.9946524064171124,0.9973190348525468,0.9973190348525468,0.0280436761406653,0.1955256830971397,,,0.0566715109998767,
drift,2.0,2,threshold,default,,211,212,211,1.0,0.9952830188679244,0.9976359338061466,0.9976359338061466,0.0164584319819099,0.1771897747474773,,,0.0670122100000298,
drift,2.0,2,threshold,tuned_global_f1,"{""k_sigma"": 5.0, ""k_exit"": 0.5}",211,211,211,1.0,1.0,1.0,1.0,0.0253626955470532,0.1880458375760799,,,0.0661902589999954,
drift,2.0,3,threshold,default,,186,187,186,1.0,0.9946524064171124,0.9973190348525468,0.9973190348525468,0.0185485234194058,0.1642204539195047,,,0.063481724999292,
drift,2.0,3,threshold,tuned_global_f1,"{""k_sigma"": 5.0, ""k_exit"": 0.5}",186,186,186,1.0,1.0,1.0,1.0,0.0328749026615364,0.1827389375712882,,,0.0687452540005324,
drift,2.0,4,threshold,default,,194,194,194,1.0,1.0,1.0,1.0,0.0156897545717972,0.2041979468190651,,,0.0636137159999634,
drift,2.0,4,threshold,tuned_global_f1,"{""k_sigma"": 5.0, ""k_exit"": 0.5}",194,194,194,1.0,1.0,1.0,1.0,0.0248188507116831,0.207708898977786,,,0.0658015030003298,
drift,2.0,2,nano_ext[gmm],default,,211,218,211,1.0,0.9678899082568808,0.9836829836829836,0.9836829836829836,0.0092157923275073,0.2371078303331959,0.7867298578199052,4.951418921428363,16.047812008999244,
drift,2.0,2,nano_ext[gmm],tuned_global_f1,"{""threshold_method"": ""gmm"", ""sublevel_method"": ""gmm"", ""min_event_duration_sec"": 0.0001, ""filter_cutoff"": 10000.0}",211,254,211,1.0,0.8307086614173228,0.9075268817204302,0.9075268817204302,0.0222989873882118,0.2453618494213608,0.5402843601895735,16.352211031911423,13.374088733999088,
drift,2.0,2,nano_ext[gmm],tuned_global_f1_x_level_acc,"{""threshold_method"": ""gmm"", ""sublevel_method"": ""gmm"", ""min_event_duration_sec"": 3e-05, ""filter_cutoff"": null}",211,555,211,1.0,0.3801801801801802,0.5509138381201044,0.5509138381201044,0.0092157923275073,0.2371078303331959,0.7867298578199052,4.951418921428363,14.523101820001102,
drift,2.0,3,nano_ext[gmm],default,,186,192,186,1.0,0.96875,0.984126984126984,0.984126984126984,0.0097374432841196,0.2142663611380516,0.7365591397849462,6.639458436819012,16.466401309000503,
drift,2.0,3,nano_ext[gmm],tuned_global_f1,"{""threshold_method"": ""gmm"", ""sublevel_method"": ""gmm"", ""min_event_duration_sec"": 0.0001, ""filter_cutoff"": 10000.0}",186,399,186,1.0,0.4661654135338345,0.635897435897436,0.635897435897436,0.0320501798042979,0.2335753156932433,0.5161290322580645,12.994041652003574,12.698895105999329,
drift,2.0,3,nano_ext[gmm],tuned_global_f1_x_level_acc,"{""threshold_method"": ""gmm"", ""sublevel_method"": ""gmm"", ""min_event_duration_sec"": 3e-05, ""filter_cutoff"": null}",186,484,186,1.0,0.384297520661157,0.555223880597015,0.555223880597015,0.0097374432841196,0.2142663611380516,0.7365591397849462,6.639458436819012,14.20022556999902,
drift,2.0,2,pelt,default,,211,216,211,1.0,0.976851851851852,0.9882903981264636,0.9882903981264636,0.0023252283040972,0.1675593009820671,0.9289099526066352,2.5900746102314187,12.85295963399949,
drift,2.0,2,pelt,tuned_global_f1,"{""penalty_factor"": 2.0, ""k_sigma"": 2.0}",211,211,211,1.0,1.0,1.0,1.0,0.0022913898330318,0.1675593009820671,1.0,2.598872901549143,18.814434247000463,
drift,2.0,2,pelt,tuned_global_f1_x_level_acc,"{""penalty_factor"": 2.0, ""k_sigma"": 2.0}",211,211,211,1.0,1.0,1.0,1.0,0.0022913898330318,0.1675593009820671,1.0,2.598872901549143,18.814434247000463,
drift,2.0,1,pelt,default,,186,193,186,1.0,0.9637305699481864,0.9815303430079156,0.9815303430079156,0.0022856385415875,0.1830521852801138,0.946236559139785,3.1521414907143,12.928726910999105,
drift,2.0,1,pelt,tuned_global_f1,"{""penalty_factor"": 2.0, ""k_sigma"": 2.0}",186,186,186,1.0,1.0,1.0,1.0,0.0024629731795256,0.1830521852801138,0.9946236559139784,2.993865591438549,24.458545249000963,
drift,2.0,1,pelt,tuned_global_f1_x_level_acc,"{""penalty_factor"": 2.0, ""k_sigma"": 2.0}",186,186,186,1.0,1.0,1.0,1.0,0.0024629731795256,0.1830521852801138,0.9946236559139784,2.993865591438549,24.458545249000963,
drift,2.0,0,pelt,default,,177,179,177,1.0,0.988826815642458,0.9943820224719102,0.9943820224719102,0.0021602689744865,0.182258666435245,0.9096045197740112,3.8976830145642793,13.351339442000608,
drift,2.0,0,pelt,tuned_global_f1,"{""penalty_factor"": 2.0, ""k_sigma"": 2.0}",177,177,177,1.0,1.0,1.0,1.0,0.0023045728695009,0.182258666435245,1.0,3.8976830145642793,27.183146870998826,
drift,2.0,0,pelt,tuned_global_f1_x_level_acc,"{""penalty_factor"": 2.0, ""k_sigma"": 2.0}",177,177,177,1.0,1.0,1.0,1.0,0.0023045728695009,0.182258666435245,1.0,3.8976830145642793,27.183146870998826,
drift,2.0,4,nano_ext[gmm],default,,194,673,192,0.9896907216494846,0.2852897473997028,0.4429065743944637,0.4452133794694348,0.0156695088278251,0.268669023938095,0.7447916666666666,3.589031057238401,18.47156014199936,
drift,2.0,4,nano_ext[gmm],tuned_global_f1,"{""threshold_method"": ""gmm"", ""sublevel_method"": ""gmm"", ""min_event_duration_sec"": 0.0001, ""filter_cutoff"": 10000.0}",194,315,194,1.0,0.6158730158730159,0.762278978388998,0.762278978388998,0.0217423982864702,0.2791457227380281,0.5927835051546392,12.583122629195032,12.875673731999996,
drift,2.0,4,nano_ext[gmm],tuned_global_f1_x_level_acc,"{""threshold_method"": ""gmm"", ""sublevel_method"": ""gmm"", ""min_event_duration_sec"": 3e-05, ""filter_cutoff"": null}",194,2399,193,0.9948453608247424,0.0804501875781575,0.1488623216351716,0.1496336290011569,0.0157886318820056,0.2686089991696817,0.7409326424870466,3.589031057238401,18.41173832899949,
drift,2.0,0,mosaic,default,,177,11,4,0.0225988700564971,0.3636363636363636,0.0425531914893617,0.0531914893617021,0.0341276746829054,0.0350711132500941,0.75,,6.398769260000336,
drift,2.0,0,mosaic,tuned_global_f1,"{""eventThreshold"": 3.0, ""StepSize"": 5.0}",177,92,86,0.4858757062146893,0.9347826086956522,0.6394052044609666,0.6840148698884758,0.0026491220822644,0.2234006625325586,0.872093023255814,8.67490850109398,4.271900406998611,
drift,2.0,0,mosaic,tuned_global_f1_x_level_acc,"{""eventThreshold"": 3.0, ""StepSize"": 5.0}",177,92,86,0.4858757062146893,0.9347826086956522,0.6394052044609666,0.6840148698884758,0.0026491220822644,0.2234006625325586,0.872093023255814,8.67490850109398,4.271900406998611,
drift,2.0,1,mosaic,default,,186,2,1,0.0053763440860215,0.5,0.0106382978723404,0.0212765957446808,0.0164340791727413,0.030905322374298,1.0,,6.622653975999128,
drift,2.0,1,mosaic,tuned_global_f1,"{""eventThreshold"": 3.0, ""StepSize"": 5.0}",186,93,89,0.478494623655914,0.956989247311828,0.6379928315412187,0.6666666666666666,0.0030050406903162,0.2181372672917403,0.8314606741573034,4.456864183904896,4.049445360999016,
drift,2.0,1,mosaic,tuned_global_f1_x_level_acc,"{""eventThreshold"": 3.0, ""StepSize"": 5.0}",186,93,89,0.478494623655914,0.956989247311828,0.6379928315412187,0.6666666666666666,0.0030050406903162,0.2181372672917403,0.8314606741573034,4.456864183904896,4.049445360999016,
drift,2.0,2,mosaic,default,,211,15,10,0.0473933649289099,0.6666666666666666,0.0884955752212389,0.1061946902654867,0.0035087443173629,0.0385624028144912,0.9,,7.659455934999642,
drift,2.0,2,mosaic,tuned_global_f1,"{""eventThreshold"": 3.0, ""StepSize"": 5.0}",211,118,109,0.5165876777251185,0.923728813559322,0.662613981762918,0.7173252279635258,0.0024792027516881,0.1995928750302258,0.8440366972477065,4.489616076311376,4.46376714500002,
drift,2.0,2,mosaic,tuned_global_f1_x_level_acc,"{""eventThreshold"": 3.0, ""StepSize"": 5.0}",211,118,109,0.5165876777251185,0.923728813559322,0.662613981762918,0.7173252279635258,0.0024792027516881,0.1995928750302258,0.8440366972477065,4.489616076311376,4.46376714500002,
drift,2.0,3,mosaic,default,,186,4,1,0.0053763440860215,0.25,0.0105263157894736,0.0105263157894736,0.0094133340626004,0.0682992179098534,1.0,,7.592165470001419,
drift,2.0,3,mosaic,tuned_global_f1,"{""eventThreshold"": 3.0, ""StepSize"": 5.0}",186,107,100,0.5376344086021505,0.9345794392523364,0.68259385665529,0.7303754266211605,0.0025559621155053,0.2030944145343559,0.9,9.629380783859888,4.131332613000268,
drift,2.0,3,mosaic,tuned_global_f1_x_level_acc,"{""eventThreshold"": 3.0, ""StepSize"": 5.0}",186,107,100,0.5376344086021505,0.9345794392523364,0.68259385665529,0.7303754266211605,0.0025559621155053,0.2030944145343559,0.9,9.629380783859888,4.131332613000268,
drift,2.0,4,mosaic,default,,194,6,0,0.0,0.0,0.0,0.02,,,,,7.004122496000491,
drift,2.0,4,mosaic,tuned_global_f1,"{""eventThreshold"": 3.0, ""StepSize"": 5.0}",194,99,89,0.4587628865979381,0.898989898989899,0.6075085324232082,0.6757679180887372,0.0022239696605787,0.2394637867500735,0.8764044943820225,4.967063216732015,4.0417656890003855,
drift,2.0,4,mosaic,tuned_global_f1_x_level_acc,"{""eventThreshold"": 3.0, ""StepSize"": 5.0}",194,99,89,0.4587628865979381,0.898989898989899,0.6075085324232082,0.6757679180887372,0.0022239696605787,0.2394637867500735,0.8764044943820225,4.967063216732015,4.0417656890003855,
drift,2.0,3,pelt,default,,186,189,186,1.0,0.984126984126984,0.992,0.992,0.0025356806691046,0.1513895459060636,0.8655913978494624,3.106730750879194,13.051048788000116,
drift,2.0,3,pelt,tuned_global_f1,"{""penalty_factor"": 2.0, ""k_sigma"": 2.0}",186,186,186,1.0,1.0,1.0,1.0,0.0023710610864892,0.1513895459060636,1.0,3.106730750879194,28.62241516299946,
drift,2.0,3,pelt,tuned_global_f1_x_level_acc,"{""penalty_factor"": 2.0, ""k_sigma"": 2.0}",186,186,186,1.0,1.0,1.0,1.0,0.0023710610864892,0.1513895459060636,1.0,3.106730750879194,28.62241516299946,
drift,2.0,4,pelt,default,,194,195,194,1.0,0.9948717948717948,0.9974293059125964,0.9974293059125964,0.0020816766706215,0.1914007489903528,0.9072164948453608,3.041588868608891,13.68846072999986,
drift,2.0,4,pelt,tuned_global_f1,"{""penalty_factor"": 2.0, ""k_sigma"": 2.0}",194,194,194,1.0,1.0,1.0,1.0,0.0019467412209097,0.1914007489903528,1.0,3.041588868608891,28.236638700000185,
drift,2.0,4,pelt,tuned_global_f1_x_level_acc,"{""penalty_factor"": 2.0, ""k_sigma"": 2.0}",194,194,194,1.0,1.0,1.0,1.0,0.0019467412209097,0.1914007489903528,1.0,3.041588868608891,28.236638700000185,
drift,2.0,0,threshold+nanotrees,default,,177,178,177,1.0,0.99438202247191,0.9971830985915492,0.9971830985915492,0.0183761832754668,0.1896361238338464,0.4971751412429379,,7.213392280000335,
drift,2.0,0,threshold+nanotrees,tuned_global_f1,"{""k_sigma"": 5.0, ""smallest_sublevel_pa"": 80.0}",177,178,177,1.0,0.99438202247191,0.9971830985915492,0.9971830985915492,0.0183761832754668,0.1896361238338464,0.4971751412429379,,6.206967909000014,
drift,2.0,0,threshold+nanotrees,tuned_global_f1_x_level_acc,"{""k_sigma"": 5.0, ""smallest_sublevel_pa"": 20.0}",177,178,177,1.0,0.99438202247191,0.9971830985915492,0.9971830985915492,0.0063318961912328,0.2114707120233876,0.96045197740113,12.585711205326255,7.164204586000778,
drift,2.0,1,threshold+nanotrees,default,,186,187,186,1.0,0.9946524064171124,0.9973190348525468,0.9973190348525468,0.0153637916062951,0.1820351122299207,0.521505376344086,,6.110225369999171,
drift,2.0,1,threshold+nanotrees,tuned_global_f1,"{""k_sigma"": 5.0, ""smallest_sublevel_pa"": 80.0}",186,187,186,1.0,0.9946524064171124,0.9973190348525468,0.9973190348525468,0.0153637916062951,0.1820351122299207,0.521505376344086,,7.572440739999365,
drift,2.0,1,threshold+nanotrees,tuned_global_f1_x_level_acc,"{""k_sigma"": 5.0, ""smallest_sublevel_pa"": 20.0}",186,187,186,1.0,0.9946524064171124,0.9973190348525468,0.9973190348525468,0.0063869767061277,0.2212327291938316,0.9408602150537636,13.47116141081628,6.164180922998639,
drift,2.0,0,autonanopore,default,,177,0,0,0.0,0.0,0.0,0.0,,,,,0.4172321109999757,
drift,2.0,0,autonanopore,tuned_global_f1,"{""window_size_ms"": 5, ""theta"": 0.5}",177,123,111,0.6271186440677966,0.902439024390244,0.74,0.8133333333333332,0.0150421064562786,0.1585410268163127,,,1.0443793670001469,
drift,2.0,1,autonanopore,default,,186,0,0,0.0,0.0,0.0,0.0,,,,,0.6373220419991412,
drift,2.0,1,autonanopore,tuned_global_f1,"{""window_size_ms"": 5, ""theta"": 0.5}",186,136,130,0.6989247311827957,0.9558823529411764,0.8074534161490685,0.84472049689441,0.0091942037313729,0.1328280436795325,,,1.212076910000178,
drift,2.0,2,autonanopore,default,,211,0,0,0.0,0.0,0.0,0.0,,,,,0.4983311129999492,
drift,2.0,2,autonanopore,tuned_global_f1,"{""window_size_ms"": 5, ""theta"": 0.5}",211,148,138,0.6540284360189573,0.9324324324324323,0.7688022284122563,0.8189415041782729,0.0128375466055238,0.1612793671705193,,,0.7846490720003203,
drift,2.0,3,threshold+nanotrees,default,,186,187,186,1.0,0.9946524064171124,0.9973190348525468,0.9973190348525468,0.0185485234194058,0.1642204539195047,0.532258064516129,,6.567704429999139,
drift,2.0,3,threshold+nanotrees,tuned_global_f1,"{""k_sigma"": 5.0, ""smallest_sublevel_pa"": 80.0}",186,187,186,1.0,0.9946524064171124,0.9973190348525468,0.9973190348525468,0.0185485234194058,0.1642204539195047,0.532258064516129,,7.293075016999865,
drift,2.0,3,threshold+nanotrees,tuned_global_f1_x_level_acc,"{""k_sigma"": 5.0, ""smallest_sublevel_pa"": 20.0}",186,187,186,1.0,0.9946524064171124,0.9973190348525468,0.9973190348525468,0.0077059041348957,0.2140668279767945,0.9408602150537636,11.25921096806204,6.970245499000157,
drift,2.0,3,autonanopore,default,,186,0,0,0.0,0.0,0.0,0.0,,,,,0.643205336000392,
drift,2.0,3,autonanopore,tuned_global_f1,"{""window_size_ms"": 5, ""theta"": 0.5}",186,129,120,0.6451612903225806,0.9302325581395348,0.761904761904762,0.8126984126984128,0.0123825881395757,0.1560439037870174,,,0.9282319080011804,
drift,2.0,4,autonanopore,default,,194,0,0,0.0,0.0,0.0,0.0,,,,,0.5422110049985349,
drift,2.0,4,autonanopore,tuned_global_f1,"{""window_size_ms"": 5, ""theta"": 0.5}",194,137,129,0.6649484536082474,0.9416058394160584,0.7794561933534743,0.8217522658610272,0.0147348256469916,0.1491889186653362,,,0.9364372889995138,
drift,2.0,2,threshold+nanotrees,default,,211,212,211,1.0,0.9952830188679244,0.9976359338061466,0.9976359338061466,0.0164584319819099,0.1771897747474773,0.5497630331753555,,7.778268164998735,
drift,2.0,2,threshold+nanotrees,tuned_global_f1,"{""k_sigma"": 5.0, ""smallest_sublevel_pa"": 80.0}",211,212,211,1.0,0.9952830188679244,0.9976359338061466,0.9976359338061466,0.0164584319819099,0.1771897747474773,0.5497630331753555,,8.135466304998772,
drift,2.0,2,threshold+nanotrees,tuned_global_f1_x_level_acc,"{""k_sigma"": 5.0, ""smallest_sublevel_pa"": 20.0}",211,212,211,1.0,0.9952830188679244,0.9976359338061466,0.9976359338061466,0.0054221724032562,0.2121982071877592,0.957345971563981,14.024134333046057,8.507711995000136,
drift,2.0,4,threshold+nanotrees,default,,194,194,194,1.0,1.0,1.0,1.0,0.0156897545717972,0.2041979468190651,0.5154639175257731,,7.033771472000808,
drift,2.0,4,threshold+nanotrees,tuned_global_f1,"{""k_sigma"": 5.0, ""smallest_sublevel_pa"": 80.0}",194,194,194,1.0,1.0,1.0,1.0,0.0156897545717972,0.2041979468190651,0.5154639175257731,,7.760797798999192,
drift,2.0,4,threshold+nanotrees,tuned_global_f1_x_level_acc,"{""k_sigma"": 5.0, ""smallest_sublevel_pa"": 20.0}",194,194,194,1.0,1.0,1.0,1.0,0.0085081925671613,0.2272817965555464,0.9587628865979382,13.680153946205031,8.852252046999638,
hum,0.0,0,nano_ext[dpgmm],default,,177,175,175,0.9887005649717514,1.0,0.994318181818182,0.994318181818182,0.0046973820369213,0.0273805376515096,0.7771428571428571,5.040917347098883,7.201179532001333,
hum,0.0,0,nano_ext[dpgmm],tuned_global_f1,"{""threshold_method"": ""dpgmm"", ""sublevel_method"": ""dpgmm"", ""min_event_duration_sec"": 1e-05, ""filter_cutoff"": 10000.0}",177,177,177,1.0,1.0,1.0,1.0,0.0250835378163903,0.0457998397257099,0.6271186440677966,7.105461428569271,5.6968007310006215,
hum,0.0,0,nano_ext[dpgmm],tuned_global_f1_x_level_acc,"{""threshold_method"": ""dpgmm"", ""sublevel_method"": ""dpgmm"", ""min_event_duration_sec"": 1e-05, ""filter_cutoff"": null}",177,177,177,1.0,1.0,1.0,1.0,0.0047185916676979,0.0273805376515096,0.7740112994350282,5.040917347098883,6.758447467998849,
hum,0.0,1,nano_ext[dpgmm],default,,186,186,186,1.0,1.0,1.0,1.0,0.0050462604053232,0.0226678195227723,0.7849462365591398,2.950270738488747,6.60489388499991,
hum,0.0,1,nano_ext[dpgmm],tuned_global_f1,"{""threshold_method"": ""dpgmm"", ""sublevel_method"": ""dpgmm"", ""min_event_duration_sec"": 1e-05, ""filter_cutoff"": 10000.0}",186,186,186,1.0,1.0,1.0,1.0,0.0250669037849171,0.0412932938268103,0.5967741935483871,6.868014547078971,5.292113516001336,
hum,0.0,1,nano_ext[dpgmm],tuned_global_f1_x_level_acc,"{""threshold_method"": ""dpgmm"", ""sublevel_method"": ""dpgmm"", ""min_event_duration_sec"": 1e-05, ""filter_cutoff"": null}",186,187,186,1.0,0.9946524064171124,0.9973190348525468,0.9973190348525468,0.0050462604053232,0.0226678195227723,0.7849462365591398,2.950270738488747,6.841247835000104,
hum,0.0,2,nano_ext[dpgmm],default,,211,211,211,1.0,1.0,1.0,1.0,0.0054064500436915,0.0261060510516809,0.8056872037914692,3.720857539579736,8.178998204999516,
hum,0.0,2,nano_ext[dpgmm],tuned_global_f1,"{""threshold_method"": ""dpgmm"", ""sublevel_method"": ""dpgmm"", ""min_event_duration_sec"": 1e-05, ""filter_cutoff"": 10000.0}",211,211,211,1.0,1.0,1.0,1.0,0.0279420161086478,0.0478660506801198,0.6635071090047393,5.695947557060599,5.797501983000984,
hum,0.0,2,nano_ext[dpgmm],tuned_global_f1_x_level_acc,"{""threshold_method"": ""dpgmm"", ""sublevel_method"": ""dpgmm"", ""min_event_duration_sec"": 1e-05, ""filter_cutoff"": null}",211,211,211,1.0,1.0,1.0,1.0,0.0054064500436915,0.0261060510516809,0.8056872037914692,3.720857539579736,8.303838847999941,
hum,0.0,3,nano_ext[dpgmm],default,,186,186,186,1.0,1.0,1.0,1.0,0.0055654537331856,0.025229263305664,0.7580645161290323,6.484450008947817,9.278857207000328,
hum,0.0,3,nano_ext[dpgmm],tuned_global_f1,"{""threshold_method"": ""dpgmm"", ""sublevel_method"": ""dpgmm"", ""min_event_duration_sec"": 1e-05, ""filter_cutoff"": 10000.0}",186,186,186,1.0,1.0,1.0,1.0,0.0244112751572976,0.0398593920432567,0.6344086021505376,3.247582058746312,5.183196955000312,
hum,0.0,3,nano_ext[dpgmm],tuned_global_f1_x_level_acc,"{""threshold_method"": ""dpgmm"", ""sublevel_method"": ""dpgmm"", ""min_event_duration_sec"": 1e-05, ""filter_cutoff"": null}",186,186,186,1.0,1.0,1.0,1.0,0.0055654537331856,0.025229263305664,0.7580645161290323,6.484450008947817,6.905659572999866,
hum,0.0,4,nano_ext[dpgmm],default,,194,193,193,0.9948453608247424,1.0,0.9974160206718348,0.9974160206718348,0.0049965226794232,0.0221967061360675,0.8082901554404145,3.779579076379491,7.714884560000428,
hum,0.0,4,nano_ext[dpgmm],tuned_global_f1,"{""threshold_method"": ""dpgmm"", ""sublevel_method"": ""dpgmm"", ""min_event_duration_sec"": 1e-05, ""filter_cutoff"": 10000.0}",194,194,194,1.0,1.0,1.0,1.0,0.0271025445772715,0.0435733159383137,0.6494845360824743,6.027185600609997,5.465259123000578,
hum,0.0,4,nano_ext[dpgmm],tuned_global_f1_x_level_acc,"{""threshold_method"": ""dpgmm"", ""sublevel_method"": ""dpgmm"", ""min_event_duration_sec"": 1e-05, ""filter_cutoff"": null}",194,194,194,1.0,1.0,1.0,1.0,0.0050293340396589,0.022507349650065,0.8041237113402062,3.779579076379491,6.82096246600122,
hum,0.0,0,nano_ext[gmm],default,,177,175,175,0.9887005649717514,1.0,0.994318181818182,0.994318181818182,0.0061228620033503,0.0278299285090839,0.76,5.510873215541778,15.854178989000502,
hum,0.0,0,nano_ext[gmm],tuned_global_f1,"{""threshold_method"": ""gmm"", ""sublevel_method"": ""gmm"", ""min_event_duration_sec"": 0.0001, ""filter_cutoff"": 10000.0}",177,796,177,1.0,0.2223618090452261,0.3638232271325796,0.3638232271325796,0.1002456285118576,0.1070236841837565,0.5423728813559322,11.587195756224132,15.361161073999028,
hum,0.0,0,nano_ext[gmm],tuned_global_f1_x_level_acc,"{""threshold_method"": ""gmm"", ""sublevel_method"": ""gmm"", ""min_event_duration_sec"": 3e-05, ""filter_cutoff"": null}",177,177,177,1.0,1.0,1.0,1.0,0.0061602828760858,0.0278299285090839,0.7570621468926554,5.510873215541778,15.359712927000146,
hum,0.0,1,nano_ext[gmm],default,,186,186,186,1.0,1.0,1.0,1.0,0.0161545874847155,0.0276174617933681,0.7473118279569892,6.276966114493465,17.63007047999963,
hum,0.0,1,nano_ext[gmm],tuned_global_f1,"{""threshold_method"": ""gmm"", ""sublevel_method"": ""gmm"", ""min_event_duration_sec"": 0.0001, ""filter_cutoff"": 10000.0}",186,186,186,1.0,1.0,1.0,1.0,0.0457160334135149,0.0568290915904428,0.532258064516129,10.331222651482896,15.183289606000471,
hum,0.0,1,nano_ext[gmm],tuned_global_f1_x_level_acc,"{""threshold_method"": ""gmm"", ""sublevel_method"": ""gmm"", ""min_event_duration_sec"": 3e-05, ""filter_cutoff"": null}",186,321,186,1.0,0.5794392523364486,0.7337278106508875,0.7337278106508875,0.0161545874847155,0.0276174617933681,0.7473118279569892,6.276966114493465,17.84817436799858,
hum,0.0,0,threshold,default,,177,177,177,1.0,1.0,1.0,1.0,0.0155554673972248,0.0280262586926823,,,0.0731061120004596,
hum,0.0,0,threshold,tuned_global_f1,"{""k_sigma"": 5.0, ""k_exit"": 0.5}",177,177,177,1.0,1.0,1.0,1.0,0.0235411875464683,0.0276657231648762,,,0.0704944530007196,
hum,0.0,1,threshold,default,,186,186,186,1.0,1.0,1.0,1.0,0.0123046997970019,0.0220185171671052,,,0.0747734590004256,
hum,0.0,1,threshold,tuned_global_f1,"{""k_sigma"": 5.0, ""k_exit"": 0.5}",186,186,186,1.0,1.0,1.0,1.0,0.0198612468662556,0.0217160841431102,,,0.0725126220004312,
hum,0.0,2,threshold,default,,211,211,211,1.0,1.0,1.0,1.0,0.0129447402256018,0.0239456736432005,,,0.0660153000007994,
hum,0.0,2,threshold,tuned_global_f1,"{""k_sigma"": 5.0, ""k_exit"": 0.5}",211,211,211,1.0,1.0,1.0,1.0,0.0198564281082807,0.023969115779898,,,0.0650505560006422,
hum,0.0,3,threshold,default,,186,187,186,1.0,0.9946524064171124,0.9973190348525468,0.9973190348525468,0.0134139303189145,0.0250919225914021,,,0.0761125379995064,
hum,0.0,3,threshold,tuned_global_f1,"{""k_sigma"": 5.0, ""k_exit"": 0.5}",186,186,186,1.0,1.0,1.0,1.0,0.0228936088411723,0.0247561153408036,,,0.0760262069998134,
hum,0.0,4,threshold,default,,194,194,194,1.0,1.0,1.0,1.0,0.0141495091121523,0.0209918406256132,,,0.0752521720005461,
hum,0.0,4,threshold,tuned_global_f1,"{""k_sigma"": 5.0, ""k_exit"": 0.5}",194,194,194,1.0,1.0,1.0,1.0,0.0212749331668695,0.0225655438472943,,,0.0760894190007093,
hum,0.0,2,nano_ext[gmm],default,,211,211,211,1.0,1.0,1.0,1.0,0.0063663275636199,0.0264663696289062,0.7819905213270142,4.534729410643479,17.21001046499987,
hum,0.0,2,nano_ext[gmm],tuned_global_f1,"{""threshold_method"": ""gmm"", ""sublevel_method"": ""gmm"", ""min_event_duration_sec"": 0.0001, ""filter_cutoff"": 10000.0}",211,211,211,1.0,1.0,1.0,1.0,0.0298303446593349,0.0509536420796431,0.5497630331753555,14.941066470708364,13.679143332001331,
hum,0.0,2,nano_ext[gmm],tuned_global_f1_x_level_acc,"{""threshold_method"": ""gmm"", ""sublevel_method"": ""gmm"", ""min_event_duration_sec"": 3e-05, ""filter_cutoff"": null}",211,211,211,1.0,1.0,1.0,1.0,0.0063663275636199,0.0264663696289062,0.7819905213270142,4.534729410643479,16.359860854001454,
hum,0.0,3,nano_ext[gmm],default,,186,186,186,1.0,1.0,1.0,1.0,0.0126453842576535,0.0278142236486577,0.7311827956989247,6.688631623896768,17.243460081001103,
hum,0.0,3,nano_ext[gmm],tuned_global_f1,"{""threshold_method"": ""gmm"", ""sublevel_method"": ""gmm"", ""min_event_duration_sec"": 0.0001, ""filter_cutoff"": 10000.0}",186,214,186,1.0,0.8691588785046729,0.93,0.93,0.0618702557754917,0.0673894974342125,0.5,10.982494703881684,16.117559856998923,
hum,0.0,3,nano_ext[gmm],tuned_global_f1_x_level_acc,"{""threshold_method"": ""gmm"", ""sublevel_method"": ""gmm"", ""min_event_duration_sec"": 3e-05, ""filter_cutoff"": null}",186,192,186,1.0,0.96875,0.984126984126984,0.984126984126984,0.0126453842576535,0.0278142236486577,0.7311827956989247,6.688631623896768,17.865279715000725,
hum,0.0,4,nano_ext[gmm],default,,194,193,193,0.9948453608247424,1.0,0.9974160206718348,0.9974160206718348,0.0129045239548561,0.0246773369671623,0.7875647668393783,3.684305066808946,16.8426621790004,
hum,0.0,4,nano_ext[gmm],tuned_global_f1,"{""threshold_method"": ""gmm"", ""sublevel_method"": ""gmm"", ""min_event_duration_sec"": 0.0001, ""filter_cutoff"": 10000.0}",194,194,194,1.0,1.0,1.0,1.0,0.0292632075400615,0.0437820805472501,0.5927835051546392,14.16994199776589,13.998665421000624,
hum,0.0,4,nano_ext[gmm],tuned_global_f1_x_level_acc,"{""threshold_method"": ""gmm"", ""sublevel_method"": ""gmm"", ""min_event_duration_sec"": 3e-05, ""filter_cutoff"": null}",194,196,194,1.0,0.9897959183673468,0.9948717948717948,0.9948717948717948,0.0129475033148191,0.0246785783550004,0.7835051546391752,3.684305066808946,17.120013886999004,
hum,0.0,0,pelt,default,,177,182,177,1.0,0.9725274725274724,0.9860724233983288,0.9860724233983288,0.0021607605529619,0.0350758012541024,0.8418079096045198,3.8976830145642793,11.530891499000065,
hum,0.0,0,pelt,tuned_global_f1,"{""penalty_factor"": 2.0, ""k_sigma"": 2.0}",177,177,177,1.0,1.0,1.0,1.0,0.0023045728695009,0.0346415427973873,0.9943502824858758,3.869767782216371,27.86051299099927,
hum,0.0,0,pelt,tuned_global_f1_x_level_acc,"{""penalty_factor"": 2.0, ""k_sigma"": 2.0}",177,177,177,1.0,1.0,1.0,1.0,0.0023045728695009,0.0346415427973873,0.9943502824858758,3.869767782216371,27.86051299099927,
hum,0.0,1,pelt,default,,186,189,186,1.0,0.984126984126984,0.992,0.992,0.0023471909243934,0.0247512218611498,0.8709677419354839,3.31041738999005,14.243429873999048,
hum,0.0,1,pelt,tuned_global_f1,"{""penalty_factor"": 2.0, ""k_sigma"": 2.0}",186,186,186,1.0,1.0,1.0,1.0,0.0024629731795256,0.0244494828647962,0.9946236559139784,2.993865591438549,27.32646760199896,
hum,0.0,1,pelt,tuned_global_f1_x_level_acc,"{""penalty_factor"": 2.0, ""k_sigma"": 2.0}",186,186,186,1.0,1.0,1.0,1.0,0.0024629731795256,0.0244494828647962,0.9946236559139784,2.993865591438549,27.32646760199896,
hum,0.0,2,pelt,default,,211,217,211,1.0,0.9723502304147466,0.985981308411215,0.985981308411215,0.0023337283514355,0.0280397630556056,0.8199052132701422,2.5900746102314187,10.097060672000223,
hum,0.0,2,pelt,tuned_global_f1,"{""penalty_factor"": 2.0, ""k_sigma"": 2.0}",211,211,211,1.0,1.0,1.0,1.0,0.0022913898330318,0.0282060025022333,1.0,2.598872901549143,23.585243888999685,
hum,0.0,2,pelt,tuned_global_f1_x_level_acc,"{""penalty_factor"": 2.0, ""k_sigma"": 2.0}",211,211,211,1.0,1.0,1.0,1.0,0.0022913898330318,0.0282060025022333,1.0,2.598872901549143,23.585243888999685,
hum,0.0,0,mosaic,default,,177,25,18,0.1016949152542373,0.72,0.1782178217821782,0.198019801980198,0.0114435247834245,0.0366556071690966,0.8333333333333334,,3.714772745001028,
hum,0.0,0,mosaic,tuned_global_f1,"{""eventThreshold"": 3.0, ""StepSize"": 5.0}",177,147,132,0.7457627118644068,0.8979591836734694,0.8148148148148148,0.9074074074074074,0.0037618838638965,0.0305334960667518,0.803030303030303,7.224614903100779,3.158894144000442,
hum,0.0,0,mosaic,tuned_global_f1_x_level_acc,"{""eventThreshold"": 3.0, ""StepSize"": 5.0}",177,147,132,0.7457627118644068,0.8979591836734694,0.8148148148148148,0.9074074074074074,0.0037618838638965,0.0305334960667518,0.803030303030303,7.224614903100779,3.158894144000442,
hum,0.0,1,mosaic,default,,186,30,20,0.1075268817204301,0.6666666666666666,0.1851851851851851,0.2407407407407407,0.0156798720424811,0.0351237578309399,0.85,,3.73639005899895,
hum,0.0,1,mosaic,tuned_global_f1,"{""eventThreshold"": 3.0, ""StepSize"": 5.0}",186,167,153,0.8225806451612904,0.9161676646706588,0.8668555240793201,0.9461756373937676,0.0030050406903162,0.0413557928119503,0.8104575163398693,5.071805928125173,3.0488182170010987,
hum,0.0,1,mosaic,tuned_global_f1_x_level_acc,"{""eventThreshold"": 3.0, ""StepSize"": 5.0}",186,167,153,0.8225806451612904,0.9161676646706588,0.8668555240793201,0.9461756373937676,0.0030050406903162,0.0413557928119503,0.8104575163398693,5.071805928125173,3.0488182170010987,
hum,0.0,2,mosaic,default,,211,59,51,0.2417061611374407,0.864406779661017,0.3777777777777777,0.3999999999999999,0.0049686509655844,0.0309862994053815,0.8431372549019608,,3.513267173000713,
hum,0.0,2,mosaic,tuned_global_f1,"{""eventThreshold"": 3.0, ""StepSize"": 5.0}",211,192,167,0.7914691943127962,0.8697916666666666,0.8287841191066997,0.9528535980148882,0.0028898897005951,0.0327215350859348,0.8862275449101796,5.497905807283487,3.685220744000617,
hum,0.0,2,mosaic,tuned_global_f1_x_level_acc,"{""eventThreshold"": 3.0, ""StepSize"": 5.0}",211,192,167,0.7914691943127962,0.8697916666666666,0.8287841191066997,0.9528535980148882,0.0028898897005951,0.0327215350859348,0.8862275449101796,5.497905807283487,3.685220744000617,
hum,0.0,3,mosaic,default,,186,34,23,0.1236559139784946,0.6764705882352942,0.209090909090909,0.2636363636363636,0.0063587492821448,0.0370943884532824,0.8695652173913043,,4.559958880001432,
hum,0.0,3,mosaic,tuned_global_f1,"{""eventThreshold"": 3.0, ""StepSize"": 5.0}",186,163,144,0.7741935483870968,0.8834355828220859,0.825214899713467,0.9340974212034384,0.0035150008132359,0.0348581042616753,0.9027777777777778,6.106506434067072,3.466034437000417,
hum,0.0,3,mosaic,tuned_global_f1_x_level_acc,"{""eventThreshold"": 3.0, ""StepSize"": 5.0}",186,163,144,0.7741935483870968,0.8834355828220859,0.825214899713467,0.9340974212034384,0.0035150008132359,0.0348581042616753,0.9027777777777778,6.106506434067072,3.466034437000417,
hum,0.0,4,mosaic,default,,194,52,38,0.1958762886597938,0.7307692307692307,0.3089430894308943,0.3658536585365853,0.0097317346421951,0.0201049130870674,0.9210526315789472,,4.519099170000118,
hum,0.0,4,mosaic,tuned_global_f1,"{""eventThreshold"": 3.0, ""StepSize"": 5.0}",194,172,147,0.7577319587628866,0.8546511627906976,0.8032786885245901,0.9398907103825136,0.0030397977372508,0.0277184312406605,0.8775510204081632,5.460850287741792,3.1200945300006424,
hum,0.0,4,mosaic,tuned_global_f1_x_level_acc,"{""eventThreshold"": 3.0, ""StepSize"": 5.0}",194,172,147,0.7577319587628866,0.8546511627906976,0.8032786885245901,0.9398907103825136,0.0030397977372508,0.0277184312406605,0.8775510204081632,5.460850287741792,3.1200945300006424,
hum,0.0,4,pelt,default,,194,200,194,1.0,0.97,0.9847715736040608,0.9847715736040608,0.002139719553229,0.0264231639723293,0.8092783505154639,2.9823222002858807,10.976831799000138,
hum,0.0,4,pelt,tuned_global_f1,"{""penalty_factor"": 2.0, ""k_sigma"": 2.0}",194,194,194,1.0,1.0,1.0,1.0,0.0019467412209097,0.0260375185540116,1.0,3.041588868608891,25.890205546998917,
hum,0.0,4,pelt,tuned_global_f1_x_level_acc,"{""penalty_factor"": 2.0, ""k_sigma"": 2.0}",194,194,194,1.0,1.0,1.0,1.0,0.0019467412209097,0.0260375185540116,1.0,3.041588868608891,25.890205546998917,
hum,0.0,3,pelt,default,,186,190,186,1.0,0.9789473684210528,0.9893617021276596,0.9893617021276596,0.0026412862256399,0.0315745765577638,0.8225806451612904,3.106730750879194,11.297336370000266,
hum,0.0,3,pelt,tuned_global_f1,"{""penalty_factor"": 2.0, ""k_sigma"": 2.0}",186,186,186,1.0,1.0,1.0,1.0,0.0023710610864892,0.0313230212340728,1.0,3.106730750879194,27.839680560999117,
hum,0.0,3,pelt,tuned_global_f1_x_level_acc,"{""penalty_factor"": 2.0, ""k_sigma"": 2.0}",186,186,186,1.0,1.0,1.0,1.0,0.0023710610864892,0.0313230212340728,1.0,3.106730750879194,27.839680560999117,
hum,0.0,0,threshold+nanotrees,default,,177,177,177,1.0,1.0,1.0,1.0,0.0155554673972248,0.0280262586926823,0.4971751412429379,,7.250908291000087,
hum,0.0,0,threshold+nanotrees,tuned_global_f1,"{""k_sigma"": 5.0, ""smallest_sublevel_pa"": 80.0}",177,177,177,1.0,1.0,1.0,1.0,0.0155554673972248,0.0280262586926823,0.4971751412429379,,6.263737359999141,
hum,0.0,0,threshold+nanotrees,tuned_global_f1_x_level_acc,"{""k_sigma"": 5.0, ""smallest_sublevel_pa"": 20.0}",177,177,177,1.0,1.0,1.0,1.0,0.0063318961912328,0.0243587246712647,0.96045197740113,12.585711205326255,5.622793128000922,
hum,0.0,1,threshold+nanotrees,default,,186,186,186,1.0,1.0,1.0,1.0,0.0123046997970019,0.0220185171671052,0.521505376344086,,6.423062992000268,
hum,0.0,1,threshold+nanotrees,tuned_global_f1,"{""k_sigma"": 5.0, ""smallest_sublevel_pa"": 80.0}",186,186,186,1.0,1.0,1.0,1.0,0.0123046997970019,0.0220185171671052,0.521505376344086,,6.887422613999661,
hum,0.0,1,threshold+nanotrees,tuned_global_f1_x_level_acc,"{""k_sigma"": 5.0, ""smallest_sublevel_pa"": 20.0}",186,186,186,1.0,1.0,1.0,1.0,0.0063869767061277,0.0206413147042139,0.946236559139785,13.183148226847408,6.268852625000363,
hum,0.0,0,autonanopore,default,,177,0,0,0.0,0.0,0.0,0.0,,,,,0.5206733030008763,
hum,0.0,0,autonanopore,tuned_global_f1,"{""window_size_ms"": 5, ""theta"": 0.5}",177,123,111,0.6271186440677966,0.902439024390244,0.74,0.8133333333333332,0.0150421064562786,0.3285645,,,1.0916029759991943,
hum,0.0,1,autonanopore,default,,186,0,0,0.0,0.0,0.0,0.0,,,,,0.4859992479996435,
hum,0.0,1,autonanopore,tuned_global_f1,"{""window_size_ms"": 5, ""theta"": 0.5}",186,136,130,0.6989247311827957,0.9558823529411764,0.8074534161490685,0.84472049689441,0.0091942037313729,0.2931947499999999,,,0.8215709750002134,
hum,0.0,2,autonanopore,default,,211,0,0,0.0,0.0,0.0,0.0,,,,,0.3532067029991594,
hum,0.0,2,autonanopore,tuned_global_f1,"{""window_size_ms"": 5, ""theta"": 0.5}",211,148,138,0.6540284360189573,0.9324324324324323,0.7688022284122563,0.8189415041782729,0.0128375466055238,0.310381761861238,,,0.7634095000012167,
hum,0.0,3,autonanopore,default,,186,0,0,0.0,0.0,0.0,0.0,,,,,0.4687199769996368,
hum,0.0,3,autonanopore,tuned_global_f1,"{""window_size_ms"": 5, ""theta"": 0.5}",186,128,119,0.6397849462365591,0.9296875,0.7579617834394904,0.8089171974522292,0.0124795368081311,0.3631268333333332,,,0.9004717770003481,
hum,0.0,4,autonanopore,default,,194,0,0,0.0,0.0,0.0,0.0,,,,,0.5507444180002494,
hum,0.0,4,autonanopore,tuned_global_f1,"{""window_size_ms"": 5, ""theta"": 0.5}",194,137,129,0.6649484536082474,0.9416058394160584,0.7794561933534743,0.8217522658610272,0.0144261738653976,0.3344484074624421,,,0.8598402040006476,
hum,0.0,3,threshold+nanotrees,default,,186,187,186,1.0,0.9946524064171124,0.9973190348525468,0.9973190348525468,0.0134139303189145,0.0250919225914021,0.532258064516129,,6.574860532999082,
hum,0.0,3,threshold+nanotrees,tuned_global_f1,"{""k_sigma"": 5.0, ""smallest_sublevel_pa"": 80.0}",186,187,186,1.0,0.9946524064171124,0.9973190348525468,0.9973190348525468,0.0134139303189145,0.0250919225914021,0.532258064516129,,6.841378422999696,
hum,0.0,3,threshold+nanotrees,tuned_global_f1_x_level_acc,"{""k_sigma"": 5.0, ""smallest_sublevel_pa"": 20.0}",186,187,186,1.0,0.9946524064171124,0.9973190348525468,0.9973190348525468,0.0077059041348957,0.026736944842669,0.935483870967742,10.929593090791556,6.472835348000444,
hum,0.0,2,threshold+nanotrees,default,,211,211,211,1.0,1.0,1.0,1.0,0.0129447402256018,0.0239456736432005,0.5497630331753555,,6.50529856600042,
hum,0.0,2,threshold+nanotrees,tuned_global_f1,"{""k_sigma"": 5.0, ""smallest_sublevel_pa"": 80.0}",211,211,211,1.0,1.0,1.0,1.0,0.0129447402256018,0.0239456736432005,0.5497630331753555,,7.751428165998732,
hum,0.0,2,threshold+nanotrees,tuned_global_f1_x_level_acc,"{""k_sigma"": 5.0, ""smallest_sublevel_pa"": 20.0}",211,211,211,1.0,1.0,1.0,1.0,0.0053532441779047,0.025171806574688,0.957345971563981,14.024134333046057,8.16155904200059,
hum,0.0,4,threshold+nanotrees,default,,194,194,194,1.0,1.0,1.0,1.0,0.0141495091121523,0.0209918406256132,0.5154639175257731,,7.168945064999207,
hum,0.0,4,threshold+nanotrees,tuned_global_f1,"{""k_sigma"": 5.0, ""smallest_sublevel_pa"": 80.0}",194,194,194,1.0,1.0,1.0,1.0,0.0141495091121523,0.0209918406256132,0.5154639175257731,,6.703221881998616,
hum,0.0,4,threshold+nanotrees,tuned_global_f1_x_level_acc,"{""k_sigma"": 5.0, ""smallest_sublevel_pa"": 20.0}",194,194,194,1.0,1.0,1.0,1.0,0.0085081925671613,0.0243587942544985,0.9536082474226804,13.95115828506377,7.075801999999385,
hum,3.0,0,nano_ext[dpgmm],default,,177,176,175,0.9887005649717514,0.9943181818181818,0.9915014164305948,0.9915014164305948,0.0054880842669833,0.0430187662924617,0.76,5.321881204108786,7.065065074999438,
hum,3.0,0,nano_ext[dpgmm],tuned_global_f1,"{""threshold_method"": ""dpgmm"", ""sublevel_method"": ""dpgmm"", ""min_event_duration_sec"": 1e-05, ""filter_cutoff"": 10000.0}",177,177,177,1.0,1.0,1.0,1.0,0.0170374477599434,0.051046880086263,0.6214689265536724,8.177382193608196,5.249847197001145,
hum,3.0,0,nano_ext[dpgmm],tuned_global_f1_x_level_acc,"{""threshold_method"": ""dpgmm"", ""sublevel_method"": ""dpgmm"", ""min_event_duration_sec"": 1e-05, ""filter_cutoff"": null}",177,182,177,1.0,0.9725274725274724,0.9860724233983288,0.9860724233983288,0.0055848303476911,0.0430528004964192,0.7570621468926554,5.321881204108786,6.636353079999026,
hum,3.0,1,nano_ext[dpgmm],default,,186,187,186,1.0,0.9946524064171124,0.9973190348525468,0.9973190348525468,0.0047920657908612,0.0347856203715006,0.7634408602150538,2.91154397302762,6.845433534001131,
hum,3.0,1,nano_ext[dpgmm],tuned_global_f1,"{""threshold_method"": ""dpgmm"", ""sublevel_method"": ""dpgmm"", ""min_event_duration_sec"": 1e-05, ""filter_cutoff"": 10000.0}",186,186,186,1.0,1.0,1.0,1.0,0.0139372084428818,0.0415392526017867,0.6021505376344086,7.883546063514046,5.209080991000519,
hum,3.0,1,nano_ext[dpgmm],tuned_global_f1_x_level_acc,"{""threshold_method"": ""dpgmm"", ""sublevel_method"": ""dpgmm"", ""min_event_duration_sec"": 1e-05, ""filter_cutoff"": null}",186,189,186,1.0,0.984126984126984,0.992,0.992,0.0047920657908612,0.0347856203715006,0.7634408602150538,2.91154397302762,6.753565065000657,
hum,3.0,2,nano_ext[dpgmm],default,,211,215,210,0.995260663507109,0.9767441860465116,0.9859154929577464,0.9906103286384976,0.0051502012967504,0.0369231123338243,0.7952380952380952,3.7276229294391774,8.65166377300011,
hum,3.0,2,nano_ext[dpgmm],tuned_global_f1,"{""threshold_method"": ""dpgmm"", ""sublevel_method"": ""dpgmm"", ""min_event_duration_sec"": 1e-05, ""filter_cutoff"": 10000.0}",211,211,211,1.0,1.0,1.0,1.0,0.0168651986223171,0.0407587687174479,0.6587677725118484,6.431661543349065,5.293462750998515,
hum,3.0,2,nano_ext[dpgmm],tuned_global_f1_x_level_acc,"{""threshold_method"": ""dpgmm"", ""sublevel_method"": ""dpgmm"", ""min_event_duration_sec"": 1e-05, ""filter_cutoff"": null}",211,220,210,0.995260663507109,0.9545454545454546,0.974477958236659,0.9791183294663574,0.0051502012967504,0.0369231123338243,0.7952380952380952,3.7276229294391774,7.186330587001066,
hum,3.0,3,nano_ext[dpgmm],default,,186,188,186,1.0,0.9893617021276596,0.9946524064171124,0.9946524064171124,0.0064878915719443,0.0447352659522221,0.7419354838709677,5.340324531921681,7.698869926000043,
hum,3.0,3,nano_ext[dpgmm],tuned_global_f1,"{""threshold_method"": ""dpgmm"", ""sublevel_method"": ""dpgmm"", ""min_event_duration_sec"": 1e-05, ""filter_cutoff"": 10000.0}",186,186,186,1.0,1.0,1.0,1.0,0.0154259100190744,0.0476706856130675,0.6236559139784946,2.967992529967489,5.206779743999505,
hum,3.0,3,nano_ext[dpgmm],tuned_global_f1_x_level_acc,"{""threshold_method"": ""dpgmm"", ""sublevel_method"": ""dpgmm"", ""min_event_duration_sec"": 1e-05, ""filter_cutoff"": null}",186,189,186,1.0,0.984126984126984,0.992,0.992,0.0064878915719443,0.0447352659522221,0.7419354838709677,5.340324531921681,6.330707456998425,
hum,3.0,4,nano_ext[dpgmm],default,,194,197,192,0.9896907216494846,0.9746192893401016,0.9820971867007672,0.987212276214834,0.0061098190906444,0.0361303647359212,0.796875,3.589031057238401,7.02570262900008,
hum,3.0,4,nano_ext[dpgmm],tuned_global_f1,"{""threshold_method"": ""dpgmm"", ""sublevel_method"": ""dpgmm"", ""min_event_duration_sec"": 1e-05, ""filter_cutoff"": 10000.0}",194,194,194,1.0,1.0,1.0,1.0,0.0134365314149759,0.044821081206271,0.6443298969072165,5.974295886446157,5.254564838998704,
hum,3.0,4,nano_ext[dpgmm],tuned_global_f1_x_level_acc,"{""threshold_method"": ""dpgmm"", ""sublevel_method"": ""dpgmm"", ""min_event_duration_sec"": 1e-05, ""filter_cutoff"": null}",194,200,193,0.9948453608247424,0.965,0.9796954314720812,0.9847715736040608,0.0061376541719176,0.0367830276489257,0.7927461139896373,3.589031057238401,6.519261200999608,
hum,3.0,0,nano_ext[gmm],default,,177,175,175,0.9887005649717514,1.0,0.994318181818182,0.994318181818182,0.0046790763866128,0.0431504567464192,0.7485714285714286,6.697197274974087,15.862599701998988,
hum,3.0,0,nano_ext[gmm],tuned_global_f1,"{""threshold_method"": ""gmm"", ""sublevel_method"": ""gmm"", ""min_event_duration_sec"": 0.0001, ""filter_cutoff"": 10000.0}",177,178,177,1.0,0.99438202247191,0.9971830985915492,0.9971830985915492,0.0422086667909629,0.0609931369203953,0.559322033898305,12.581317482107668,14.46686903400041,
hum,3.0,0,nano_ext[gmm],tuned_global_f1_x_level_acc,"{""threshold_method"": ""gmm"", ""sublevel_method"": ""gmm"", ""min_event_duration_sec"": 3e-05, ""filter_cutoff"": null}",177,177,177,1.0,1.0,1.0,1.0,0.0046840281120133,0.0434587698038348,0.7457627118644068,6.697197274974087,14.291792787000304,
hum,3.0,1,nano_ext[gmm],default,,186,186,186,1.0,1.0,1.0,1.0,0.005728759078836,0.0350555928846715,0.7311827956989247,5.627653652418019,15.658171142000356,
hum,3.0,1,nano_ext[gmm],tuned_global_f1,"{""threshold_method"": ""gmm"", ""sublevel_method"": ""gmm"", ""min_event_duration_sec"": 0.0001, ""filter_cutoff"": 10000.0}",186,186,186,1.0,1.0,1.0,1.0,0.0217541755892902,0.0431519190470377,0.5376344086021505,11.813477421629416,14.444135764999372,
hum,3.0,1,nano_ext[gmm],tuned_global_f1_x_level_acc,"{""threshold_method"": ""gmm"", ""sublevel_method"": ""gmm"", ""min_event_duration_sec"": 3e-05, ""filter_cutoff"": null}",186,186,186,1.0,1.0,1.0,1.0,0.005728759078836,0.0350555928846715,0.7311827956989247,5.627653652418019,15.77484589300002,
hum,3.0,0,threshold,default,,177,178,177,1.0,0.99438202247191,0.9971830985915492,0.9971830985915492,0.0150421064562786,0.0407249232019305,,,0.0510435449996293,
hum,3.0,0,threshold,tuned_global_f1,"{""k_sigma"": 5.0, ""k_exit"": 0.5}",177,177,177,1.0,1.0,1.0,1.0,0.0240264314693193,0.03984620593843,,,0.0479979479987378,
hum,3.0,1,threshold,default,,186,187,186,1.0,0.9946524064171124,0.9973190348525468,0.9973190348525468,0.0128082607288658,0.0437114873530996,,,0.0500616760000411,
hum,3.0,1,threshold,tuned_global_f1,"{""k_sigma"": 5.0, ""k_exit"": 0.5}",186,186,186,1.0,1.0,1.0,1.0,0.0219855031055993,0.0419419101849111,,,0.0554675090006639,
hum,3.0,2,threshold,default,,211,211,211,1.0,1.0,1.0,1.0,0.0126637378618968,0.0369153365672645,,,0.0632647839993296,
hum,3.0,2,threshold,tuned_global_f1,"{""k_sigma"": 5.0, ""k_exit"": 0.5}",211,211,211,1.0,1.0,1.0,1.0,0.019927019268141,0.0303835308763411,,,0.0609303540004475,
hum,3.0,3,threshold,default,,186,187,186,1.0,0.9946524064171124,0.9973190348525468,0.9973190348525468,0.0155717325556846,0.039810472315008,,,0.0546326359999511,
hum,3.0,3,threshold,tuned_global_f1,"{""k_sigma"": 5.0, ""k_exit"": 0.5}",186,186,186,1.0,1.0,1.0,1.0,0.0278000061978327,0.0359121649667153,,,0.056995797998752,
hum,3.0,4,threshold,default,,194,194,194,1.0,1.0,1.0,1.0,0.0160861048773768,0.0371926257444468,,,0.0715513070008455,
hum,3.0,4,threshold,tuned_global_f1,"{""k_sigma"": 5.0, ""k_exit"": 0.5}",194,194,194,1.0,1.0,1.0,1.0,0.0236414996965673,0.0329266609883503,,,0.0677999150011601,
hum,3.0,2,nano_ext[gmm],default,,211,211,211,1.0,1.0,1.0,1.0,0.0099767886423022,0.036684226989746,0.7819905213270142,4.779292524070833,17.016454974000226,
hum,3.0,2,nano_ext[gmm],tuned_global_f1,"{""threshold_method"": ""gmm"", ""sublevel_method"": ""gmm"", ""min_event_duration_sec"": 0.0001, ""filter_cutoff"": 10000.0}",211,211,211,1.0,1.0,1.0,1.0,0.0226657199969288,0.0467835105115847,0.5450236966824644,16.779292524082834,15.883439344999717,
hum,3.0,2,nano_ext[gmm],tuned_global_f1_x_level_acc,"{""threshold_method"": ""gmm"", ""sublevel_method"": ""gmm"", ""min_event_duration_sec"": 3e-05, ""filter_cutoff"": null}",211,218,211,1.0,0.9678899082568808,0.9836829836829836,0.9836829836829836,0.0099767886423022,0.036684226989746,0.7819905213270142,4.779292524070833,17.092618411999865,
hum,3.0,3,nano_ext[gmm],default,,186,186,186,1.0,1.0,1.0,1.0,0.0157039956370901,0.0465264043298176,0.7311827956989247,6.7161330563614285,18.282054795001383,
hum,3.0,3,nano_ext[gmm],tuned_global_f1,"{""threshold_method"": ""gmm"", ""sublevel_method"": ""gmm"", ""min_event_duration_sec"": 0.0001, ""filter_cutoff"": 10000.0}",186,189,186,1.0,0.984126984126984,0.992,0.992,0.0388930161475289,0.0567792311358169,0.5161290322580645,10.560225025157964,14.107583924998837,
hum,3.0,3,nano_ext[gmm],tuned_global_f1_x_level_acc,"{""threshold_method"": ""gmm"", ""sublevel_method"": ""gmm"", ""min_event_duration_sec"": 3e-05, ""filter_cutoff"": null}",186,338,186,1.0,0.5502958579881657,0.7099236641221375,0.7099236641221375,0.0157039956370901,0.0465264043298176,0.7311827956989247,6.7161330563614285,16.566375369000525,
hum,3.0,0,pelt,default,,177,183,177,1.0,0.9672131147540984,0.9833333333333332,0.9833333333333332,0.0022953771980868,0.0462487423098837,0.864406779661017,3.841852549868463,6.349320517001615,
hum,3.0,0,pelt,tuned_global_f1,"{""penalty_factor"": 2.0, ""k_sigma"": 2.0}",177,177,177,1.0,1.0,1.0,1.0,0.0023045728695009,0.0471192619902239,0.9943502824858758,3.8976830145642793,11.27552183499938,
hum,3.0,0,pelt,tuned_global_f1_x_level_acc,"{""penalty_factor"": 2.0, ""k_sigma"": 2.0}",177,177,177,1.0,1.0,1.0,1.0,0.0023045728695009,0.0471192619902239,0.9943502824858758,3.8976830145642793,11.27552183499938,
hum,3.0,1,pelt,default,,186,187,186,1.0,0.9946524064171124,0.9973190348525468,0.9973190348525468,0.0023668083017144,0.0529559674439607,0.8978494623655914,3.31041738999005,8.554465058999995,
hum,3.0,1,pelt,tuned_global_f1,"{""penalty_factor"": 2.0, ""k_sigma"": 2.0}",186,186,186,1.0,1.0,1.0,1.0,0.002473473699231,0.0529559674439607,0.9946236559139784,2.993865591438549,11.822647248000068,
hum,3.0,1,pelt,tuned_global_f1_x_level_acc,"{""penalty_factor"": 2.0, ""k_sigma"": 2.0}",186,186,186,1.0,1.0,1.0,1.0,0.002473473699231,0.0529559674439607,0.9946236559139784,2.993865591438549,11.822647248000068,
hum,3.0,2,pelt,default,,211,215,211,1.0,0.9813953488372092,0.9906103286384976,0.9906103286384976,0.0022517436248195,0.0444046694558491,0.8862559241706162,2.598872901549143,6.826561550000406,
hum,3.0,2,pelt,tuned_global_f1,"{""penalty_factor"": 2.0, ""k_sigma"": 2.0}",211,211,211,1.0,1.0,1.0,1.0,0.0022517436248195,0.0444046694558491,0.995260663507109,2.598872901549143,10.999250654998832,
hum,3.0,2,pelt,tuned_global_f1_x_level_acc,"{""penalty_factor"": 2.0, ""k_sigma"": 2.0}",211,211,211,1.0,1.0,1.0,1.0,0.0022517436248195,0.0444046694558491,0.995260663507109,2.598872901549143,10.999250654998832,
hum,3.0,3,pelt,default,,186,190,186,1.0,0.9789473684210528,0.9893617021276596,0.9893617021276596,0.0025021171128707,0.0496648010290907,0.8602150537634409,3.106730750879194,7.2801988229985,
hum,3.0,3,pelt,tuned_global_f1,"{""penalty_factor"": 2.0, ""k_sigma"": 2.0}",186,186,186,1.0,1.0,1.0,1.0,0.0025342880767737,0.0492194396612073,0.9946236559139784,3.106730750879194,11.73740686400015,
hum,3.0,3,pelt,tuned_global_f1_x_level_acc,"{""penalty_factor"": 2.0, ""k_sigma"": 2.0}",186,186,186,1.0,1.0,1.0,1.0,0.0025342880767737,0.0492194396612073,0.9946236559139784,3.106730750879194,11.73740686400015,
hum,3.0,4,nano_ext[gmm],default,,194,193,193,0.9948453608247424,1.0,0.9974160206718348,0.9974160206718348,0.0100356054392914,0.0372974467857684,0.7616580310880829,3.589031057238401,16.112226015000488,
hum,3.0,4,nano_ext[gmm],tuned_global_f1,"{""threshold_method"": ""gmm"", ""sublevel_method"": ""gmm"", ""min_event_duration_sec"": 0.0001, ""filter_cutoff"": 10000.0}",194,194,194,1.0,1.0,1.0,1.0,0.0134365314149759,0.044821081206271,0.5824742268041238,12.905244199612476,13.67293538499871,
hum,3.0,4,nano_ext[gmm],tuned_global_f1_x_level_acc,"{""threshold_method"": ""gmm"", ""sublevel_method"": ""gmm"", ""min_event_duration_sec"": 3e-05, ""filter_cutoff"": null}",194,208,194,1.0,0.9326923076923076,0.965174129353234,0.965174129353234,0.010067915140773,0.0374439797032786,0.7577319587628866,3.589031057238401,15.93503665999924,
hum,3.0,0,mosaic,default,,177,25,18,0.1016949152542373,0.72,0.1782178217821782,0.2178217821782178,0.0100955543570783,0.0404053435028435,0.8888888888888888,,4.125456288000351,
hum,3.0,0,mosaic,tuned_global_f1,"{""eventThreshold"": 3.0, ""StepSize"": 5.0}",177,140,127,0.7175141242937854,0.9071428571428573,0.801261829652997,0.8832807570977919,0.003675157643699,0.0364196342701551,0.84251968503937,5.975501013055773,3.927466368000751,
hum,3.0,0,mosaic,tuned_global_f1_x_level_acc,"{""eventThreshold"": 3.0, ""StepSize"": 5.0}",177,140,127,0.7175141242937854,0.9071428571428573,0.801261829652997,0.8832807570977919,0.003675157643699,0.0364196342701551,0.84251968503937,5.975501013055773,3.927466368000751,
hum,3.0,4,pelt,default,,194,196,194,1.0,0.9897959183673468,0.9948717948717948,0.9948717948717948,0.0021317393971947,0.0495106091310799,0.865979381443299,2.9823222002858807,6.673783910000566,
hum,3.0,4,pelt,tuned_global_f1,"{""penalty_factor"": 2.0, ""k_sigma"": 2.0}",194,194,194,1.0,1.0,1.0,1.0,0.0020124255653667,0.0494568413765068,0.9948453608247424,3.041588868608891,10.918760237000242,
hum,3.0,4,pelt,tuned_global_f1_x_level_acc,"{""penalty_factor"": 2.0, ""k_sigma"": 2.0}",194,194,194,1.0,1.0,1.0,1.0,0.0020124255653667,0.0494568413765068,0.9948453608247424,3.041588868608891,10.918760237000242,
hum,3.0,2,mosaic,default,,211,50,42,0.1990521327014218,0.84,0.3218390804597701,0.3448275862068966,0.0064257280039375,0.0259438855111036,0.8571428571428571,,4.466560795999612,
hum,3.0,2,mosaic,tuned_global_f1,"{""eventThreshold"": 3.0, ""StepSize"": 5.0}",211,183,164,0.7772511848341233,0.8961748633879781,0.8324873096446701,0.9289340101522844,0.0025972460283465,0.0354956893750948,0.8536585365853658,4.935702199504455,4.324913171001754,
hum,3.0,2,mosaic,tuned_global_f1_x_level_acc,"{""eventThreshold"": 3.0, ""StepSize"": 5.0}",211,183,164,0.7772511848341233,0.8961748633879781,0.8324873096446701,0.9289340101522844,0.0025972460283465,0.0354956893750948,0.8536585365853658,4.935702199504455,4.324913171001754,
hum,3.0,1,mosaic,default,,186,7,3,0.0161290322580645,0.4285714285714285,0.0310880829015544,0.0414507772020725,0.2928163507091845,0.1797681809893406,0.3333333333333333,,5.902161109001099,
hum,3.0,1,mosaic,tuned_global_f1,"{""eventThreshold"": 3.0, ""StepSize"": 5.0}",186,153,138,0.7419354838709677,0.9019607843137256,0.8141592920353982,0.9026548672566372,0.0028473168160588,0.0398811662105962,0.7898550724637681,4.106898217046129,4.09484541600068,
hum,3.0,1,mosaic,tuned_global_f1_x_level_acc,"{""eventThreshold"": 3.0, ""StepSize"": 5.0}",186,153,138,0.7419354838709677,0.9019607843137256,0.8141592920353982,0.9026548672566372,0.0028473168160588,0.0398811662105962,0.7898550724637681,4.106898217046129,4.09484541600068,
hum,3.0,3,mosaic,default,,186,19,12,0.064516129032258,0.631578947368421,0.1170731707317073,0.1463414634146341,0.0130291532089963,0.0455196310553484,1.0,,5.596023371999763,
hum,3.0,3,mosaic,tuned_global_f1,"{""eventThreshold"": 3.0, ""StepSize"": 5.0}",186,161,144,0.7741935483870968,0.8944099378881988,0.829971181556196,0.9279538904899136,0.0030885161777715,0.0381954288562761,0.8888888888888888,6.541660456660381,3.352186370999334,
hum,3.0,3,mosaic,tuned_global_f1_x_level_acc,"{""eventThreshold"": 3.0, ""StepSize"": 5.0}",186,161,144,0.7741935483870968,0.8944099378881988,0.829971181556196,0.9279538904899136,0.0030885161777715,0.0381954288562761,0.8888888888888888,6.541660456660381,3.352186370999334,
hum,3.0,4,mosaic,default,,194,13,7,0.0360824742268041,0.5384615384615384,0.0676328502415458,0.0772946859903381,0.0017827060453998,0.0235398549469181,0.8571428571428571,,6.2025946020003175,
hum,3.0,4,mosaic,tuned_global_f1,"{""eventThreshold"": 3.0, ""StepSize"": 5.0}",194,154,135,0.6958762886597938,0.8766233766233766,0.7758620689655172,0.8850574712643678,0.0030397977377227,0.0317436315202448,0.8222222222222222,6.539149712159187,3.475768551001238,
hum,3.0,4,mosaic,tuned_global_f1_x_level_acc,"{""eventThreshold"": 3.0, ""StepSize"": 5.0}",194,154,135,0.6958762886597938,0.8766233766233766,0.7758620689655172,0.8850574712643678,0.0030397977377227,0.0317436315202448,0.8222222222222222,6.539149712159187,3.475768551001238,
hum,3.0,0,threshold+nanotrees,default,,177,178,177,1.0,0.99438202247191,0.9971830985915492,0.9971830985915492,0.0150421064562786,0.0407249232019305,0.4971751412429379,,6.729605315000299,
hum,3.0,0,threshold+nanotrees,tuned_global_f1,"{""k_sigma"": 5.0, ""smallest_sublevel_pa"": 80.0}",177,178,177,1.0,0.99438202247191,0.9971830985915492,0.9971830985915492,0.0150421064562786,0.0407249232019305,0.4971751412429379,,6.940365873999326,
hum,3.0,0,threshold+nanotrees,tuned_global_f1_x_level_acc,"{""k_sigma"": 5.0, ""smallest_sublevel_pa"": 20.0}",177,178,176,0.9943502824858758,0.9887640449438202,0.991549295774648,0.9971830985915492,0.0063041307696166,0.0232290793603156,0.9602272727272728,12.705506766241824,6.759849211000983,
hum,3.0,1,threshold+nanotrees,default,,186,187,186,1.0,0.9946524064171124,0.9973190348525468,0.9973190348525468,0.0128082607288658,0.0437114873530996,0.521505376344086,,6.323249200000646,
hum,3.0,1,threshold+nanotrees,tuned_global_f1,"{""k_sigma"": 5.0, ""smallest_sublevel_pa"": 80.0}",186,187,186,1.0,0.9946524064171124,0.9973190348525468,0.9973190348525468,0.0128082607288658,0.0437114873530996,0.521505376344086,,7.017578349999894,
hum,3.0,1,threshold+nanotrees,tuned_global_f1_x_level_acc,"{""k_sigma"": 5.0, ""smallest_sublevel_pa"": 20.0}",186,187,186,1.0,0.9946524064171124,0.9973190348525468,0.9973190348525468,0.0063869767061277,0.020966572279181,0.9408602150537636,13.135802126806873,7.352790528000696,
hum,3.0,0,autonanopore,default,,177,0,0,0.0,0.0,0.0,0.0,,,,,0.3627431139993859,
hum,3.0,0,autonanopore,tuned_global_f1,"{""window_size_ms"": 5, ""theta"": 0.5}",177,123,110,0.6214689265536724,0.8943089430894309,0.7333333333333334,0.8133333333333332,0.015737798333049,0.3215415,,,0.971439383998586,
hum,3.0,1,autonanopore,default,,186,0,0,0.0,0.0,0.0,0.0,,,,,0.4033710069998051,
hum,3.0,1,autonanopore,tuned_global_f1,"{""window_size_ms"": 5, ""theta"": 0.5}",186,138,130,0.6989247311827957,0.9420289855072465,0.8024691358024693,0.8518518518518519,0.0091942037313729,0.2905192166666667,,,0.8936082649997843,
hum,3.0,3,threshold+nanotrees,default,,186,187,186,1.0,0.9946524064171124,0.9973190348525468,0.9973190348525468,0.0155717325556846,0.039810472315008,0.532258064516129,,6.231546121000065,
hum,3.0,3,threshold+nanotrees,tuned_global_f1,"{""k_sigma"": 5.0, ""smallest_sublevel_pa"": 80.0}",186,187,186,1.0,0.9946524064171124,0.9973190348525468,0.9973190348525468,0.0155717325556846,0.039810472315008,0.532258064516129,,6.719329576999371,
hum,3.0,3,threshold+nanotrees,tuned_global_f1_x_level_acc,"{""k_sigma"": 5.0, ""smallest_sublevel_pa"": 20.0}",186,187,186,1.0,0.9946524064171124,0.9973190348525468,0.9973190348525468,0.0077476414647436,0.0264697637591353,0.946236559139785,11.588828845332522,7.037976452998919,
hum,3.0,2,autonanopore,default,,211,0,0,0.0,0.0,0.0,0.0,,,,,0.3833159799996792,
hum,3.0,2,autonanopore,tuned_global_f1,"{""window_size_ms"": 5, ""theta"": 0.5}",211,148,139,0.6587677725118484,0.9391891891891893,0.7743732590529249,0.8189415041782729,0.0127397728800254,0.3164911666666666,,,0.9525639089988543,
hum,3.0,3,autonanopore,default,,186,0,0,0.0,0.0,0.0,0.0,,,,,0.6028103150001698,
hum,3.0,3,autonanopore,tuned_global_f1,"{""window_size_ms"": 5, ""theta"": 0.5}",186,128,119,0.6397849462365591,0.9296875,0.7579617834394904,0.8089171974522292,0.0136308820721713,0.3553995833333334,,,1.0789450510001188,
hum,3.0,2,threshold+nanotrees,default,,211,211,211,1.0,1.0,1.0,1.0,0.0126637378618968,0.0369153365672645,0.5497630331753555,,7.282429516000775,
hum,3.0,2,threshold+nanotrees,tuned_global_f1,"{""k_sigma"": 5.0, ""smallest_sublevel_pa"": 80.0}",211,211,211,1.0,1.0,1.0,1.0,0.0126637378618968,0.0369153365672645,0.5497630331753555,,8.179911094001,
hum,3.0,2,threshold+nanotrees,tuned_global_f1_x_level_acc,"{""k_sigma"": 5.0, ""smallest_sublevel_pa"": 20.0}",211,211,211,1.0,1.0,1.0,1.0,0.0053532441779047,0.0259191589641342,0.962085308056872,13.47085690395211,7.896965519999867,
hum,3.0,4,autonanopore,default,,194,0,0,0.0,0.0,0.0,0.0,,,,,0.4948123829999531,
hum,3.0,4,autonanopore,tuned_global_f1,"{""window_size_ms"": 5, ""theta"": 0.5}",194,131,122,0.6288659793814433,0.931297709923664,0.7507692307692307,0.7999999999999999,0.0137171609613318,0.359495,,,0.924270075000095,
hum,10.0,0,nano_ext[dpgmm],default,,177,170,114,0.6440677966101694,0.6705882352941176,0.6570605187319885,0.8991354466858789,0.0458761975021652,0.1163234710693359,0.6666666666666666,3.934338684619121,6.261041443000067,
hum,10.0,0,nano_ext[dpgmm],tuned_global_f1,"{""threshold_method"": ""dpgmm"", ""sublevel_method"": ""dpgmm"", ""min_event_duration_sec"": 1e-05, ""filter_cutoff"": 10000.0}",177,187,135,0.7627118644067796,0.7219251336898396,0.7417582417582418,0.956043956043956,0.0731073898851044,0.1187479654947916,0.6518518518518519,8.861322979170083,4.47343253300096,
hum,10.0,0,nano_ext[dpgmm],tuned_global_f1_x_level_acc,"{""threshold_method"": ""dpgmm"", ""sublevel_method"": ""dpgmm"", ""min_event_duration_sec"": 1e-05, ""filter_cutoff"": null}",177,266,115,0.6497175141242938,0.4323308270676692,0.5191873589164786,0.7945823927765236,0.046643042206195,0.1161574045817057,0.6695652173913044,3.934338684619121,5.324733213999934,
hum,3.0,4,threshold+nanotrees,default,,194,194,194,1.0,1.0,1.0,1.0,0.0160861048773768,0.0371926257444468,0.5154639175257731,,7.730522345000281,
hum,3.0,4,threshold+nanotrees,tuned_global_f1,"{""k_sigma"": 5.0, ""smallest_sublevel_pa"": 80.0}",194,194,194,1.0,1.0,1.0,1.0,0.0160861048773768,0.0371926257444468,0.5154639175257731,,7.931830949999494,
hum,3.0,4,threshold+nanotrees,tuned_global_f1_x_level_acc,"{""k_sigma"": 5.0, ""smallest_sublevel_pa"": 20.0}",194,194,194,1.0,1.0,1.0,1.0,0.0075602630543468,0.023907569675688,0.9432989690721648,13.409149607346292,7.769997304998469,
hum,10.0,1,nano_ext[dpgmm],default,,186,162,124,0.6666666666666666,0.7654320987654321,0.7126436781609194,0.896551724137931,0.0344593157116001,0.1041004436952168,0.6451612903225806,,6.490637184999287,
hum,10.0,1,nano_ext[dpgmm],tuned_global_f1,"{""threshold_method"": ""dpgmm"", ""sublevel_method"": ""dpgmm"", ""min_event_duration_sec"": 1e-05, ""filter_cutoff"": 10000.0}",186,189,174,0.935483870967742,0.9206349206349206,0.928,0.992,0.0277915639560376,0.075211210198951,0.5977011494252874,3.312048168613302,5.1823652639996,
hum,10.0,1,nano_ext[dpgmm],tuned_global_f1_x_level_acc,"{""threshold_method"": ""dpgmm"", ""sublevel_method"": ""dpgmm"", ""min_event_duration_sec"": 1e-05, ""filter_cutoff"": null}",186,291,125,0.6720430107526881,0.4295532646048109,0.5241090146750523,0.7714884696016772,0.035006909209273,0.10337651570638,0.648,,5.55178138500014,
hum,10.0,2,nano_ext[dpgmm],default,,211,183,125,0.5924170616113744,0.6830601092896175,0.6345177664974618,0.868020304568528,0.0299184508259053,0.1029829661051432,0.76,,6.6022342259984725,
hum,10.0,2,nano_ext[dpgmm],tuned_global_f1,"{""threshold_method"": ""dpgmm"", ""sublevel_method"": ""dpgmm"", ""min_event_duration_sec"": 1e-05, ""filter_cutoff"": 10000.0}",211,226,158,0.7488151658767772,0.6991150442477876,0.723112128146453,0.9610983981693364,0.0445432138367576,0.1166444778442382,0.7278481012658228,2.4429530345315698,4.941699762999633,
hum,10.0,2,nano_ext[dpgmm],tuned_global_f1_x_level_acc,"{""threshold_method"": ""dpgmm"", ""sublevel_method"": ""dpgmm"", ""min_event_duration_sec"": 1e-05, ""filter_cutoff"": null}",211,327,126,0.5971563981042654,0.3853211009174312,0.4684014869888476,0.7695167286245352,0.0303200480527908,0.1037677129109701,0.753968253968254,,6.204198875000657,
hum,10.0,4,nano_ext[dpgmm],default,,194,185,133,0.6855670103092784,0.7189189189189189,0.7018469656992085,0.928759894459103,0.0362133079163641,0.1220087051391601,0.6842105263157895,3.0636635044434257,6.299076969999078,
hum,10.0,4,nano_ext[dpgmm],tuned_global_f1,"{""threshold_method"": ""dpgmm"", ""sublevel_method"": ""dpgmm"", ""min_event_duration_sec"": 1e-05, ""filter_cutoff"": 10000.0}",194,211,148,0.7628865979381443,0.7014218009478673,0.7308641975308641,0.9580246913580248,0.0685269644886722,0.1381628036499023,0.6621621621621622,4.434155839172504,4.197545594000985,
hum,10.0,4,nano_ext[dpgmm],tuned_global_f1_x_level_acc,"{""threshold_method"": ""dpgmm"", ""sublevel_method"": ""dpgmm"", ""min_event_duration_sec"": 1e-05, ""filter_cutoff"": null}",194,293,134,0.6907216494845361,0.4573378839590443,0.5503080082135523,0.7967145790554414,0.0364696234945773,0.1219504356384277,0.6865671641791045,3.0636635044434257,5.548171628999626,
hum,10.0,3,nano_ext[dpgmm],default,,186,177,111,0.5967741935483871,0.6271186440677966,0.6115702479338843,0.8815426997245179,0.0472506649196766,0.1197900136311849,0.7387387387387387,2.642798305418914,6.477404849998493,
hum,10.0,3,nano_ext[dpgmm],tuned_global_f1,"{""threshold_method"": ""dpgmm"", ""sublevel_method"": ""dpgmm"", ""min_event_duration_sec"": 1e-05, ""filter_cutoff"": 10000.0}",186,193,138,0.7419354838709677,0.7150259067357513,0.7282321899736147,0.9815303430079156,0.0767199840998102,0.1251964251200358,0.7246376811594203,6.812646504594788,4.184617441000228,
hum,10.0,3,nano_ext[dpgmm],tuned_global_f1_x_level_acc,"{""threshold_method"": ""dpgmm"", ""sublevel_method"": ""dpgmm"", ""min_event_duration_sec"": 1e-05, ""filter_cutoff"": null}",186,305,111,0.5967741935483871,0.3639344262295082,0.4521384928716904,0.7576374745417515,0.0472506649196766,0.1197900136311849,0.7387387387387387,2.642798305418914,5.647425060999012,
hum,10.0,0,nano_ext[gmm],default,,177,185,172,0.9717514124293786,0.9297297297297298,0.9502762430939228,0.9668508287292816,0.008707347308947,0.1025618235270182,0.7093023255813954,7.422653909072707,14.64604364799925,
hum,10.0,0,nano_ext[gmm],tuned_global_f1,"{""threshold_method"": ""gmm"", ""sublevel_method"": ""gmm"", ""min_event_duration_sec"": 0.0001, ""filter_cutoff"": 10000.0}",177,305,175,0.9887005649717514,0.5737704918032787,0.7261410788381744,0.7302904564315352,0.0278407588419881,0.0969743092854817,0.5314285714285715,15.160175490525065,14.10716539600071,
hum,10.0,0,nano_ext[gmm],tuned_global_f1_x_level_acc,"{""threshold_method"": ""gmm"", ""sublevel_method"": ""gmm"", ""min_event_duration_sec"": 3e-05, ""filter_cutoff"": null}",177,514,174,0.9830508474576272,0.3385214007782101,0.5036179450072359,0.512301013024602,0.0087431383411897,0.1025618235270182,0.7068965517241379,7.422653909072707,15.541828244999124,
hum,10.0,1,nano_ext[gmm],default,,186,190,184,0.989247311827957,0.968421052631579,0.9787234042553192,0.9840425531914894,0.0096921636154912,0.0855165799458821,0.6847826086956522,3.8134774218434586,16.517196328000864,
hum,10.0,1,nano_ext[gmm],tuned_global_f1,"{""threshold_method"": ""gmm"", ""sublevel_method"": ""gmm"", ""min_event_duration_sec"": 0.0001, ""filter_cutoff"": 10000.0}",186,186,185,0.9946236559139784,0.9946236559139784,0.9946236559139784,1.0,0.0309830733965435,0.0743130238405482,0.5297297297297298,10.91154397303562,14.833219103000374,
hum,10.0,1,nano_ext[gmm],tuned_global_f1_x_level_acc,"{""threshold_method"": ""gmm"", ""sublevel_method"": ""gmm"", ""min_event_duration_sec"": 3e-05, ""filter_cutoff"": null}",186,233,184,0.989247311827957,0.7896995708154506,0.8782816229116945,0.8878281622911695,0.0096921636154912,0.0855165799458821,0.6847826086956522,3.8134774218434586,14.695896261999223,
hum,10.0,0,threshold,default,,177,176,174,0.9830508474576272,0.9886363636363636,0.9858356940509916,0.9971671388101984,0.0166878729456953,0.1015679211451844,,,0.0811684149994107,
hum,10.0,0,threshold,tuned_global_f1,"{""k_sigma"": 5.0, ""k_exit"": 0.5}",177,176,165,0.9322033898305084,0.9375,0.9348441926345608,0.9971671388101984,0.0299947706359461,0.0737332247014632,,,0.0525875419989461,
hum,10.0,1,threshold,default,,186,185,183,0.9838709677419356,0.9891891891891892,0.9865229110512128,0.9973045822102424,0.01868519746336,0.1488682804581028,,,0.0625809469984233,
hum,10.0,1,threshold,tuned_global_f1,"{""k_sigma"": 5.0, ""k_exit"": 0.5}",186,185,184,0.989247311827957,0.9945945945945946,0.9919137466307278,0.9973045822102424,0.0422361512120494,0.1260828758623429,,,0.061027522000586,
hum,10.0,2,threshold,default,,211,210,207,0.981042654028436,0.9857142857142858,0.983372921615202,0.997624703087886,0.0162444501520929,0.095215596328547,,,0.0625048279998736,
hum,10.0,2,threshold,tuned_global_f1,"{""k_sigma"": 5.0, ""k_exit"": 0.5}",211,210,206,0.976303317535545,0.9809523809523808,0.9786223277909738,0.997624703087886,0.0244267939220434,0.0872792361848217,,,0.0601341109995701,
hum,10.0,3,threshold,default,,186,186,184,0.989247311827957,0.989247311827957,0.989247311827957,1.0,0.0168435643288452,0.0907087835028698,,,0.0566742779992637,
hum,10.0,3,threshold,tuned_global_f1,"{""k_sigma"": 5.0, ""k_exit"": 0.5}",186,186,176,0.946236559139785,0.946236559139785,0.946236559139785,1.0,0.0341300533452525,0.0655951278906326,,,0.0554976740004349,
hum,10.0,4,threshold,default,,194,194,193,0.9948453608247424,0.9948453608247424,0.9948453608247424,1.0,0.0182865347907206,0.119027435263908,,,0.0623275099987949,
hum,10.0,4,threshold,tuned_global_f1,"{""k_sigma"": 5.0, ""k_exit"": 0.5}",194,193,182,0.9381443298969072,0.9430051813471504,0.9405684754521964,0.9974160206718348,0.0313829268263031,0.0700513602603436,,,0.0657114140012709,
hum,10.0,2,nano_ext[gmm],default,,211,216,206,0.976303317535545,0.9537037037037036,0.964871194379391,0.9882903981264636,0.0102646031528828,0.1080183029174804,0.7427184466019418,4.298991774787098,16.34212312499949,
hum,10.0,2,nano_ext[gmm],tuned_global_f1,"{""threshold_method"": ""gmm"", ""sublevel_method"": ""gmm"", ""min_event_duration_sec"": 0.0001, ""filter_cutoff"": 10000.0}",211,219,210,0.995260663507109,0.958904109589041,0.9767441860465116,0.9813953488372094,0.0269147467838627,0.0982757568359375,0.5190476190476191,16.285907850299708,14.089176667999707,
hum,10.0,2,nano_ext[gmm],tuned_global_f1_x_level_acc,"{""threshold_method"": ""gmm"", ""sublevel_method"": ""gmm"", ""min_event_duration_sec"": 3e-05, ""filter_cutoff"": null}",211,362,206,0.976303317535545,0.569060773480663,0.719022687609075,0.7364746945898779,0.0102646031528828,0.1080183029174804,0.7427184466019418,4.298991774787098,16.80285283399826,
hum,10.0,0,pelt,default,,177,177,167,0.943502824858757,0.943502824858757,0.943502824858757,1.0,0.0026598354266354,0.1221083207124388,0.8802395209580839,3.75656167839189,5.00957343600021,
hum,10.0,0,pelt,tuned_global_f1,"{""penalty_factor"": 2.0, ""k_sigma"": 2.0}",177,179,175,0.9887005649717514,0.9776536312849162,0.9831460674157304,0.9943820224719102,0.0022953771980868,0.1199560484318416,0.9714285714285714,3.6712708069153166,6.893017542000962,
hum,10.0,0,pelt,tuned_global_f1_x_level_acc,"{""penalty_factor"": 2.0, ""k_sigma"": 2.0}",177,179,175,0.9887005649717514,0.9776536312849162,0.9831460674157304,0.9943820224719102,0.0022953771980868,0.1199560484318416,0.9714285714285714,3.6712708069153166,6.893017542000962,
hum,10.0,3,nano_ext[gmm],default,,186,190,185,0.9946236559139784,0.9736842105263158,0.9840425531914894,0.9893617021276596,0.0104045179097404,0.1251481374104819,0.7621621621621621,6.773182364139263,18.0646983179995,
hum,10.0,3,nano_ext[gmm],tuned_global_f1,"{""threshold_method"": ""gmm"", ""sublevel_method"": ""gmm"", ""min_event_duration_sec"": 0.0001, ""filter_cutoff"": 10000.0}",186,786,175,0.9408602150537636,0.2226463104325699,0.3600823045267489,0.382716049382716,0.0327971717443938,0.113114361591919,0.4571428571428571,14.618867244298173,19.57112869699995,
hum,10.0,3,nano_ext[gmm],tuned_global_f1_x_level_acc,"{""threshold_method"": ""gmm"", ""sublevel_method"": ""gmm"", ""min_event_duration_sec"": 3e-05, ""filter_cutoff"": null}",186,357,185,0.9946236559139784,0.5182072829131653,0.6813996316758749,0.6850828729281768,0.0104045179097404,0.1251481374104819,0.7621621621621621,6.773182364139263,16.935819184000138,
hum,10.0,2,pelt,default,,211,211,189,0.8957345971563981,0.8957345971563981,0.8957345971563981,1.0,0.0025401087757625,0.1350894243925789,0.8783068783068783,2.3451979319633054,6.699446583999816,
hum,10.0,2,pelt,tuned_global_f1,"{""penalty_factor"": 2.0, ""k_sigma"": 2.0}",211,211,209,0.990521327014218,0.990521327014218,0.990521327014218,1.0,0.0022913898330318,0.122349519779346,0.9521531100478468,2.440704899075996,7.662523603999944,
hum,10.0,2,pelt,tuned_global_f1_x_level_acc,"{""penalty_factor"": 2.0, ""k_sigma"": 2.0}",211,211,209,0.990521327014218,0.990521327014218,0.990521327014218,1.0,0.0022913898330318,0.122349519779346,0.9521531100478468,2.440704899075996,7.662523603999944,
hum,10.0,1,pelt,default,,186,186,180,0.967741935483871,0.967741935483871,0.967741935483871,1.0,0.0026880427581635,0.1686618011013828,0.8722222222222222,2.991431547694212,7.514183774999765,
hum,10.0,1,pelt,tuned_global_f1,"{""penalty_factor"": 2.0, ""k_sigma"": 2.0}",186,186,184,0.989247311827957,0.989247311827957,0.989247311827957,1.0,0.0025636711909736,0.1702751765526371,0.967391304347826,2.9102153837889944,9.503929643000449,
hum,10.0,1,pelt,tuned_global_f1_x_level_acc,"{""penalty_factor"": 2.0, ""k_sigma"": 2.0}",186,186,184,0.989247311827957,0.989247311827957,0.989247311827957,1.0,0.0025636711909736,0.1702751765526371,0.967391304347826,2.9102153837889944,9.503929643000449,
hum,10.0,3,pelt,default,,186,186,169,0.9086021505376344,0.9086021505376344,0.9086021505376344,1.0,0.0026188161458501,0.1282753214240074,0.9171597633136096,2.5865408165293147,6.65634560000035,
hum,10.0,3,pelt,tuned_global_f1,"{""penalty_factor"": 2.0, ""k_sigma"": 2.0}",186,186,186,1.0,1.0,1.0,1.0,0.0025452191463809,0.108827164311145,0.9731182795698924,3.6208199692272514,8.74465774700002,
hum,10.0,3,pelt,tuned_global_f1_x_level_acc,"{""penalty_factor"": 2.0, ""k_sigma"": 2.0}",186,186,186,1.0,1.0,1.0,1.0,0.0025452191463809,0.108827164311145,0.9731182795698924,3.6208199692272514,8.74465774700002,
hum,10.0,0,mosaic,default,,177,2,1,0.0056497175141242,0.5,0.0111731843575419,0.0223463687150838,0.3917415875493378,0.2594179897342129,0.0,,3.802079196000705,
hum,10.0,0,mosaic,tuned_global_f1,"{""eventThreshold"": 3.0, ""StepSize"": 5.0}",177,89,87,0.4915254237288136,0.9775280898876404,0.6541353383458647,0.6691729323308271,0.0029913269794506,0.0326893070961854,0.8045977011494253,,3.9527461679990665,
hum,10.0,0,mosaic,tuned_global_f1_x_level_acc,"{""eventThreshold"": 3.0, ""StepSize"": 5.0}",177,89,87,0.4915254237288136,0.9775280898876404,0.6541353383458647,0.6691729323308271,0.0029913269794506,0.0326893070961854,0.8045977011494253,,3.9527461679990665,
hum,10.0,1,mosaic,default,,186,0,0,0.0,0.0,0.0,0.0,,,,,1.8916940380004237,
hum,10.0,1,mosaic,tuned_global_f1,"{""eventThreshold"": 3.0, ""StepSize"": 5.0}",186,0,0,0.0,0.0,0.0,0.0,,,,,5.384343607000119,
hum,10.0,1,mosaic,tuned_global_f1_x_level_acc,"{""eventThreshold"": 3.0, ""StepSize"": 5.0}",186,0,0,0.0,0.0,0.0,0.0,,,,,5.384343607000119,
hum,10.0,4,pelt,default,,194,196,183,0.9432989690721648,0.9336734693877552,0.9384615384615383,0.9948717948717948,0.0023335222003036,0.1686167253260041,0.8961748633879781,2.9194408769639413,7.648020228998575,
hum,10.0,4,pelt,tuned_global_f1,"{""penalty_factor"": 2.0, ""k_sigma"": 2.0}",194,197,189,0.9742268041237112,0.9593908629441624,0.9667519181585678,0.9923273657289,0.0020343744564468,0.1275678236635107,0.9682539682539684,3.41687737082097,8.904638223000802,
hum,10.0,4,pelt,tuned_global_f1_x_level_acc,"{""penalty_factor"": 2.0, ""k_sigma"": 2.0}",194,197,189,0.9742268041237112,0.9593908629441624,0.9667519181585678,0.9923273657289,0.0020343744564468,0.1275678236635107,0.9682539682539684,3.41687737082097,8.904638223000802,
hum,10.0,4,nano_ext[gmm],default,,194,616,191,0.9845360824742267,0.310064935064935,0.471604938271605,0.4765432098765432,0.0157776736305497,0.1009427388509114,0.7225130890052356,3.961028320453863,17.62045392699838,
hum,10.0,4,nano_ext[gmm],tuned_global_f1,"{""threshold_method"": ""gmm"", ""sublevel_method"": ""gmm"", ""min_event_duration_sec"": 0.0001, ""filter_cutoff"": 10000.0}",194,308,194,1.0,0.6298701298701299,0.7729083665338645,0.7729083665338645,0.0298694823845536,0.1058169364929199,0.5670103092783505,13.409149607346292,15.178089081000508,
hum,10.0,4,nano_ext[gmm],tuned_global_f1_x_level_acc,"{""threshold_method"": ""gmm"", ""sublevel_method"": ""gmm"", ""min_event_duration_sec"": 3e-05, ""filter_cutoff"": null}",194,3257,192,0.9896907216494846,0.0589499539453484,0.1112720950449145,0.112431179368299,0.0158747063852317,0.1010450173186935,0.71875,3.961028320453863,19.355676408000363,
hum,10.0,2,mosaic,default,,211,0,0,0.0,0.0,0.0,0.0,,,,,3.583891239000877,
hum,10.0,2,mosaic,tuned_global_f1,"{""eventThreshold"": 3.0, ""StepSize"": 5.0}",211,94,93,0.4407582938388625,0.9893617021276596,0.6098360655737706,0.6163934426229508,0.0025513850304768,0.0299056713602297,0.8924731182795699,,4.856653532999189,
hum,10.0,2,mosaic,tuned_global_f1_x_level_acc,"{""eventThreshold"": 3.0, ""StepSize"": 5.0}",211,94,93,0.4407582938388625,0.9893617021276596,0.6098360655737706,0.6163934426229508,0.0025513850304768,0.0299056713602297,0.8924731182795699,,4.856653532999189,
hum,10.0,4,mosaic,default,,194,1,0,0.0,0.0,0.0,0.0102564102564102,,,,,5.238078508000399,
hum,10.0,4,mosaic,tuned_global_f1,"{""eventThreshold"": 3.0, ""StepSize"": 5.0}",194,83,82,0.422680412371134,0.9879518072289156,0.592057761732852,0.5992779783393501,0.0020338620841336,0.0364104168437886,0.9146341463414634,,4.461025828999482,
hum,10.0,4,mosaic,tuned_global_f1_x_level_acc,"{""eventThreshold"": 3.0, ""StepSize"": 5.0}",194,83,82,0.422680412371134,0.9879518072289156,0.592057761732852,0.5992779783393501,0.0020338620841336,0.0364104168437886,0.9146341463414634,,4.461025828999482,
hum,10.0,3,mosaic,default,,186,5,3,0.0161290322580645,0.6,0.031413612565445,0.031413612565445,0.0376788146786229,0.1096200568503052,1.0,,6.675787639000191,
hum,10.0,3,mosaic,tuned_global_f1,"{""eventThreshold"": 3.0, ""StepSize"": 5.0}",186,111,108,0.5806451612903226,0.972972972972973,0.7272727272727273,0.7474747474747475,0.0028855878822511,0.0400173223133076,0.7870370370370371,49.38113275565481,5.585763126999154,
hum,10.0,3,mosaic,tuned_global_f1_x_level_acc,"{""eventThreshold"": 3.0, ""StepSize"": 5.0}",186,111,108,0.5806451612903226,0.972972972972973,0.7272727272727273,0.7474747474747475,0.0028855878822511,0.0400173223133076,0.7870370370370371,49.38113275565481,5.585763126999154,
hum,10.0,0,threshold+nanotrees,default,,177,176,174,0.9830508474576272,0.9886363636363636,0.9858356940509916,0.9971671388101984,0.0166878729456953,0.1015679211451844,0.5,,6.780062539000937,
hum,10.0,0,threshold+nanotrees,tuned_global_f1,"{""k_sigma"": 5.0, ""smallest_sublevel_pa"": 80.0}",177,176,174,0.9830508474576272,0.9886363636363636,0.9858356940509916,0.9971671388101984,0.0166878729456953,0.1015679211451844,0.5,,7.517114024998591,
hum,10.0,0,threshold+nanotrees,tuned_global_f1_x_level_acc,"{""k_sigma"": 5.0, ""smallest_sublevel_pa"": 20.0}",177,176,175,0.9887005649717514,0.9943181818181818,0.9915014164305948,0.9971671388101984,0.0063318961912328,0.0275446353560154,0.9028571428571428,12.465915644410686,7.420830525999918,
hum,10.0,1,threshold+nanotrees,default,,186,185,183,0.9838709677419356,0.9891891891891892,0.9865229110512128,0.9973045822102424,0.01868519746336,0.1488682804581028,0.5300546448087432,,7.5534426199992595,
hum,10.0,1,threshold+nanotrees,tuned_global_f1,"{""k_sigma"": 5.0, ""smallest_sublevel_pa"": 80.0}",186,185,183,0.9838709677419356,0.9891891891891892,0.9865229110512128,0.9973045822102424,0.01868519746336,0.1488682804581028,0.5300546448087432,,7.339414529000351,
hum,10.0,1,threshold+nanotrees,tuned_global_f1_x_level_acc,"{""k_sigma"": 5.0, ""smallest_sublevel_pa"": 20.0}",186,185,182,0.978494623655914,0.9837837837837838,0.981132075471698,0.9973045822102424,0.0063122094414554,0.0258359392380009,0.945054945054945,13.088456026766336,7.339123693000147,
hum,10.0,0,autonanopore,default,,177,0,0,0.0,0.0,0.0,0.0,,,,,0.5850099159997626,
hum,10.0,0,autonanopore,tuned_global_f1,"{""window_size_ms"": 5, ""theta"": 0.5}",177,122,112,0.632768361581921,0.918032786885246,0.7491638795986622,0.8160535117056855,0.0148332634668409,0.306303062369065,,,1.2989130140013003,
hum,10.0,1,autonanopore,default,,186,0,0,0.0,0.0,0.0,0.0,,,,,0.4968443369998567,
hum,10.0,1,autonanopore,tuned_global_f1,"{""window_size_ms"": 5, ""theta"": 0.5}",186,139,131,0.7043010752688172,0.9424460431654677,0.8061538461538461,0.8553846153846154,0.0106170465517168,0.3082639,,,1.008508281000104,
hum,10.0,2,autonanopore,default,,211,0,0,0.0,0.0,0.0,0.0,,,,,0.4961288750000676,
hum,10.0,2,autonanopore,tuned_global_f1,"{""window_size_ms"": 5, ""theta"": 0.5}",211,144,135,0.6398104265402843,0.9375,0.7605633802816901,0.8056338028169014,0.0144607269478219,0.3233642499999999,,,0.9644397709998884,
hum,10.0,2,threshold+nanotrees,default,,211,210,207,0.981042654028436,0.9857142857142858,0.983372921615202,0.997624703087886,0.0162444501520929,0.095215596328547,0.5603864734299517,,7.37701572900005,
hum,10.0,2,threshold+nanotrees,tuned_global_f1,"{""k_sigma"": 5.0, ""smallest_sublevel_pa"": 80.0}",211,210,207,0.981042654028436,0.9857142857142858,0.983372921615202,0.997624703087886,0.0162444501520929,0.095215596328547,0.5603864734299517,,8.001200262000566,
hum,10.0,2,threshold+nanotrees,tuned_global_f1_x_level_acc,"{""k_sigma"": 5.0, ""smallest_sublevel_pa"": 20.0}",211,210,204,0.966824644549763,0.9714285714285714,0.9691211401425178,0.997624703087886,0.0054205554247121,0.0323595077933936,0.9068627450980392,13.980328070761772,7.76938844399956,
hum,10.0,3,threshold+nanotrees,default,,186,186,184,0.989247311827957,0.989247311827957,0.989247311827957,1.0,0.0168435643288452,0.0907087835028698,0.532608695652174,,7.2404319969991775,
hum,10.0,3,threshold+nanotrees,tuned_global_f1,"{""k_sigma"": 5.0, ""smallest_sublevel_pa"": 80.0}",186,186,184,0.989247311827957,0.989247311827957,0.989247311827957,1.0,0.0168435643288452,0.0907087835028698,0.532608695652174,,7.735059893999278,
hum,10.0,3,threshold+nanotrees,tuned_global_f1_x_level_acc,"{""k_sigma"": 5.0, ""smallest_sublevel_pa"": 20.0}",186,186,185,0.9946236559139784,0.9946236559139784,0.9946236559139784,1.0,0.0077462326703334,0.0318763242881208,0.9243243243243244,11.25921096806204,7.952222686999448,
hum,10.0,3,autonanopore,default,,186,0,0,0.0,0.0,0.0,0.0,,,,,0.4351934539990907,
hum,10.0,3,autonanopore,tuned_global_f1,"{""window_size_ms"": 5, ""theta"": 0.5}",186,128,122,0.6559139784946236,0.953125,0.7770700636942676,0.8152866242038217,0.0138669852329016,0.3374793749999999,,,0.9864259519999904,
hum,10.0,4,autonanopore,default,,194,0,0,0.0,0.0,0.0,0.0,,,,,0.4547808349998377,
hum,10.0,4,autonanopore,tuned_global_f1,"{""window_size_ms"": 5, ""theta"": 0.5}",194,132,122,0.6288659793814433,0.9242424242424242,0.7484662576687117,0.803680981595092,0.0127801752547735,0.3279644,,,0.9437362019998544,
hum,10.0,4,threshold+nanotrees,default,,194,194,193,0.9948453608247424,0.9948453608247424,0.9948453608247424,1.0,0.0182865347907206,0.119027435263908,0.5181347150259067,,8.224996564000321,
hum,10.0,4,threshold+nanotrees,tuned_global_f1,"{""k_sigma"": 5.0, ""smallest_sublevel_pa"": 80.0}",194,194,193,0.9948453608247424,0.9948453608247424,0.9948453608247424,1.0,0.0182865347907206,0.119027435263908,0.5181347150259067,,7.476387197000804,
hum,10.0,4,threshold+nanotrees,tuned_global_f1_x_level_acc,"{""k_sigma"": 5.0, ""smallest_sublevel_pa"": 20.0}",194,194,192,0.9896907216494846,0.9896907216494846,0.9896907216494846,1.0,0.0083819745593282,0.0332807685709527,0.9166666666666666,12.983243689965176,6.240309902001172,
levels,1.0,0,nano_ext[dpgmm],default,,170,168,168,0.9882352941176472,1.0,0.9940828402366864,0.9940828402366864,0.0033710446198425,0.0213014284769694,1.0,,6.905815632999293,
levels,1.0,0,nano_ext[dpgmm],tuned_global_f1,"{""threshold_method"": ""dpgmm"", ""sublevel_method"": ""dpgmm"", ""min_event_duration_sec"": 1e-05, ""filter_cutoff"": 10000.0}",170,170,170,1.0,1.0,1.0,1.0,0.0355063287855695,0.0494865417480468,1.0,,4.9494128200003615,
levels,1.0,0,nano_ext[dpgmm],tuned_global_f1_x_level_acc,"{""threshold_method"": ""dpgmm"", ""sublevel_method"": ""dpgmm"", ""min_event_duration_sec"": 1e-05, ""filter_cutoff"": null}",170,170,170,1.0,1.0,1.0,1.0,0.0034801162619392,0.0214189211527505,1.0,,6.204851349999444,
levels,1.0,1,nano_ext[dpgmm],default,,195,195,195,1.0,1.0,1.0,1.0,0.005398976181478,0.0240307490030924,1.0,,6.927076054998906,
levels,1.0,1,nano_ext[dpgmm],tuned_global_f1,"{""threshold_method"": ""dpgmm"", ""sublevel_method"": ""dpgmm"", ""min_event_duration_sec"": 1e-05, ""filter_cutoff"": 10000.0}",195,195,195,1.0,1.0,1.0,1.0,0.0344013692382885,0.0521451314290364,1.0,,4.536127482999291,
levels,1.0,1,nano_ext[dpgmm],tuned_global_f1_x_level_acc,"{""threshold_method"": ""dpgmm"", ""sublevel_method"": ""dpgmm"", ""min_event_duration_sec"": 1e-05, ""filter_cutoff"": null}",195,195,195,1.0,1.0,1.0,1.0,0.005398976181478,0.0240307490030924,1.0,,7.668781039999885,
levels,1.0,2,nano_ext[dpgmm],default,,199,199,199,1.0,1.0,1.0,1.0,0.0034012088814382,0.0244392395019531,1.0,,7.507039248999717,
levels,1.0,2,nano_ext[dpgmm],tuned_global_f1,"{""threshold_method"": ""dpgmm"", ""sublevel_method"": ""dpgmm"", ""min_event_duration_sec"": 1e-05, ""filter_cutoff"": 10000.0}",199,199,199,1.0,1.0,1.0,1.0,0.0383502657954999,0.0531843821207682,1.0,,5.107619791000616,
levels,1.0,2,nano_ext[dpgmm],tuned_global_f1_x_level_acc,"{""threshold_method"": ""dpgmm"", ""sublevel_method"": ""dpgmm"", ""min_event_duration_sec"": 1e-05, ""filter_cutoff"": null}",199,199,199,1.0,1.0,1.0,1.0,0.0034012088814382,0.0244392395019531,1.0,,7.384448818000237,
levels,1.0,3,nano_ext[dpgmm],default,,156,156,156,1.0,1.0,1.0,1.0,0.0056020838796481,0.0235716819763183,0.9871794871794872,,6.447219464000227,
levels,1.0,3,nano_ext[dpgmm],tuned_global_f1,"{""threshold_method"": ""dpgmm"", ""sublevel_method"": ""dpgmm"", ""min_event_duration_sec"": 1e-05, ""filter_cutoff"": 10000.0}",156,156,156,1.0,1.0,1.0,1.0,0.0359959218061552,0.0442746480305989,1.0,,5.194296951000069,
levels,1.0,3,nano_ext[dpgmm],tuned_global_f1_x_level_acc,"{""threshold_method"": ""dpgmm"", ""sublevel_method"": ""dpgmm"", ""min_event_duration_sec"": 1e-05, ""filter_cutoff"": null}",156,156,156,1.0,1.0,1.0,1.0,0.0056020838796481,0.0235716819763183,0.9871794871794872,,7.9855982579993,
levels,1.0,4,nano_ext[dpgmm],default,,164,164,164,1.0,1.0,1.0,1.0,0.0056738429135774,0.0230043729146321,1.0,,7.9173934959999315,
levels,1.0,4,nano_ext[dpgmm],tuned_global_f1,"{""threshold_method"": ""dpgmm"", ""sublevel_method"": ""dpgmm"", ""min_event_duration_sec"": 1e-05, ""filter_cutoff"": 10000.0}",164,164,164,1.0,1.0,1.0,1.0,0.0331511704082179,0.0476688702901203,1.0,,6.144399741999223,
levels,1.0,4,nano_ext[dpgmm],tuned_global_f1_x_level_acc,"{""threshold_method"": ""dpgmm"", ""sublevel_method"": ""dpgmm"", ""min_event_duration_sec"": 1e-05, ""filter_cutoff"": null}",164,164,164,1.0,1.0,1.0,1.0,0.0056738429135774,0.0230043729146321,1.0,,8.65040548399702,
levels,1.0,0,nano_ext[gmm],default,,170,168,168,0.9882352941176472,1.0,0.9940828402366864,0.9940828402366864,0.0035863574161588,0.0215302467346191,0.9285714285714286,,18.49663308799973,
levels,1.0,0,nano_ext[gmm],tuned_global_f1,"{""threshold_method"": ""gmm"", ""sublevel_method"": ""gmm"", ""min_event_duration_sec"": 0.0001, ""filter_cutoff"": 10000.0}",170,2130,163,0.9588235294117649,0.0765258215962441,0.1417391304347826,0.1460869565217391,0.1520878919348502,0.1349325180053711,0.6748466257668712,,20.929819310000312,
levels,1.0,0,nano_ext[gmm],tuned_global_f1_x_level_acc,"{""threshold_method"": ""gmm"", ""sublevel_method"": ""gmm"", ""min_event_duration_sec"": 3e-05, ""filter_cutoff"": null}",170,170,170,1.0,1.0,1.0,1.0,0.003624650293116,0.0217178662618001,0.9294117647058824,,15.21547564300272,
levels,1.0,1,nano_ext[gmm],default,,195,651,194,0.9948717948717948,0.2980030721966206,0.4586288416075649,0.4609929078014184,0.0549176650470816,0.0600014686584472,0.8711340206185567,,19.9291535529992,
levels,1.0,1,nano_ext[gmm],tuned_global_f1,"{""threshold_method"": ""gmm"", ""sublevel_method"": ""gmm"", ""min_event_duration_sec"": 0.0001, ""filter_cutoff"": 10000.0}",195,1277,190,0.9743589743589745,0.148786217697729,0.2581521739130434,0.2649456521739131,0.1174261879986643,0.1204492251078287,0.7578947368421053,,17.04161672600094,
levels,1.0,1,nano_ext[gmm],tuned_global_f1_x_level_acc,"{""threshold_method"": ""gmm"", ""sublevel_method"": ""gmm"", ""min_event_duration_sec"": 3e-05, ""filter_cutoff"": null}",195,6896,194,0.9948717948717948,0.0281322505800464,0.0547172472147793,0.0549992948808348,0.0549176650470816,0.0600014686584472,0.8711340206185567,,18.52800773600029,
levels,1.0,0,threshold,default,,170,170,170,1.0,1.0,1.0,1.0,0.0155809604070863,0.0231712692955818,,,0.0648661629966227,
levels,1.0,0,threshold,tuned_global_f1,"{""k_sigma"": 5.0, ""k_exit"": 0.5}",170,170,170,1.0,1.0,1.0,1.0,0.0239594287207918,0.0257666175499074,,,0.0590032729996892,
levels,1.0,1,threshold,default,,195,195,195,1.0,1.0,1.0,1.0,0.0142994044544235,0.0188144676435379,,,0.0621493690014176,
levels,1.0,1,threshold,tuned_global_f1,"{""k_sigma"": 5.0, ""k_exit"": 0.5}",195,195,195,1.0,1.0,1.0,1.0,0.0207544830806005,0.0216829437905169,,,0.0547601289981685,
levels,1.0,2,threshold,default,,199,199,199,1.0,1.0,1.0,1.0,0.0157721271877843,0.0227207382870656,,,0.0672334100017906,
levels,1.0,2,threshold,tuned_global_f1,"{""k_sigma"": 5.0, ""k_exit"": 0.5}",199,199,199,1.0,1.0,1.0,1.0,0.021968472159579,0.0245883392056692,,,0.0595988860004581,
levels,1.0,3,threshold,default,,156,156,156,1.0,1.0,1.0,1.0,0.0144274768669349,0.0255029120667395,,,0.0765085240018379,
levels,1.0,3,threshold,tuned_global_f1,"{""k_sigma"": 5.0, ""k_exit"": 0.5}",156,156,156,1.0,1.0,1.0,1.0,0.0220412240532985,0.0255531082183004,,,0.0720889399999578,
levels,1.0,4,threshold,default,,164,164,164,1.0,1.0,1.0,1.0,0.0138469072788636,0.0201402993551144,,,0.0844169910014898,
levels,1.0,4,threshold,tuned_global_f1,"{""k_sigma"": 5.0, ""k_exit"": 0.5}",164,164,164,1.0,1.0,1.0,1.0,0.021751026629757,0.024083365598127,,,0.0673144239990506,
levels,1.0,2,nano_ext[gmm],default,,199,226,199,1.0,0.8805309734513275,0.9364705882352942,0.9364705882352942,0.0360312400968358,0.0440428415934244,0.9195979899497488,,19.420444811999914,
levels,1.0,2,nano_ext[gmm],tuned_global_f1,"{""threshold_method"": ""gmm"", ""sublevel_method"": ""gmm"", ""min_event_duration_sec"": 0.0001, ""filter_cutoff"": 10000.0}",199,199,199,1.0,1.0,1.0,1.0,0.0431546138251453,0.0576305389404296,0.7437185929648241,,15.534374169998046,
levels,1.0,2,nano_ext[gmm],tuned_global_f1_x_level_acc,"{""threshold_method"": ""gmm"", ""sublevel_method"": ""gmm"", ""min_event_duration_sec"": 3e-05, ""filter_cutoff"": null}",199,2501,199,1.0,0.0795681727309076,0.1474074074074074,0.1474074074074074,0.0360312400968358,0.0440428415934244,0.9195979899497488,,17.601265092001995,
levels,1.0,3,nano_ext[gmm],default,,156,585,156,1.0,0.2666666666666666,0.4210526315789474,0.4210526315789474,0.0607731515452996,0.0666355768839518,0.8397435897435898,,19.359344289998266,
levels,1.0,3,nano_ext[gmm],tuned_global_f1,"{""threshold_method"": ""gmm"", ""sublevel_method"": ""gmm"", ""min_event_duration_sec"": 0.0001, ""filter_cutoff"": 10000.0}",156,181,156,1.0,0.861878453038674,0.9258160237388724,0.9258160237388724,0.0675710598879574,0.0687137921651203,0.7564102564102564,,13.019435622998571,
levels,1.0,3,nano_ext[gmm],tuned_global_f1_x_level_acc,"{""threshold_method"": ""gmm"", ""sublevel_method"": ""gmm"", ""min_event_duration_sec"": 3e-05, ""filter_cutoff"": null}",156,7039,156,1.0,0.0221622389543969,0.043363446838082,0.043363446838082,0.0607731515452996,0.0666355768839518,0.8397435897435898,,16.474491492001107,
levels,1.0,0,pelt,default,,170,175,170,1.0,0.9714285714285714,0.9855072463768116,0.9855072463768116,0.002175658044264,0.0323161925338656,0.8352941176470589,,11.09888439000133,
levels,1.0,0,pelt,tuned_global_f1,"{""penalty_factor"": 2.0, ""k_sigma"": 2.0}",170,170,170,1.0,1.0,1.0,1.0,0.0022208117015074,0.0324967292990262,0.9882352941176472,,27.932577962001236,
levels,1.0,0,pelt,tuned_global_f1_x_level_acc,"{""penalty_factor"": 2.0, ""k_sigma"": 2.0}",170,170,170,1.0,1.0,1.0,1.0,0.0022208117015074,0.0324967292990262,0.9882352941176472,,27.932577962001236,
levels,1.0,1,pelt,default,,195,196,195,1.0,0.9948979591836736,0.9974424552429668,0.9974424552429668,0.0020507261220176,0.0223855995469623,0.8307692307692308,,10.917217481997795,
levels,1.0,1,pelt,tuned_global_f1,"{""penalty_factor"": 2.0, ""k_sigma"": 2.0}",195,195,195,1.0,1.0,1.0,1.0,0.0019373385928725,0.0223855995469623,1.0,,24.826452460998556,
levels,1.0,1,pelt,tuned_global_f1_x_level_acc,"{""penalty_factor"": 2.0, ""k_sigma"": 2.0}",195,195,195,1.0,1.0,1.0,1.0,0.0019373385928725,0.0223855995469623,1.0,,24.826452460998556,
levels,1.0,4,nano_ext[gmm],default,,164,757,164,1.0,0.2166446499339498,0.3561346362649294,0.3561346362649294,0.0680601842483399,0.0687902132670084,0.8536585365853658,,18.15981999200085,
levels,1.0,4,nano_ext[gmm],tuned_global_f1,"{""threshold_method"": ""gmm"", ""sublevel_method"": ""gmm"", ""min_event_duration_sec"": 0.0001, ""filter_cutoff"": 10000.0}",164,752,163,0.9939024390243902,0.2167553191489361,0.3558951965065502,0.3558951965065502,0.1164709966515015,0.1036526997884114,0.7177914110429447,,15.518794220999553,
levels,1.0,4,nano_ext[gmm],tuned_global_f1_x_level_acc,"{""threshold_method"": ""gmm"", ""sublevel_method"": ""gmm"", ""min_event_duration_sec"": 3e-05, ""filter_cutoff"": null}",164,7934,164,1.0,0.0206705318880766,0.0405038281057051,0.0405038281057051,0.0680601842483399,0.0687902132670084,0.8536585365853658,,18.057332697000675,
levels,1.0,2,pelt,default,,199,206,199,1.0,0.9660194174757282,0.982716049382716,0.982716049382716,0.0021416813065713,0.023473926571244,0.8291457286432161,,11.430438700001105,
levels,1.0,2,pelt,tuned_global_f1,"{""penalty_factor"": 2.0, ""k_sigma"": 2.0}",199,199,199,1.0,1.0,1.0,1.0,0.0021416813065713,0.0234250626028585,0.9949748743718592,,27.65634133200001,
levels,1.0,2,pelt,tuned_global_f1_x_level_acc,"{""penalty_factor"": 2.0, ""k_sigma"": 2.0}",199,199,199,1.0,1.0,1.0,1.0,0.0021416813065713,0.0234250626028585,0.9949748743718592,,27.65634133200001,
levels,1.0,0,mosaic,default,,170,45,38,0.2235294117647059,0.8444444444444444,0.3534883720930233,0.3813953488372093,0.0095820838844233,0.020714761519382,0.9736842105263158,,4.184330659001716,
levels,1.0,0,mosaic,tuned_global_f1,"{""eventThreshold"": 3.0, ""StepSize"": 5.0}",170,170,170,1.0,1.0,1.0,1.0,0.0018550358810919,0.0182439930653039,1.0,,2.6867296019991045,
levels,1.0,0,mosaic,tuned_global_f1_x_level_acc,"{""eventThreshold"": 3.0, ""StepSize"": 5.0}",170,170,170,1.0,1.0,1.0,1.0,0.0018550358810919,0.0182439930653039,1.0,,2.6867296019991045,
levels,1.0,1,mosaic,default,,195,71,62,0.3179487179487179,0.8732394366197183,0.4661654135338345,0.4962406015037594,0.0084022682777188,0.0256202458488346,0.9838709677419356,,4.046967714002676,
levels,1.0,1,mosaic,tuned_global_f1,"{""eventThreshold"": 3.0, ""StepSize"": 5.0}",195,190,190,0.9743589743589745,1.0,0.9870129870129868,0.9870129870129868,0.0022239884673357,0.0243342937693994,1.0,,3.0428179709997494,
levels,1.0,1,mosaic,tuned_global_f1_x_level_acc,"{""eventThreshold"": 3.0, ""StepSize"": 5.0}",195,190,190,0.9743589743589745,1.0,0.9870129870129868,0.9870129870129868,0.0022239884673357,0.0243342937693994,1.0,,3.0428179709997494,
levels,1.0,2,mosaic,default,,199,94,87,0.4371859296482412,0.925531914893617,0.5938566552901023,0.6075085324232082,0.0068993649490691,0.0274034168140308,0.942528735632184,,4.044417157998396,
levels,1.0,2,mosaic,tuned_global_f1,"{""eventThreshold"": 3.0, ""StepSize"": 5.0}",199,195,195,0.9798994974874372,1.0,0.9898477157360408,0.9898477157360408,0.0021508415742248,0.0217632421394935,1.0,,3.195372148999013,
levels,1.0,2,mosaic,tuned_global_f1_x_level_acc,"{""eventThreshold"": 3.0, ""StepSize"": 5.0}",199,195,195,0.9798994974874372,1.0,0.9898477157360408,0.9898477157360408,0.0021508415742248,0.0217632421394935,1.0,,3.195372148999013,
levels,1.0,3,mosaic,default,,156,50,46,0.2948717948717949,0.92,0.4466019417475728,0.4563106796116504,0.0086876179176924,0.0231139846442054,0.9782608695652174,,4.065524974001164,
levels,1.0,3,mosaic,tuned_global_f1,"{""eventThreshold"": 3.0, ""StepSize"": 5.0}",156,154,153,0.9807692307692308,0.9935064935064936,0.9870967741935484,0.9935483870967742,0.0018562009492035,0.0219662832423073,1.0,,2.521303733003151,
levels,1.0,3,mosaic,tuned_global_f1_x_level_acc,"{""eventThreshold"": 3.0, ""StepSize"": 5.0}",156,154,153,0.9807692307692308,0.9935064935064936,0.9870967741935484,0.9935483870967742,0.0018562009492035,0.0219662832423073,1.0,,2.521303733003151,
levels,1.0,4,mosaic,default,,164,53,47,0.2865853658536585,0.8867924528301887,0.433179723502304,0.4608294930875575,0.0076853857662326,0.0281663518396792,0.9574468085106383,,3.5012160430014774,
levels,1.0,4,mosaic,tuned_global_f1,"{""eventThreshold"": 3.0, ""StepSize"": 5.0}",164,162,161,0.9817073170731708,0.9938271604938272,0.9877300613496932,0.9938650306748468,0.0021403401118482,0.0245128267084586,1.0,,2.4220392890019866,
levels,1.0,4,mosaic,tuned_global_f1_x_level_acc,"{""eventThreshold"": 3.0, ""StepSize"": 5.0}",164,162,161,0.9817073170731708,0.9938271604938272,0.9877300613496932,0.9938650306748468,0.0021403401118482,0.0245128267084586,1.0,,2.4220392890019866,
levels,1.0,4,pelt,default,,164,169,164,1.0,0.970414201183432,0.9849849849849848,0.9849849849849848,0.0018221092391587,0.0244530473958367,0.7865853658536586,,11.175061106001522,
levels,1.0,4,pelt,tuned_global_f1,"{""penalty_factor"": 2.0, ""k_sigma"": 2.0}",164,164,164,1.0,1.0,1.0,1.0,0.0018221092391587,0.0244666242717131,0.9878048780487804,,28.32807646600122,
levels,1.0,4,pelt,tuned_global_f1_x_level_acc,"{""penalty_factor"": 2.0, ""k_sigma"": 2.0}",164,164,164,1.0,1.0,1.0,1.0,0.0018221092391587,0.0244666242717131,0.9878048780487804,,28.32807646600122,
levels,1.0,3,pelt,default,,156,161,156,1.0,0.968944099378882,0.9842271293375394,0.9842271293375394,0.0018576510093423,0.0293701709754493,0.8782051282051282,,11.318271058997198,
levels,1.0,3,pelt,tuned_global_f1,"{""penalty_factor"": 2.0, ""k_sigma"": 2.0}",156,156,156,1.0,1.0,1.0,1.0,0.0018001662483574,0.0293426188075348,0.9935897435897436,,30.28448486799971,
levels,1.0,3,pelt,tuned_global_f1_x_level_acc,"{""penalty_factor"": 2.0, ""k_sigma"": 2.0}",156,156,156,1.0,1.0,1.0,1.0,0.0018001662483574,0.0293426188075348,0.9935897435897436,,30.28448486799971,
levels,1.0,0,threshold+nanotrees,default,,170,170,170,1.0,1.0,1.0,1.0,0.0155809604070863,0.0231712692955818,1.0,,7.029619060002005,
levels,1.0,0,threshold+nanotrees,tuned_global_f1,"{""k_sigma"": 5.0, ""smallest_sublevel_pa"": 80.0}",170,170,170,1.0,1.0,1.0,1.0,0.0155809604070863,0.0231712692955818,1.0,,6.948904115000914,
levels,1.0,0,threshold+nanotrees,tuned_global_f1_x_level_acc,"{""k_sigma"": 5.0, ""smallest_sublevel_pa"": 20.0}",170,170,170,1.0,1.0,1.0,1.0,0.0073754103931129,0.0243403127036086,1.0,,6.226942404999136,
levels,1.0,1,threshold+nanotrees,default,,195,195,195,1.0,1.0,1.0,1.0,0.0142994044544235,0.0188144676435379,1.0,,7.667221591000271,
levels,1.0,1,threshold+nanotrees,tuned_global_f1,"{""k_sigma"": 5.0, ""smallest_sublevel_pa"": 80.0}",195,195,195,1.0,1.0,1.0,1.0,0.0142994044544235,0.0188144676435379,1.0,,6.97034113799964,
levels,1.0,1,threshold+nanotrees,tuned_global_f1_x_level_acc,"{""k_sigma"": 5.0, ""smallest_sublevel_pa"": 20.0}",195,195,195,1.0,1.0,1.0,1.0,0.0067368682168536,0.030752944446531,1.0,,7.83936297100081,
levels,1.0,0,autonanopore,default,,170,0,0,0.0,0.0,0.0,0.0,,,,,0.4163978239994321,
levels,1.0,0,autonanopore,tuned_global_f1,"{""window_size_ms"": 5, ""theta"": 0.5}",170,105,98,0.5764705882352941,0.9333333333333332,0.7127272727272727,0.7272727272727274,0.0125246270917611,0.23594575,,,0.8215294239998912,
levels,1.0,1,autonanopore,default,,195,0,0,0.0,0.0,0.0,0.0,,,,,0.3847430299974803,
levels,1.0,1,autonanopore,tuned_global_f1,"{""window_size_ms"": 5, ""theta"": 0.5}",195,117,113,0.5794871794871795,0.9658119658119658,0.7243589743589745,0.7435897435897435,0.0103871780728935,0.2473912499999999,,,0.777933279001445,
levels,1.0,2,autonanopore,default,,199,0,0,0.0,0.0,0.0,0.0,,,,,0.3997202620012103,
levels,1.0,2,autonanopore,tuned_global_f1,"{""window_size_ms"": 5, ""theta"": 0.5}",199,131,121,0.6080402010050251,0.9236641221374046,0.7333333333333333,0.7757575757575758,0.0133509194463571,0.2602989166666667,,,0.88648881699919,
levels,1.0,3,autonanopore,default,,156,0,0,0.0,0.0,0.0,0.0,,,,,0.4523557079992315,
levels,1.0,3,autonanopore,tuned_global_f1,"{""window_size_ms"": 5, ""theta"": 0.5}",156,95,89,0.5705128205128205,0.936842105263158,0.7091633466135457,0.7410358565737052,0.0123131392157517,0.2642987499999999,,,0.8912680749999708,
levels,1.0,4,autonanopore,default,,164,0,0,0.0,0.0,0.0,0.0,,,,,0.4646963099985441,
levels,1.0,4,autonanopore,tuned_global_f1,"{""window_size_ms"": 5, ""theta"": 0.5}",164,97,90,0.5487804878048781,0.9278350515463918,0.6896551724137931,0.7126436781609196,0.011880303243386,0.2788086083333333,,,0.9369172390033782,
levels,1.0,3,threshold+nanotrees,default,,156,156,156,1.0,1.0,1.0,1.0,0.0144274768669349,0.0255029120667395,1.0,,7.05338114800179,
levels,1.0,3,threshold+nanotrees,tuned_global_f1,"{""k_sigma"": 5.0, ""smallest_sublevel_pa"": 80.0}",156,156,156,1.0,1.0,1.0,1.0,0.0144274768669349,0.0255029120667395,1.0,,6.638667677998456,
levels,1.0,3,threshold+nanotrees,tuned_global_f1_x_level_acc,"{""k_sigma"": 5.0, ""smallest_sublevel_pa"": 20.0}",156,156,156,1.0,1.0,1.0,1.0,0.0065663591358842,0.0267211334611329,1.0,,6.53829187899828,
levels,1.0,2,threshold+nanotrees,default,,199,199,199,1.0,1.0,1.0,1.0,0.0157721271877843,0.0227207382870656,1.0,,6.988532668998232,
levels,1.0,2,threshold+nanotrees,tuned_global_f1,"{""k_sigma"": 5.0, ""smallest_sublevel_pa"": 80.0}",199,199,199,1.0,1.0,1.0,1.0,0.0157721271877843,0.0227207382870656,1.0,,7.785093061000225,
levels,1.0,2,threshold+nanotrees,tuned_global_f1_x_level_acc,"{""k_sigma"": 5.0, ""smallest_sublevel_pa"": 20.0}",199,199,199,1.0,1.0,1.0,1.0,0.0080642966514825,0.0278832741897199,1.0,,6.811996877000638,
levels,1.0,4,threshold+nanotrees,default,,164,164,164,1.0,1.0,1.0,1.0,0.0138469072788636,0.0201402993551144,1.0,,6.602450728001713,
levels,1.0,4,threshold+nanotrees,tuned_global_f1,"{""k_sigma"": 5.0, ""smallest_sublevel_pa"": 80.0}",164,164,164,1.0,1.0,1.0,1.0,0.0138469072788636,0.0201402993551144,1.0,,6.12340654700165,
levels,1.0,4,threshold+nanotrees,tuned_global_f1_x_level_acc,"{""k_sigma"": 5.0, ""smallest_sublevel_pa"": 20.0}",164,164,164,1.0,1.0,1.0,1.0,0.0048862019745629,0.0301052749089064,1.0,,6.749028706999525,
levels,2.0,0,nano_ext[dpgmm],default,,182,182,182,1.0,1.0,1.0,1.0,0.0049083793839185,0.0275652146779305,0.5934065934065934,3.5177803292540943,5.698267271000077,
levels,2.0,0,nano_ext[dpgmm],tuned_global_f1,"{""threshold_method"": ""dpgmm"", ""sublevel_method"": ""dpgmm"", ""min_event_duration_sec"": 1e-05, ""filter_cutoff"": 10000.0}",182,182,182,1.0,1.0,1.0,1.0,0.0141787726875305,0.0387929557860829,0.2252747252747252,5.876026577533722,4.805574734000402,
levels,2.0,0,nano_ext[dpgmm],tuned_global_f1_x_level_acc,"{""threshold_method"": ""dpgmm"", ""sublevel_method"": ""dpgmm"", ""min_event_duration_sec"": 1e-05, ""filter_cutoff"": null}",182,182,182,1.0,1.0,1.0,1.0,0.0049083793839185,0.0275652146779305,0.5934065934065934,3.5177803292540943,5.779572946998087,
levels,2.0,1,nano_ext[dpgmm],default,,171,168,168,0.9824561403508772,1.0,0.991150442477876,0.991150442477876,0.0051213822476007,0.0331321181537392,0.5416666666666666,4.710791790873969,5.430808818000514,
levels,2.0,1,nano_ext[dpgmm],tuned_global_f1,"{""threshold_method"": ""dpgmm"", ""sublevel_method"": ""dpgmm"", ""min_event_duration_sec"": 1e-05, ""filter_cutoff"": 10000.0}",171,171,171,1.0,1.0,1.0,1.0,0.0174200839242974,0.0472342944159431,0.2280701754385964,7.305548986299981,4.647941097999137,
levels,2.0,1,nano_ext[dpgmm],tuned_global_f1_x_level_acc,"{""threshold_method"": ""dpgmm"", ""sublevel_method"": ""dpgmm"", ""min_event_duration_sec"": 1e-05, ""filter_cutoff"": null}",171,171,171,1.0,1.0,1.0,1.0,0.0051612434238007,0.0338793092357114,0.5321637426900585,4.710791790873969,4.83391474200107,
levels,2.0,2,nano_ext[dpgmm],default,,193,193,193,1.0,1.0,1.0,1.0,0.0051102267816725,0.0282922003036459,0.5233160621761658,5.047703404648107,6.415463249999448,
levels,2.0,2,nano_ext[dpgmm],tuned_global_f1,"{""threshold_method"": ""dpgmm"", ""sublevel_method"": ""dpgmm"", ""min_event_duration_sec"": 1e-05, ""filter_cutoff"": 10000.0}",193,193,193,1.0,1.0,1.0,1.0,0.0170037063861497,0.0362436697408282,0.1968911917098445,7.040947289815858,4.82277914000224,
levels,2.0,2,nano_ext[dpgmm],tuned_global_f1_x_level_acc,"{""threshold_method"": ""dpgmm"", ""sublevel_method"": ""dpgmm"", ""min_event_duration_sec"": 1e-05, ""filter_cutoff"": null}",193,193,193,1.0,1.0,1.0,1.0,0.0051102267816725,0.0282922003036459,0.5233160621761658,5.047703404648107,5.577452990000893,
levels,2.0,3,nano_ext[dpgmm],default,,160,160,160,1.0,1.0,1.0,1.0,0.0059619210115838,0.0264701524843119,0.6,4.509029768895445,5.484666958000162,
levels,2.0,3,nano_ext[dpgmm],tuned_global_f1,"{""threshold_method"": ""dpgmm"", ""sublevel_method"": ""dpgmm"", ""min_event_duration_sec"": 1e-05, ""filter_cutoff"": 10000.0}",160,160,160,1.0,1.0,1.0,1.0,0.0150224096937412,0.0394306031550966,0.28125,6.852165182813508,4.279972493000969,
levels,2.0,3,nano_ext[dpgmm],tuned_global_f1_x_level_acc,"{""threshold_method"": ""dpgmm"", ""sublevel_method"": ""dpgmm"", ""min_event_duration_sec"": 1e-05, ""filter_cutoff"": null}",160,160,160,1.0,1.0,1.0,1.0,0.0059619210115838,0.0264701524843119,0.6,4.509029768895445,5.114907118997508,
levels,2.0,4,nano_ext[dpgmm],default,,176,176,176,1.0,1.0,1.0,1.0,0.0047652986479495,0.0274635123925399,0.5227272727272727,3.663503588935413,5.759042163001141,
levels,2.0,4,nano_ext[dpgmm],tuned_global_f1,"{""threshold_method"": ""dpgmm"", ""sublevel_method"": ""dpgmm"", ""min_event_duration_sec"": 1e-05, ""filter_cutoff"": 10000.0}",176,176,176,1.0,1.0,1.0,1.0,0.0169276100457339,0.0383804665728512,0.2272727272727272,7.029895141563713,5.024218875001679,
levels,2.0,4,nano_ext[dpgmm],tuned_global_f1_x_level_acc,"{""threshold_method"": ""dpgmm"", ""sublevel_method"": ""dpgmm"", ""min_event_duration_sec"": 1e-05, ""filter_cutoff"": null}",176,176,176,1.0,1.0,1.0,1.0,0.0047652986479495,0.0274635123925399,0.5227272727272727,3.663503588935413,5.823114955001074,
levels,2.0,1,nano_ext[gmm],default,,171,170,170,0.9941520467836256,1.0,0.997067448680352,0.997067448680352,0.0086548185241997,0.0336272802066875,0.5764705882352941,4.925025870530786,15.440910317000087,
levels,2.0,1,nano_ext[gmm],tuned_global_f1,"{""threshold_method"": ""gmm"", ""sublevel_method"": ""gmm"", ""min_event_duration_sec"": 0.0001, ""filter_cutoff"": 10000.0}",171,171,171,1.0,1.0,1.0,1.0,0.01689144016234,0.0456404271388957,0.2865497076023391,11.99663603257406,13.428913036001177,
levels,2.0,1,nano_ext[gmm],tuned_global_f1_x_level_acc,"{""threshold_method"": ""gmm"", ""sublevel_method"": ""gmm"", ""min_event_duration_sec"": 3e-05, ""filter_cutoff"": null}",171,178,171,1.0,0.9606741573033708,0.9799426934097422,0.9799426934097422,0.0087070639922653,0.0337826963871989,0.5730994152046783,4.925025870530786,15.932862482997734,
levels,2.0,0,nano_ext[gmm],default,,182,182,182,1.0,1.0,1.0,1.0,0.0037795007171467,0.0274703673639826,0.6538461538461539,5.242990617215781,16.258529855000234,
levels,2.0,0,nano_ext[gmm],tuned_global_f1,"{""threshold_method"": ""gmm"", ""sublevel_method"": ""gmm"", ""min_event_duration_sec"": 0.0001, ""filter_cutoff"": 10000.0}",182,182,182,1.0,1.0,1.0,1.0,0.0374019175350545,0.0530940884691579,0.3296703296703296,14.36524105513648,15.04297944499922,
levels,2.0,0,nano_ext[gmm],tuned_global_f1_x_level_acc,"{""threshold_method"": ""gmm"", ""sublevel_method"": ""gmm"", ""min_event_duration_sec"": 3e-05, ""filter_cutoff"": null}",182,182,182,1.0,1.0,1.0,1.0,0.0037795007171467,0.0274703673639826,0.6538461538461539,5.242990617215781,17.061765481001203,
levels,2.0,0,threshold,default,,182,183,182,1.0,0.994535519125683,0.9972602739726028,0.9972602739726028,0.0117438658400105,0.0286347634147313,,,0.0713419010025973,
levels,2.0,0,threshold,tuned_global_f1,"{""k_sigma"": 5.0, ""k_exit"": 0.5}",182,182,182,1.0,1.0,1.0,1.0,0.0202038701303665,0.0272588345995169,,,0.0690855489992827,
levels,2.0,1,threshold,default,,171,171,171,1.0,1.0,1.0,1.0,0.013608389070496,0.029685369804124,,,0.0752480769988324,
levels,2.0,1,threshold,tuned_global_f1,"{""k_sigma"": 5.0, ""k_exit"": 0.5}",171,171,171,1.0,1.0,1.0,1.0,0.019554714514396,0.0305465719975604,,,0.0699261919980926,
levels,2.0,2,threshold,default,,193,193,193,1.0,1.0,1.0,1.0,0.0137034794336456,0.0297454786490934,,,0.0565297690009174,
levels,2.0,2,threshold,tuned_global_f1,"{""k_sigma"": 5.0, ""k_exit"": 0.5}",193,193,193,1.0,1.0,1.0,1.0,0.0220251849861944,0.0294519020267362,,,0.0490468950010836,
levels,2.0,3,threshold,default,,160,160,160,1.0,1.0,1.0,1.0,0.010464485097413,0.0242533269597946,,,0.073791157999949,
levels,2.0,3,threshold,tuned_global_f1,"{""k_sigma"": 5.0, ""k_exit"": 0.5}",160,160,160,1.0,1.0,1.0,1.0,0.0182002196142579,0.027431881322093,,,0.0695650640009262,
levels,2.0,4,threshold,default,,176,177,176,1.0,0.9943502824858758,0.9971671388101984,0.9971671388101984,0.0118437583366639,0.0280282412144267,,,0.0784678570016694,
levels,2.0,4,threshold,tuned_global_f1,"{""k_sigma"": 5.0, ""k_exit"": 0.5}",176,177,176,1.0,0.9943502824858758,0.9971671388101984,0.9971671388101984,0.0190256510160056,0.0283473806550989,,,0.0691398800008755,
levels,2.0,2,nano_ext[gmm],default,,193,193,193,1.0,1.0,1.0,1.0,0.0096951049443305,0.0306559830010304,0.5647668393782384,5.438621674791477,15.112524438998662,
levels,2.0,2,nano_ext[gmm],tuned_global_f1,"{""threshold_method"": ""gmm"", ""sublevel_method"": ""gmm"", ""min_event_duration_sec"": 0.0001, ""filter_cutoff"": 10000.0}",193,205,191,0.9896373056994818,0.9317073170731708,0.9597989949748744,0.9648241206030151,0.0558513173072168,0.0597664584559673,0.3507853403141361,13.573395612143102,15.24689390000276,
levels,2.0,2,nano_ext[gmm],tuned_global_f1_x_level_acc,"{""threshold_method"": ""gmm"", ""sublevel_method"": ""gmm"", ""min_event_duration_sec"": 3e-05, ""filter_cutoff"": null}",193,196,193,1.0,0.9846938775510204,0.9922879177377892,0.9922879177377892,0.0096951049443305,0.0306559830010304,0.5647668393782384,5.438621674791477,16.54182259300069,
levels,2.0,3,nano_ext[gmm],default,,160,160,160,1.0,1.0,1.0,1.0,0.0078284020560077,0.0303176978542027,0.625,4.601718485153228,14.799527938997926,
levels,2.0,3,nano_ext[gmm],tuned_global_f1,"{""threshold_method"": ""gmm"", ""sublevel_method"": ""gmm"", ""min_event_duration_sec"": 0.0001, ""filter_cutoff"": 10000.0}",160,160,160,1.0,1.0,1.0,1.0,0.0150885634300623,0.0394306031550966,0.3,14.919181929418102,15.779550495000876,
levels,2.0,3,nano_ext[gmm],tuned_global_f1_x_level_acc,"{""threshold_method"": ""gmm"", ""sublevel_method"": ""gmm"", ""min_event_duration_sec"": 3e-05, ""filter_cutoff"": null}",160,168,160,1.0,0.9523809523809524,0.975609756097561,0.975609756097561,0.0078284020560077,0.0303176978542027,0.625,4.601718485153228,14.859739819003153,
levels,2.0,0,pelt,default,,182,186,182,1.0,0.978494623655914,0.9891304347826088,0.9891304347826088,0.0024588176766111,0.0325315785128039,0.8516483516483516,2.534615614779856,10.48781706900263,
levels,2.0,0,pelt,tuned_global_f1,"{""penalty_factor"": 2.0, ""k_sigma"": 2.0}",182,182,182,1.0,1.0,1.0,1.0,0.0022488929375695,0.0324515911722985,1.0,2.5101544957051303,26.30135954399884,
levels,2.0,0,pelt,tuned_global_f1_x_level_acc,"{""penalty_factor"": 2.0, ""k_sigma"": 2.0}",182,182,182,1.0,1.0,1.0,1.0,0.0022488929375695,0.0324515911722985,1.0,2.5101544957051303,26.30135954399884,
levels,2.0,1,pelt,default,,171,174,171,1.0,0.9827586206896552,0.9913043478260868,0.9913043478260868,0.0025123288900782,0.0328469844430262,0.8245614035087719,3.1346034092827324,10.582120331000624,
levels,2.0,1,pelt,tuned_global_f1,"{""penalty_factor"": 2.0, ""k_sigma"": 2.0}",171,171,171,1.0,1.0,1.0,1.0,0.0026453752207194,0.0323431059918952,0.9941520467836256,3.0158691508019864,29.418042656998296,
levels,2.0,1,pelt,tuned_global_f1_x_level_acc,"{""penalty_factor"": 2.0, ""k_sigma"": 2.0}",171,171,171,1.0,1.0,1.0,1.0,0.0026453752207194,0.0323431059918952,0.9941520467836256,3.0158691508019864,29.418042656998296,
levels,2.0,4,nano_ext[gmm],default,,176,176,176,1.0,1.0,1.0,1.0,0.0046744127309161,0.0273594690100894,0.5511363636363636,5.006638083671078,14.452861777997896,
levels,2.0,4,nano_ext[gmm],tuned_global_f1,"{""threshold_method"": ""gmm"", ""sublevel_method"": ""gmm"", ""min_event_duration_sec"": 0.0001, ""filter_cutoff"": 10000.0}",176,176,176,1.0,1.0,1.0,1.0,0.0184925706728544,0.0383804665728512,0.3181818181818182,11.070672888191524,14.456277450000924,
levels,2.0,4,nano_ext[gmm],tuned_global_f1_x_level_acc,"{""threshold_method"": ""gmm"", ""sublevel_method"": ""gmm"", ""min_event_duration_sec"": 3e-05, ""filter_cutoff"": null}",176,176,176,1.0,1.0,1.0,1.0,0.0046744127309161,0.0273594690100894,0.5511363636363636,5.006638083671078,15.930670581998127,
levels,2.0,0,mosaic,default,,182,7,4,0.0219780219780219,0.5714285714285714,0.0423280423280423,0.0529100529100529,0.3012533315432631,0.1246096673685729,0.0,,4.347329684002034,
levels,2.0,0,mosaic,tuned_global_f1,"{""eventThreshold"": 3.0, ""StepSize"": 5.0}",182,131,86,0.4725274725274725,0.6564885496183206,0.5495207667731629,0.8370607028753994,0.1711478463930988,0.1903416367395493,0.4651162790697674,4.196441257764416,3.808179323998047,
levels,2.0,0,mosaic,tuned_global_f1_x_level_acc,"{""eventThreshold"": 3.0, ""StepSize"": 5.0}",182,131,86,0.4725274725274725,0.6564885496183206,0.5495207667731629,0.8370607028753994,0.1711478463930988,0.1903416367395493,0.4651162790697674,4.196441257764416,3.808179323998047,
levels,2.0,2,pelt,default,,193,203,193,1.0,0.9507389162561576,0.9747474747474748,0.9747474747474748,0.0026204030153183,0.0346704712424352,0.8238341968911918,3.2429935732380955,10.87035490999915,
levels,2.0,2,pelt,tuned_global_f1,"{""penalty_factor"": 2.0, ""k_sigma"": 2.0}",193,193,193,1.0,1.0,1.0,1.0,0.0026431070265478,0.0344860817650065,0.9948186528497408,3.3327894800594398,29.68675946400253,
levels,2.0,2,pelt,tuned_global_f1_x_level_acc,"{""penalty_factor"": 2.0, ""k_sigma"": 2.0}",193,193,193,1.0,1.0,1.0,1.0,0.0026431070265478,0.0344860817650065,0.9948186528497408,3.3327894800594398,29.68675946400253,
levels,2.0,1,mosaic,default,,171,16,6,0.0350877192982456,0.375,0.0641711229946524,0.1283422459893048,0.3311222205582868,0.0978171318871974,0.0,,3.3195804649985803,
levels,2.0,1,mosaic,tuned_global_f1,"{""eventThreshold"": 3.0, ""StepSize"": 5.0}",171,139,87,0.5087719298245614,0.6258992805755396,0.5612903225806453,0.896774193548387,0.0150245358177112,0.3005936981991522,0.5977011494252874,4.729635806367815,3.671389365998039,
levels,2.0,1,mosaic,tuned_global_f1_x_level_acc,"{""eventThreshold"": 3.0, ""StepSize"": 5.0}",171,139,87,0.5087719298245614,0.6258992805755396,0.5612903225806453,0.896774193548387,0.0150245358177112,0.3005936981991522,0.5977011494252874,4.729635806367815,3.671389365998039,
levels,2.0,2,mosaic,default,,193,16,7,0.0362694300518134,0.4375,0.0669856459330143,0.1052631578947368,0.2348868845048602,0.1450591996096691,0.0,,4.11562841200066,
levels,2.0,2,mosaic,tuned_global_f1,"{""eventThreshold"": 3.0, ""StepSize"": 5.0}",193,172,131,0.6787564766839378,0.7616279069767442,0.7178082191780822,0.9424657534246574,0.0134523310692353,0.3690610273888241,0.6946564885496184,5.207535399787133,2.8712211169986404,
levels,2.0,2,mosaic,tuned_global_f1_x_level_acc,"{""eventThreshold"": 3.0, ""StepSize"": 5.0}",193,172,131,0.6787564766839378,0.7616279069767442,0.7178082191780822,0.9424657534246574,0.0134523310692353,0.3690610273888241,0.6946564885496184,5.207535399787133,2.8712211169986404,
levels,2.0,3,mosaic,default,,160,7,1,0.00625,0.1428571428571428,0.0119760479041916,0.0239520958083832,0.3818611945639589,0.1195075259247635,0.0,,3.7791706600000903,
levels,2.0,3,mosaic,tuned_global_f1,"{""eventThreshold"": 3.0, ""StepSize"": 5.0}",160,132,94,0.5875,0.7121212121212122,0.6438356164383561,0.9041095890410958,0.0576595853376352,0.2419594871530536,0.5531914893617021,4.78088868849369,3.38485554199724,
levels,2.0,3,mosaic,tuned_global_f1_x_level_acc,"{""eventThreshold"": 3.0, ""StepSize"": 5.0}",160,132,94,0.5875,0.7121212121212122,0.6438356164383561,0.9041095890410958,0.0576595853376352,0.2419594871530536,0.5531914893617021,4.78088868849369,3.38485554199724,
levels,2.0,4,mosaic,default,,176,17,5,0.0284090909090909,0.2941176470588235,0.0518134715025906,0.0932642487046632,0.3130660954299708,0.147821590928491,0.0,,3.9500922549996176,
levels,2.0,4,mosaic,tuned_global_f1,"{""eventThreshold"": 3.0, ""StepSize"": 5.0}",176,144,101,0.5738636363636364,0.7013888888888888,0.63125,0.9,0.0066019703386686,0.3090746269090889,0.6336633663366337,6.604776976393278,3.294815450000897,
levels,2.0,4,mosaic,tuned_global_f1_x_level_acc,"{""eventThreshold"": 3.0, ""StepSize"": 5.0}",176,144,101,0.5738636363636364,0.7013888888888888,0.63125,0.9,0.0066019703386686,0.3090746269090889,0.6336633663366337,6.604776976393278,3.294815450000897,
levels,2.0,4,pelt,default,,176,182,176,1.0,0.967032967032967,0.9832402234636872,0.9832402234636872,0.0028006823036502,0.031270131722095,0.8352272727272727,3.1437554133262324,11.00609360800081,
levels,2.0,4,pelt,tuned_global_f1,"{""penalty_factor"": 2.0, ""k_sigma"": 2.0}",176,176,176,1.0,1.0,1.0,1.0,0.0026908963336933,0.0305815202015063,0.9829545454545454,2.99332821307452,27.65264518299955,
levels,2.0,4,pelt,tuned_global_f1_x_level_acc,"{""penalty_factor"": 2.0, ""k_sigma"": 2.0}",176,176,176,1.0,1.0,1.0,1.0,0.0026908963336933,0.0305815202015063,0.9829545454545454,2.99332821307452,27.65264518299955,
levels,2.0,3,pelt,default,,160,165,159,0.99375,0.9636363636363636,0.9784615384615384,0.9846153846153848,0.0025998315799406,0.0292169604266227,0.8176100628930818,2.7803958193572957,13.175069720000463,
levels,2.0,3,pelt,tuned_global_f1,"{""penalty_factor"": 2.0, ""k_sigma"": 2.0}",160,160,160,1.0,1.0,1.0,1.0,0.0027343164004327,0.0295673890597208,1.0,2.8124408988639,32.204983669002104,
levels,2.0,3,pelt,tuned_global_f1_x_level_acc,"{""penalty_factor"": 2.0, ""k_sigma"": 2.0}",160,160,160,1.0,1.0,1.0,1.0,0.0027343164004327,0.0295673890597208,1.0,2.8124408988639,32.204983669002104,
levels,2.0,0,threshold+nanotrees,default,,182,183,182,1.0,0.994535519125683,0.9972602739726028,0.9972602739726028,0.0117438658400105,0.0286347634147313,0.0,,7.589584964000096,
levels,2.0,0,threshold+nanotrees,tuned_global_f1,"{""k_sigma"": 5.0, ""smallest_sublevel_pa"": 80.0}",182,183,182,1.0,0.994535519125683,0.9972602739726028,0.9972602739726028,0.0117438658400105,0.0286347634147313,0.0,,7.27618803200312,
levels,2.0,0,threshold+nanotrees,tuned_global_f1_x_level_acc,"{""k_sigma"": 5.0, ""smallest_sublevel_pa"": 20.0}",182,183,182,1.0,0.994535519125683,0.9972602739726028,0.9972602739726028,0.0059773378952311,0.0251536504435774,0.9010989010989012,11.240415944746562,7.12884974500048,
levels,2.0,1,threshold+nanotrees,default,,171,171,171,1.0,1.0,1.0,1.0,0.013608389070496,0.029685369804124,0.0,,7.6195630229995,
levels,2.0,1,threshold+nanotrees,tuned_global_f1,"{""k_sigma"": 5.0, ""smallest_sublevel_pa"": 80.0}",171,171,171,1.0,1.0,1.0,1.0,0.013608389070496,0.029685369804124,0.0,,7.4825039919996925,
levels,2.0,1,threshold+nanotrees,tuned_global_f1_x_level_acc,"{""k_sigma"": 5.0, ""smallest_sublevel_pa"": 20.0}",171,171,171,1.0,1.0,1.0,1.0,0.0059313408133092,0.0328209759075171,0.9181286549707602,12.524514474865356,5.277537519999896,
levels,2.0,0,autonanopore,default,,182,0,0,0.0,0.0,0.0,0.0,,,,,0.3687850249989424,
levels,2.0,0,autonanopore,tuned_global_f1,"{""window_size_ms"": 5, ""theta"": 0.5}",182,152,143,0.7857142857142857,0.9407894736842104,0.8562874251497006,0.9041916167664672,0.0121272169650306,0.5511635166074198,,,0.7715616710011091,
levels,2.0,1,autonanopore,default,,171,0,0,0.0,0.0,0.0,0.0,,,,,0.4131346269969072,
levels,2.0,1,autonanopore,tuned_global_f1,"{""window_size_ms"": 5, ""theta"": 0.5}",171,138,129,0.7543859649122807,0.9347826086956522,0.8349514563106796,0.8867313915857604,0.0171845492633394,0.5571875399744665,,,0.8988642299991625,
levels,2.0,2,autonanopore,default,,193,0,0,0.0,0.0,0.0,0.0,,,,,0.4786287880015152,
levels,2.0,2,autonanopore,tuned_global_f1,"{""window_size_ms"": 5, ""theta"": 0.5}",193,151,140,0.7253886010362695,0.9271523178807948,0.8139534883720929,0.872093023255814,0.0145260603576669,0.5477156449004029,,,0.9878034569992452,
levels,2.0,3,autonanopore,default,,160,0,0,0.0,0.0,0.0,0.0,,,,,0.3111666879995027,
levels,2.0,3,autonanopore,tuned_global_f1,"{""window_size_ms"": 5, ""theta"": 0.5}",160,115,104,0.65,0.9043478260869564,0.7563636363636363,0.8363636363636363,0.0152482093123359,0.5101407135774931,,,0.6317101070017088,
levels,2.0,4,autonanopore,default,,176,0,0,0.0,0.0,0.0,0.0,,,,,0.4848405290031223,
levels,2.0,4,autonanopore,tuned_global_f1,"{""window_size_ms"": 5, ""theta"": 0.5}",176,131,124,0.7045454545454546,0.9465648854961832,0.8078175895765473,0.8469055374592833,0.0137309009528251,0.5304991874980904,,,0.8654675170000701,
levels,2.0,3,threshold+nanotrees,default,,160,160,160,1.0,1.0,1.0,1.0,0.010464485097413,0.0242533269597946,0.0,,5.08860083000036,
levels,2.0,3,threshold+nanotrees,tuned_global_f1,"{""k_sigma"": 5.0, ""smallest_sublevel_pa"": 80.0}",160,160,160,1.0,1.0,1.0,1.0,0.010464485097413,0.0242533269597946,0.0,,5.9076342879998265,
levels,2.0,3,threshold+nanotrees,tuned_global_f1_x_level_acc,"{""k_sigma"": 5.0, ""smallest_sublevel_pa"": 20.0}",160,160,160,1.0,1.0,1.0,1.0,0.0080962329776526,0.029757508898073,0.8875,13.047815755118377,6.054918769001233,
levels,2.0,2,threshold+nanotrees,default,,193,193,193,1.0,1.0,1.0,1.0,0.0137034794336456,0.0297454786490934,0.0,,6.4780374330002815,
levels,2.0,2,threshold+nanotrees,tuned_global_f1,"{""k_sigma"": 5.0, ""smallest_sublevel_pa"": 80.0}",193,193,193,1.0,1.0,1.0,1.0,0.0137034794336456,0.0297454786490934,0.0,,6.264586651999707,
levels,2.0,2,threshold+nanotrees,tuned_global_f1_x_level_acc,"{""k_sigma"": 5.0, ""smallest_sublevel_pa"": 20.0}",193,193,192,0.9948186528497408,0.9948186528497408,0.9948186528497408,1.0,0.008286659589531,0.0279366968312737,0.9166666666666666,12.078591346303956,7.67347402499945,
levels,2.0,4,threshold+nanotrees,default,,176,177,176,1.0,0.9943502824858758,0.9971671388101984,0.9971671388101984,0.0118437583366639,0.0280282412144267,0.0,,6.516066799002147,
levels,2.0,4,threshold+nanotrees,tuned_global_f1,"{""k_sigma"": 5.0, ""smallest_sublevel_pa"": 80.0}",176,177,176,1.0,0.9943502824858758,0.9971671388101984,0.9971671388101984,0.0118437583366639,0.0280282412144267,0.0,,7.198663816001499,
levels,2.0,4,threshold+nanotrees,tuned_global_f1_x_level_acc,"{""k_sigma"": 5.0, ""smallest_sublevel_pa"": 20.0}",176,177,175,0.9943181818181818,0.9887005649717514,0.9915014164305948,0.9971671388101984,0.0064090698495828,0.0319054365667523,0.88,13.942133221589437,8.104293811997195,
levels,3.0,0,nano_ext[dpgmm],default,,176,174,174,0.9886363636363636,1.0,0.9942857142857142,0.9942857142857142,0.0037236828997334,0.0260312231371818,0.0632183908045977,7.7480762691040095,7.207469591001427,
levels,3.0,0,nano_ext[dpgmm],tuned_global_f1,"{""threshold_method"": ""dpgmm"", ""sublevel_method"": ""dpgmm"", ""min_event_duration_sec"": 1e-05, ""filter_cutoff"": 10000.0}",176,176,176,1.0,1.0,1.0,1.0,0.0265267601971065,0.0441149472265124,0.0113636363636363,25.77911294898705,5.743193173999316,
levels,3.0,0,nano_ext[dpgmm],tuned_global_f1_x_level_acc,"{""threshold_method"": ""dpgmm"", ""sublevel_method"": ""dpgmm"", ""min_event_duration_sec"": 1e-05, ""filter_cutoff"": null}",176,176,176,1.0,1.0,1.0,1.0,0.003761649420725,0.0267047343621748,0.0625,7.7480762691040095,5.957261052997637,
levels,3.0,1,nano_ext[dpgmm],default,,183,183,183,1.0,1.0,1.0,1.0,0.0048073009199094,0.0298936348378953,0.0382513661202185,10.917378451713589,6.170426668999426,
levels,3.0,1,nano_ext[dpgmm],tuned_global_f1,"{""threshold_method"": ""dpgmm"", ""sublevel_method"": ""dpgmm"", ""min_event_duration_sec"": 1e-05, ""filter_cutoff"": 10000.0}",183,183,183,1.0,1.0,1.0,1.0,0.0288462173162811,0.04994310441827,0.0109289617486338,21.00931158466324,4.814352132001659,
levels,3.0,1,nano_ext[dpgmm],tuned_global_f1_x_level_acc,"{""threshold_method"": ""dpgmm"", ""sublevel_method"": ""dpgmm"", ""min_event_duration_sec"": 1e-05, ""filter_cutoff"": null}",183,183,183,1.0,1.0,1.0,1.0,0.0048073009199094,0.0298936348378953,0.0382513661202185,10.917378451713589,6.152450272998976,
levels,3.0,2,nano_ext[dpgmm],default,,201,201,201,1.0,1.0,1.0,1.0,0.0044792022741693,0.0288093117191492,0.0845771144278607,9.7413976626326,7.52392758300266,
levels,3.0,2,nano_ext[dpgmm],tuned_global_f1,"{""threshold_method"": ""dpgmm"", ""sublevel_method"": ""dpgmm"", ""min_event_duration_sec"": 1e-05, ""filter_cutoff"": 10000.0}",201,201,201,1.0,1.0,1.0,1.0,0.0292675519027548,0.0530132035502582,0.0298507462686567,13.255742743467636,4.773511827999755,
levels,3.0,2,nano_ext[dpgmm],tuned_global_f1_x_level_acc,"{""threshold_method"": ""dpgmm"", ""sublevel_method"": ""dpgmm"", ""min_event_duration_sec"": 1e-05, ""filter_cutoff"": null}",201,201,201,1.0,1.0,1.0,1.0,0.0044792022741693,0.0288093117191492,0.0845771144278607,9.7413976626326,6.6182583369991335,
levels,3.0,3,nano_ext[dpgmm],default,,182,181,181,0.9945054945054944,1.0,0.9972451790633609,0.9972451790633609,0.0032187276734584,0.0286860772044034,0.0607734806629834,8.6414622432196,5.770709541000542,
levels,3.0,3,nano_ext[dpgmm],tuned_global_f1,"{""threshold_method"": ""dpgmm"", ""sublevel_method"": ""dpgmm"", ""min_event_duration_sec"": 1e-05, ""filter_cutoff"": 10000.0}",182,182,182,1.0,1.0,1.0,1.0,0.0268345317147282,0.0484775331971681,0.0329670329670329,10.623021944877742,5.050152234998677,
levels,3.0,3,nano_ext[dpgmm],tuned_global_f1_x_level_acc,"{""threshold_method"": ""dpgmm"", ""sublevel_method"": ""dpgmm"", ""min_event_duration_sec"": 1e-05, ""filter_cutoff"": null}",182,182,182,1.0,1.0,1.0,1.0,0.003230482802007,0.0285868558539057,0.0604395604395604,8.6414622432196,6.181123614998796,
levels,3.0,4,nano_ext[dpgmm],default,,190,191,190,1.0,0.9947643979057592,0.9973753280839897,0.9973753280839897,0.0037135981336067,0.0291627169883092,0.031578947368421,17.908019519508045,6.002300758002093,
levels,3.0,4,nano_ext[dpgmm],tuned_global_f1,"{""threshold_method"": ""dpgmm"", ""sublevel_method"": ""dpgmm"", ""min_event_duration_sec"": 1e-05, ""filter_cutoff"": 10000.0}",190,190,190,1.0,1.0,1.0,1.0,0.0272798675101509,0.0476781874126524,0.0052631578947368,17.12512700002833,4.626028063001286,
levels,3.0,4,nano_ext[dpgmm],tuned_global_f1_x_level_acc,"{""threshold_method"": ""dpgmm"", ""sublevel_method"": ""dpgmm"", ""min_event_duration_sec"": 1e-05, ""filter_cutoff"": null}",190,191,190,1.0,0.9947643979057592,0.9973753280839897,0.9973753280839897,0.0037135981336067,0.0291627169883092,0.031578947368421,17.908019519508045,6.803706418999354,
levels,3.0,0,nano_ext[gmm],default,,176,174,174,0.9886363636363636,1.0,0.9942857142857142,0.9942857142857142,0.003761649420725,0.0260312231371818,0.2298850574712643,9.10754032257266,16.252918755999417,
levels,3.0,0,nano_ext[gmm],tuned_global_f1,"{""threshold_method"": ""gmm"", ""sublevel_method"": ""gmm"", ""min_event_duration_sec"": 0.0001, ""filter_cutoff"": 10000.0}",176,176,176,1.0,1.0,1.0,1.0,0.0268453815081684,0.0441149472265124,0.1477272727272727,20.06065457260675,16.142058119003195,
levels,3.0,0,nano_ext[gmm],tuned_global_f1_x_level_acc,"{""threshold_method"": ""gmm"", ""sublevel_method"": ""gmm"", ""min_event_duration_sec"": 3e-05, ""filter_cutoff"": null}",176,176,176,1.0,1.0,1.0,1.0,0.0037815675046454,0.0267047343621748,0.2272727272727272,9.10754032257266,15.864874016999238,
levels,3.0,1,nano_ext[gmm],default,,183,183,183,1.0,1.0,1.0,1.0,0.0047649398782569,0.0298936348378953,0.1857923497267759,8.047648397235818,16.05585370799963,
levels,3.0,1,nano_ext[gmm],tuned_global_f1,"{""threshold_method"": ""gmm"", ""sublevel_method"": ""gmm"", ""min_event_duration_sec"": 0.0001, ""filter_cutoff"": 10000.0}",183,183,183,1.0,1.0,1.0,1.0,0.0288462173162811,0.0501993748074761,0.1202185792349726,17.314662691170213,15.21566635599811,
levels,3.0,1,nano_ext[gmm],tuned_global_f1_x_level_acc,"{""threshold_method"": ""gmm"", ""sublevel_method"": ""gmm"", ""min_event_duration_sec"": 3e-05, ""filter_cutoff"": null}",183,183,183,1.0,1.0,1.0,1.0,0.0047649398782569,0.0298936348378953,0.1857923497267759,8.047648397235818,17.021744469002442,
levels,3.0,0,threshold,default,,176,176,176,1.0,1.0,1.0,1.0,0.0131447553698526,0.0330720395360268,,,0.0717287689985823,
levels,3.0,0,threshold,tuned_global_f1,"{""k_sigma"": 5.0, ""k_exit"": 0.5}",176,176,176,1.0,1.0,1.0,1.0,0.0205740406456629,0.0256516103009978,,,0.0662872979992243,
levels,3.0,1,threshold,default,,183,185,183,1.0,0.9891891891891892,0.9945652173913044,0.9945652173913044,0.0157689939762914,0.0297968653293604,,,0.0700447769995662,
levels,3.0,1,threshold,tuned_global_f1,"{""k_sigma"": 5.0, ""k_exit"": 0.5}",183,183,183,1.0,1.0,1.0,1.0,0.0231989607807631,0.0287981987279917,,,0.0692286690027685,
levels,3.0,2,threshold,default,,201,201,201,1.0,1.0,1.0,1.0,0.0138266274833844,0.0259476997334206,,,0.0718978510012675,
levels,3.0,2,threshold,tuned_global_f1,"{""k_sigma"": 5.0, ""k_exit"": 0.5}",201,201,201,1.0,1.0,1.0,1.0,0.0216559445327443,0.0317494755096707,,,0.0640609299989591,
levels,3.0,3,threshold,default,,182,183,182,1.0,0.994535519125683,0.9972602739726028,0.9972602739726028,0.0156576558160699,0.0270915738131257,,,0.0627434329981042,
levels,3.0,3,threshold,tuned_global_f1,"{""k_sigma"": 5.0, ""k_exit"": 0.5}",182,182,182,1.0,1.0,1.0,1.0,0.024088582778383,0.0240613137141486,,,0.0623269190000428,
levels,3.0,4,threshold,default,,190,191,190,1.0,0.9947643979057592,0.9973753280839897,0.9973753280839897,0.0137280236542827,0.0253108806383022,,,0.06242996400033,
levels,3.0,4,threshold,tuned_global_f1,"{""k_sigma"": 5.0, ""k_exit"": 0.5}",190,191,190,1.0,0.9947643979057592,0.9973753280839897,0.9973753280839897,0.0232324072046178,0.0298376204484348,,,0.0629808800003957,
levels,3.0,2,nano_ext[gmm],default,,201,201,201,1.0,1.0,1.0,1.0,0.0044563009725117,0.0288093117191492,0.1791044776119403,9.972070434682845,17.79341102000035,
levels,3.0,2,nano_ext[gmm],tuned_global_f1,"{""threshold_method"": ""gmm"", ""sublevel_method"": ""gmm"", ""min_event_duration_sec"": 0.0001, ""filter_cutoff"": 10000.0}",201,201,201,1.0,1.0,1.0,1.0,0.0292675519027548,0.0528834062263619,0.154228855721393,16.469032875998657,15.581050831999164,
levels,3.0,2,nano_ext[gmm],tuned_global_f1_x_level_acc,"{""threshold_method"": ""gmm"", ""sublevel_method"": ""gmm"", ""min_event_duration_sec"": 3e-05, ""filter_cutoff"": null}",201,201,201,1.0,1.0,1.0,1.0,0.0044563009725117,0.0288093117191492,0.1791044776119403,9.972070434682845,16.51798372399935,
levels,3.0,3,nano_ext[gmm],default,,182,181,181,0.9945054945054944,1.0,0.9972451790633609,0.9972451790633609,0.0033239027047003,0.0286860772044034,0.1933701657458563,11.55646038034086,17.979734417000145,
levels,3.0,3,nano_ext[gmm],tuned_global_f1,"{""threshold_method"": ""gmm"", ""sublevel_method"": ""gmm"", ""min_event_duration_sec"": 0.0001, ""filter_cutoff"": 10000.0}",182,182,182,1.0,1.0,1.0,1.0,0.0275574279099237,0.0492905994169647,0.1868131868131868,18.55462473110414,14.399114571999236,
levels,3.0,3,nano_ext[gmm],tuned_global_f1_x_level_acc,"{""threshold_method"": ""gmm"", ""sublevel_method"": ""gmm"", ""min_event_duration_sec"": 3e-05, ""filter_cutoff"": null}",182,182,182,1.0,1.0,1.0,1.0,0.003326324636483,0.0285868558539057,0.1923076923076923,11.55646038034086,17.175330706999375,
levels,3.0,0,pelt,default,,176,179,176,1.0,0.9832402234636872,0.991549295774648,0.991549295774648,0.0023011305407433,0.0421818421330999,0.8125,4.884674174865378,12.5195567869996,
levels,3.0,0,pelt,tuned_global_f1,"{""penalty_factor"": 2.0, ""k_sigma"": 2.0}",176,176,176,1.0,1.0,1.0,1.0,0.0023011305407433,0.0421818421330999,0.6988636363636364,4.688361827195897,30.13685693400112,
levels,3.0,0,pelt,tuned_global_f1_x_level_acc,"{""penalty_factor"": 2.0, ""k_sigma"": 2.0}",176,176,176,1.0,1.0,1.0,1.0,0.0023011305407433,0.0421818421330999,0.6988636363636364,4.688361827195897,30.13685693400112,
levels,3.0,4,nano_ext[gmm],default,,190,191,190,1.0,0.9947643979057592,0.9973753280839897,0.9973753280839897,0.0037135981336067,0.0291627169883092,0.1842105263157894,9.386796371524396,16.195060756999737,
levels,3.0,4,nano_ext[gmm],tuned_global_f1,"{""threshold_method"": ""gmm"", ""sublevel_method"": ""gmm"", ""min_event_duration_sec"": 0.0001, ""filter_cutoff"": 10000.0}",190,190,190,1.0,1.0,1.0,1.0,0.0277068621909237,0.0496687633491561,0.1263157894736842,20.03631685709717,15.1777632609992,
levels,3.0,4,nano_ext[gmm],tuned_global_f1_x_level_acc,"{""threshold_method"": ""gmm"", ""sublevel_method"": ""gmm"", ""min_event_duration_sec"": 3e-05, ""filter_cutoff"": null}",190,191,190,1.0,0.9947643979057592,0.9973753280839897,0.9973753280839897,0.0037135981336067,0.0291627169883092,0.1842105263157894,9.386796371524396,17.807967438999185,
levels,3.0,1,pelt,default,,183,185,183,1.0,0.9891891891891892,0.9945652173913044,0.9945652173913044,0.0023902738163708,0.0334814763164617,0.8360655737704918,4.458340781221537,12.333591902999617,
levels,3.0,1,pelt,tuned_global_f1,"{""penalty_factor"": 2.0, ""k_sigma"": 2.0}",183,183,183,1.0,1.0,1.0,1.0,0.0023454237544012,0.0336253025556309,0.6338797814207651,3.861268152355324,30.72969927799932,
levels,3.0,1,pelt,tuned_global_f1_x_level_acc,"{""penalty_factor"": 2.0, ""k_sigma"": 2.0}",183,183,183,1.0,1.0,1.0,1.0,0.0023454237544012,0.0336253025556309,0.6338797814207651,3.861268152355324,30.72969927799932,
levels,3.0,2,pelt,default,,201,208,201,1.0,0.966346153846154,0.9828850855745722,0.9828850855745722,0.002112779685908,0.0296214338395793,0.7810945273631841,4.546256936022175,13.196729842002242,
levels,3.0,2,pelt,tuned_global_f1,"{""penalty_factor"": 2.0, ""k_sigma"": 2.0}",201,201,201,1.0,1.0,1.0,1.0,0.0019887150234083,0.0296014323560086,0.6169154228855721,4.457108062183579,28.002908672999183,
levels,3.0,2,pelt,tuned_global_f1_x_level_acc,"{""penalty_factor"": 2.0, ""k_sigma"": 2.0}",201,201,201,1.0,1.0,1.0,1.0,0.0019887150234083,0.0296014323560086,0.6169154228855721,4.457108062183579,28.002908672999183,
levels,3.0,0,mosaic,default,,176,20,1,0.0056818181818181,0.05,0.010204081632653,0.1428571428571428,0.378775387120399,0.1433371467358733,0.0,,6.291859926997859,
levels,3.0,0,mosaic,tuned_global_f1,"{""eventThreshold"": 3.0, ""StepSize"": 5.0}",176,126,63,0.3579545454545454,0.5,0.4172185430463576,0.8344370860927153,0.0048317612958409,0.0337832562728677,0.0,,3.4777905250011827,
levels,3.0,0,mosaic,tuned_global_f1_x_level_acc,"{""eventThreshold"": 3.0, ""StepSize"": 5.0}",176,126,63,0.3579545454545454,0.5,0.4172185430463576,0.8344370860927153,0.0048317612958409,0.0337832562728677,0.0,,3.4777905250011827,
levels,3.0,1,mosaic,default,,183,22,1,0.0054644808743169,0.0454545454545454,0.0097560975609756,0.1365853658536585,0.3143608387950105,0.226247430304163,0.0,,6.807878719002474,
levels,3.0,1,mosaic,tuned_global_f1,"{""eventThreshold"": 3.0, ""StepSize"": 5.0}",183,132,68,0.3715846994535519,0.5151515151515151,0.4317460317460317,0.8317460317460318,0.004765204773271,0.0360322984184038,0.0,,3.390431780000654,
levels,3.0,1,mosaic,tuned_global_f1_x_level_acc,"{""eventThreshold"": 3.0, ""StepSize"": 5.0}",183,132,68,0.3715846994535519,0.5151515151515151,0.4317460317460317,0.8317460317460318,0.004765204773271,0.0360322984184038,0.0,,3.390431780000654,
levels,3.0,2,mosaic,default,,201,20,1,0.0049751243781094,0.05,0.0090497737556561,0.1085972850678733,0.0655164584815669,0.1145903975097227,0.0,,6.177894691998517,
levels,3.0,2,mosaic,tuned_global_f1,"{""eventThreshold"": 3.0, ""StepSize"": 5.0}",201,157,99,0.4925373134328358,0.6305732484076433,0.553072625698324,0.877094972067039,0.0030479647008838,0.0387455224709083,0.0,,3.50965378699766,
levels,3.0,2,mosaic,tuned_global_f1_x_level_acc,"{""eventThreshold"": 3.0, ""StepSize"": 5.0}",201,157,99,0.4925373134328358,0.6305732484076433,0.553072625698324,0.877094972067039,0.0030479647008838,0.0387455224709083,0.0,,3.50965378699766,
levels,3.0,3,mosaic,default,,182,24,0,0.0,0.0,0.0,0.1553398058252427,,,,,6.023734976999549,
levels,3.0,3,mosaic,tuned_global_f1,"{""eventThreshold"": 3.0, ""StepSize"": 5.0}",182,147,83,0.456043956043956,0.564625850340136,0.5045592705167173,0.8753799392097263,0.0030837333125644,0.0348728000500358,0.0,,3.3483182460004173,
levels,3.0,3,mosaic,tuned_global_f1_x_level_acc,"{""eventThreshold"": 3.0, ""StepSize"": 5.0}",182,147,83,0.456043956043956,0.564625850340136,0.5045592705167173,0.8753799392097263,0.0030837333125644,0.0348728000500358,0.0,,3.3483182460004173,
levels,3.0,3,pelt,default,,182,187,182,1.0,0.9732620320855616,0.986449864498645,0.986449864498645,0.0023703933786095,0.0324286277381846,0.7582417582417582,4.387383212373086,11.994187677999436,
levels,3.0,3,pelt,tuned_global_f1,"{""penalty_factor"": 2.0, ""k_sigma"": 2.0}",182,182,182,1.0,1.0,1.0,1.0,0.0023256252015754,0.0324286277381846,0.6758241758241759,4.213421507914816,24.19364558700181,
levels,3.0,3,pelt,tuned_global_f1_x_level_acc,"{""penalty_factor"": 2.0, ""k_sigma"": 2.0}",182,182,182,1.0,1.0,1.0,1.0,0.0023256252015754,0.0324286277381846,0.6758241758241759,4.213421507914816,24.19364558700181,
levels,3.0,4,mosaic,default,,190,31,0,0.0,0.0,0.0,0.1900452488687782,,,,,6.75919389900082,
levels,3.0,4,mosaic,tuned_global_f1,"{""eventThreshold"": 3.0, ""StepSize"": 5.0}",190,157,86,0.4526315789473684,0.5477707006369427,0.4956772334293948,0.893371757925072,0.0037604784168813,0.0352232052628202,0.0,,3.825976240997989,
levels,3.0,4,mosaic,tuned_global_f1_x_level_acc,"{""eventThreshold"": 3.0, ""StepSize"": 5.0}",190,157,86,0.4526315789473684,0.5477707006369427,0.4956772334293948,0.893371757925072,0.0037604784168813,0.0352232052628202,0.0,,3.825976240997989,
levels,3.0,4,pelt,default,,190,196,189,0.9947368421052633,0.9642857142857144,0.979274611398964,0.9844559585492229,0.0020275486897432,0.0274516059738224,0.7619047619047619,4.473426420292803,11.552363404000062,
levels,3.0,4,pelt,tuned_global_f1,"{""penalty_factor"": 2.0, ""k_sigma"": 2.0}",190,190,190,1.0,1.0,1.0,1.0,0.0023707759452211,0.0266625422936533,0.631578947368421,4.382433053784496,30.281032769002195,
levels,3.0,4,pelt,tuned_global_f1_x_level_acc,"{""penalty_factor"": 2.0, ""k_sigma"": 2.0}",190,190,190,1.0,1.0,1.0,1.0,0.0023707759452211,0.0266625422936533,0.631578947368421,4.382433053784496,30.281032769002195,
levels,3.0,0,threshold+nanotrees,default,,176,176,176,1.0,1.0,1.0,1.0,0.0131447553698526,0.0330720395360268,0.0,,7.346261372000299,
levels,3.0,0,threshold+nanotrees,tuned_global_f1,"{""k_sigma"": 5.0, ""smallest_sublevel_pa"": 80.0}",176,176,176,1.0,1.0,1.0,1.0,0.0131447553698526,0.0330720395360268,0.0,,7.310263933999522,
levels,3.0,0,threshold+nanotrees,tuned_global_f1_x_level_acc,"{""k_sigma"": 5.0, ""smallest_sublevel_pa"": 20.0}",176,176,176,1.0,1.0,1.0,1.0,0.0056971290542083,0.0848131731979554,0.0,,5.898976156000572,
levels,3.0,1,threshold+nanotrees,default,,183,185,183,1.0,0.9891891891891892,0.9945652173913044,0.9945652173913044,0.0157689939762914,0.0297968653293604,0.0,,7.808072457999515,
levels,3.0,1,threshold+nanotrees,tuned_global_f1,"{""k_sigma"": 5.0, ""smallest_sublevel_pa"": 80.0}",183,185,183,1.0,0.9891891891891892,0.9945652173913044,0.9945652173913044,0.0157689939762914,0.0297968653293604,0.0,,6.850198648997321,
levels,3.0,1,threshold+nanotrees,tuned_global_f1_x_level_acc,"{""k_sigma"": 5.0, ""smallest_sublevel_pa"": 20.0}",183,185,182,0.994535519125683,0.9837837837837838,0.9891304347826088,0.9945652173913044,0.0062547267880989,0.0951317771478147,0.0054945054945054,22.77838627961354,6.893107864998456,
levels,3.0,0,autonanopore,default,,176,0,0,0.0,0.0,0.0,0.0,,,,,0.5084001650029677,
levels,3.0,0,autonanopore,tuned_global_f1,"{""window_size_ms"": 5, ""theta"": 0.5}",176,148,133,0.7556818181818182,0.8986486486486487,0.8209876543209876,0.9074074074074074,0.0125221179568673,0.5312116063785973,,,1.0284174180014816,
levels,3.0,1,autonanopore,default,,183,0,0,0.0,0.0,0.0,0.0,,,,,0.56411050600218,
levels,3.0,1,autonanopore,tuned_global_f1,"{""window_size_ms"": 5, ""theta"": 0.5}",183,138,124,0.6775956284153005,0.8985507246376812,0.7725856697819315,0.8535825545171339,0.0157383631874624,0.536198681987544,,,0.7546028220021981,
levels,3.0,2,threshold+nanotrees,default,,201,201,201,1.0,1.0,1.0,1.0,0.0138266274833844,0.0259476997334206,0.0,,7.178726028996607,
levels,3.0,2,threshold+nanotrees,tuned_global_f1,"{""k_sigma"": 5.0, ""smallest_sublevel_pa"": 80.0}",201,201,201,1.0,1.0,1.0,1.0,0.0138266274833844,0.0259476997334206,0.0,,6.857520188998024,
levels,3.0,2,threshold+nanotrees,tuned_global_f1_x_level_acc,"{""k_sigma"": 5.0, ""smallest_sublevel_pa"": 20.0}",201,201,201,1.0,1.0,1.0,1.0,0.0055865444269689,0.0805744946673593,0.0049751243781094,29.17521394496525,6.969051841999317,
levels,3.0,3,threshold+nanotrees,default,,182,183,182,1.0,0.994535519125683,0.9972602739726028,0.9972602739726028,0.0156576558160699,0.0270915738131257,0.0,,6.840871911001159,
levels,3.0,3,threshold+nanotrees,tuned_global_f1,"{""k_sigma"": 5.0, ""smallest_sublevel_pa"": 80.0}",182,183,182,1.0,0.994535519125683,0.9972602739726028,0.9972602739726028,0.0156576558160699,0.0270915738131257,0.0,,6.6542566690004605,
levels,3.0,3,threshold+nanotrees,tuned_global_f1_x_level_acc,"{""k_sigma"": 5.0, ""smallest_sublevel_pa"": 20.0}",182,183,182,1.0,0.994535519125683,0.9972602739726028,0.9972602739726028,0.0073465018592741,0.0885226865294087,0.0054945054945054,16.326623317519662,6.163626601999567,
levels,3.0,3,autonanopore,default,,182,0,0,0.0,0.0,0.0,0.0,,,,,0.4192879170004744,
levels,3.0,3,autonanopore,tuned_global_f1,"{""window_size_ms"": 5, ""theta"": 0.5}",182,153,138,0.7582417582417582,0.9019607843137256,0.8238805970149254,0.9134328358208956,0.0134298835124909,0.5213239241591242,,,0.8727078789997904,
levels,3.0,2,autonanopore,default,,201,0,0,0.0,0.0,0.0,0.0,,,,,0.4688568550009222,
levels,3.0,2,autonanopore,tuned_global_f1,"{""window_size_ms"": 5, ""theta"": 0.5}",201,162,151,0.7512437810945274,0.9320987654320988,0.8319559228650137,0.8925619834710743,0.0135642231755969,0.5233835103905643,,,0.7924588860005315,
levels,3.0,4,autonanopore,default,,190,0,0,0.0,0.0,0.0,0.0,,,,,0.3757578309996461,
levels,3.0,4,autonanopore,tuned_global_f1,"{""window_size_ms"": 5, ""theta"": 0.5}",190,154,142,0.7473684210526316,0.922077922077922,0.8255813953488372,0.8953488372093024,0.0140333583274412,0.5355987509722333,,,0.8210050250017957,
levels,3.0,4,threshold+nanotrees,default,,190,191,190,1.0,0.9947643979057592,0.9973753280839897,0.9973753280839897,0.0137280236542827,0.0253108806383022,0.0,,6.458675599998969,
levels,3.0,4,threshold+nanotrees,tuned_global_f1,"{""k_sigma"": 5.0, ""smallest_sublevel_pa"": 80.0}",190,191,190,1.0,0.9947643979057592,0.9973753280839897,0.9973753280839897,0.0137280236542827,0.0253108806383022,0.0,,7.33464222800103,
levels,3.0,4,threshold+nanotrees,tuned_global_f1_x_level_acc,"{""k_sigma"": 5.0, ""smallest_sublevel_pa"": 20.0}",190,191,190,1.0,0.9947643979057592,0.9973753280839897,0.9973753280839897,0.006567384368298,0.0927019903929492,0.0,,7.105483447998267,
levels,4.0,1,nano_ext[dpgmm],default,,169,173,165,0.9763313609467456,0.953757225433526,0.9649122807017544,0.976608187134503,0.0829382816910048,0.0531848757320568,0.0121212121212121,9.248182496590651,6.318982202999905,
levels,4.0,1,nano_ext[dpgmm],tuned_global_f1,"{""threshold_method"": ""dpgmm"", ""sublevel_method"": ""dpgmm"", ""min_event_duration_sec"": 1e-05, ""filter_cutoff"": 10000.0}",169,169,169,1.0,1.0,1.0,1.0,0.0107132683996741,0.0360741268763805,0.0059171597633136,9.3407917937105,5.023944479002239,
levels,4.0,1,nano_ext[dpgmm],tuned_global_f1_x_level_acc,"{""threshold_method"": ""dpgmm"", ""sublevel_method"": ""dpgmm"", ""min_event_duration_sec"": 1e-05, ""filter_cutoff"": null}",169,248,167,0.9881656804733728,0.6733870967741935,0.800959232613909,0.8105515587529976,0.0829382816910048,0.0531848757320568,0.0119760479041916,9.248182496590651,6.477895144998911,
levels,4.0,0,nano_ext[dpgmm],default,,157,165,156,0.9936305732484076,0.9454545454545454,0.968944099378882,0.9751552795031057,0.0860984806103132,0.0618338708665562,0.0064102564102564,1.4715916436536247,7.280394689998502,
levels,4.0,0,nano_ext[dpgmm],tuned_global_f1,"{""threshold_method"": ""dpgmm"", ""sublevel_method"": ""dpgmm"", ""min_event_duration_sec"": 1e-05, ""filter_cutoff"": 10000.0}",157,158,157,1.0,0.9936708860759492,0.9968253968253968,0.9968253968253968,0.0101157144109836,0.0369259690117258,0.0,,5.811264209998626,
levels,4.0,0,nano_ext[dpgmm],tuned_global_f1_x_level_acc,"{""threshold_method"": ""dpgmm"", ""sublevel_method"": ""dpgmm"", ""min_event_duration_sec"": 1e-05, ""filter_cutoff"": null}",157,237,156,0.9936305732484076,0.6582278481012658,0.7918781725888324,0.7969543147208121,0.0860984806103132,0.0618338708665562,0.0064102564102564,1.4715916436536247,7.216487960999075,
levels,4.0,2,nano_ext[dpgmm],default,,201,211,200,0.9950248756218906,0.9478672985781992,0.970873786407767,0.970873786407767,0.0674611615849626,0.0476112823031303,0.0,,6.575962686001731,
levels,4.0,2,nano_ext[dpgmm],tuned_global_f1,"{""threshold_method"": ""dpgmm"", ""sublevel_method"": ""dpgmm"", ""min_event_duration_sec"": 1e-05, ""filter_cutoff"": 10000.0}",201,202,201,1.0,0.995049504950495,0.9975186104218362,0.9975186104218362,0.0093145876585867,0.0370932745182692,0.0,,5.31867969400264,
levels,4.0,2,nano_ext[dpgmm],tuned_global_f1_x_level_acc,"{""threshold_method"": ""dpgmm"", ""sublevel_method"": ""dpgmm"", ""min_event_duration_sec"": 1e-05, ""filter_cutoff"": null}",201,280,201,1.0,0.7178571428571429,0.8357588357588357,0.8357588357588357,0.0681382247078571,0.0479565386605852,0.0,,7.067187012999057,
levels,4.0,3,nano_ext[dpgmm],default,,183,195,183,1.0,0.9384615384615383,0.9682539682539684,0.9682539682539684,0.1095821584567909,0.0531842020071043,0.0163934426229508,15.170532269070948,6.571808766002505,
levels,4.0,3,nano_ext[dpgmm],tuned_global_f1,"{""threshold_method"": ""dpgmm"", ""sublevel_method"": ""dpgmm"", ""min_event_duration_sec"": 1e-05, ""filter_cutoff"": 10000.0}",183,183,183,1.0,1.0,1.0,1.0,0.0094089121364979,0.0318158574068522,0.0054644808743169,4.138372834638915,5.303463620002731,
levels,4.0,3,nano_ext[dpgmm],tuned_global_f1_x_level_acc,"{""threshold_method"": ""dpgmm"", ""sublevel_method"": ""dpgmm"", ""min_event_duration_sec"": 1e-05, ""filter_cutoff"": null}",183,271,183,1.0,0.6752767527675276,0.8061674008810572,0.8061674008810572,0.1095821584567909,0.0531842020071043,0.0163934426229508,15.170532269070948,6.987408258002688,
levels,4.0,4,nano_ext[dpgmm],default,,184,192,182,0.9891304347826086,0.9479166666666666,0.9680851063829786,0.973404255319149,0.126209993245366,0.0569886302001381,0.0,,6.512803568999516,
levels,4.0,4,nano_ext[dpgmm],tuned_global_f1,"{""threshold_method"": ""dpgmm"", ""sublevel_method"": ""dpgmm"", ""min_event_duration_sec"": 1e-05, ""filter_cutoff"": 10000.0}",184,184,184,1.0,1.0,1.0,1.0,0.0112066960994249,0.0293715239353718,0.0108695652173913,12.973569490364046,5.601751556001545,
levels,4.0,4,nano_ext[dpgmm],tuned_global_f1_x_level_acc,"{""threshold_method"": ""dpgmm"", ""sublevel_method"": ""dpgmm"", ""min_event_duration_sec"": 1e-05, ""filter_cutoff"": null}",184,275,183,0.9945652173913044,0.6654545454545454,0.7973856209150326,0.8017429193899782,0.126103771177302,0.0569443901240993,0.0,,7.095699860998138,
levels,4.0,1,nano_ext[gmm],default,,169,173,165,0.9763313609467456,0.953757225433526,0.9649122807017544,0.976608187134503,0.0829382816910048,0.0531848757320568,0.0181818181818181,12.515200896956458,15.234647286997642,
levels,4.0,1,nano_ext[gmm],tuned_global_f1,"{""threshold_method"": ""gmm"", ""sublevel_method"": ""gmm"", ""min_event_duration_sec"": 0.0001, ""filter_cutoff"": 10000.0}",169,169,169,1.0,1.0,1.0,1.0,0.0104710305124207,0.0356428103337861,0.0532544378698224,32.98924357775235,13.904739253001026,
levels,4.0,1,nano_ext[gmm],tuned_global_f1_x_level_acc,"{""threshold_method"": ""gmm"", ""sublevel_method"": ""gmm"", ""min_event_duration_sec"": 3e-05, ""filter_cutoff"": null}",169,219,167,0.9881656804733728,0.7625570776255708,0.8608247422680412,0.8711340206185566,0.0829382816910048,0.0531848757320568,0.0179640718562874,12.515200896956458,14.349150822999944,
levels,4.0,0,nano_ext[gmm],default,,157,165,156,0.9936305732484076,0.9454545454545454,0.968944099378882,0.9751552795031057,0.0883886104710824,0.0628166925262726,0.0064102564102564,3.6859636307617913,15.240410459999111,
levels,4.0,0,nano_ext[gmm],tuned_global_f1,"{""threshold_method"": ""gmm"", ""sublevel_method"": ""gmm"", ""min_event_duration_sec"": 0.0001, ""filter_cutoff"": 10000.0}",157,158,157,1.0,0.9936708860759492,0.9968253968253968,0.9968253968253968,0.0109139325779525,0.0355757027335916,0.0573248407643312,18.979196930501985,13.670000051999525,
levels,4.0,0,nano_ext[gmm],tuned_global_f1_x_level_acc,"{""threshold_method"": ""gmm"", ""sublevel_method"": ""gmm"", ""min_event_duration_sec"": 3e-05, ""filter_cutoff"": null}",157,220,156,0.9936305732484076,0.7090909090909091,0.8275862068965516,0.8328912466843501,0.0883886104710824,0.0628166925262726,0.0064102564102564,3.6859636307617913,15.666644717999588,
levels,4.0,0,threshold,default,,157,168,157,1.0,0.9345238095238096,0.966153846153846,0.966153846153846,0.0161381194652272,0.0444134381458513,,,0.0872907789998862,
levels,4.0,0,threshold,tuned_global_f1,"{""k_sigma"": 5.0, ""k_exit"": 0.5}",157,161,157,1.0,0.9751552795031057,0.9874213836477987,0.9874213836477987,0.0194017062188601,0.0372701896275419,,,0.0788190749990462,
levels,4.0,1,threshold,default,,169,184,169,1.0,0.9184782608695652,0.9575070821529744,0.9575070821529744,0.0181587587293938,0.0376270607136959,,,0.1061715819996607,
levels,4.0,1,threshold,tuned_global_f1,"{""k_sigma"": 5.0, ""k_exit"": 0.5}",169,173,169,1.0,0.976878612716763,0.9883040935672516,0.9883040935672516,0.0209585543624391,0.0335936074919756,,,0.0716645909997168,
levels,4.0,2,threshold,default,,201,214,201,1.0,0.9392523364485982,0.9686746987951808,0.9686746987951808,0.0132263796905453,0.0405010758323213,,,0.0790864570008125,
levels,4.0,2,threshold,tuned_global_f1,"{""k_sigma"": 5.0, ""k_exit"": 0.5}",201,206,201,1.0,0.9757281553398058,0.9877149877149876,0.9877149877149876,0.0190733395791661,0.0367489259071687,,,0.0741590590005216,
levels,4.0,3,threshold,default,,183,194,183,1.0,0.9432989690721648,0.9708222811671088,0.9708222811671088,0.0157169798639304,0.0401724125199229,,,0.0845661659986944,
levels,4.0,3,threshold,tuned_global_f1,"{""k_sigma"": 5.0, ""k_exit"": 0.5}",183,184,183,1.0,0.9945652173913044,0.9972752043596732,0.9972752043596732,0.0197678902018872,0.0321812005200858,,,0.0768525729981774,
levels,4.0,4,threshold,default,,184,195,184,1.0,0.9435897435897436,0.9709762532981532,0.9709762532981532,0.0155533156254563,0.0346112152872323,,,0.0843203559998073,
levels,4.0,4,threshold,tuned_global_f1,"{""k_sigma"": 5.0, ""k_exit"": 0.5}",184,185,184,1.0,0.9945945945945946,0.997289972899729,0.997289972899729,0.0194004650034776,0.0310237993614102,,,0.0755595810005616,
levels,4.0,2,nano_ext[gmm],default,,201,211,200,0.9950248756218906,0.9478672985781992,0.970873786407767,0.970873786407767,0.0687572247004996,0.0480394566836732,0.01,13.401226499051845,15.85317659499924,
levels,4.0,2,nano_ext[gmm],tuned_global_f1,"{""threshold_method"": ""gmm"", ""sublevel_method"": ""gmm"", ""min_event_duration_sec"": 0.0001, ""filter_cutoff"": 10000.0}",201,201,201,1.0,1.0,1.0,1.0,0.0090608197031505,0.0370932745182692,0.0597014925373134,23.619071318869977,14.345218506998208,
levels,4.0,2,nano_ext[gmm],tuned_global_f1_x_level_acc,"{""threshold_method"": ""gmm"", ""sublevel_method"": ""gmm"", ""min_event_duration_sec"": 3e-05, ""filter_cutoff"": null}",201,264,201,1.0,0.7613636363636364,0.8645161290322582,0.8645161290322582,0.0707303509389312,0.0481223747067612,0.0099502487562189,13.401226499051845,16.032714496999688,
levels,4.0,3,nano_ext[gmm],default,,183,196,183,1.0,0.9336734693877552,0.9656992084432716,0.9656992084432716,0.1100459395456023,0.0531842020071043,0.0273224043715847,11.152962610894155,14.482488026002102,
levels,4.0,3,nano_ext[gmm],tuned_global_f1,"{""threshold_method"": ""gmm"", ""sublevel_method"": ""gmm"", ""min_event_duration_sec"": 0.0001, ""filter_cutoff"": 10000.0}",183,183,183,1.0,1.0,1.0,1.0,0.0090994926720307,0.033245905566254,0.0327868852459016,16.51573111788318,15.607878402999631,
levels,4.0,3,nano_ext[gmm],tuned_global_f1_x_level_acc,"{""threshold_method"": ""gmm"", ""sublevel_method"": ""gmm"", ""min_event_duration_sec"": 3e-05, ""filter_cutoff"": null}",183,252,183,1.0,0.7261904761904762,0.8413793103448275,0.8413793103448275,0.1100459395456023,0.0531842020071043,0.0273224043715847,11.152962610894155,14.292588217998857,
levels,4.0,4,nano_ext[gmm],default,,184,192,182,0.9891304347826086,0.9479166666666666,0.9680851063829786,0.973404255319149,0.1269425731612112,0.057787283704946,0.0054945054945054,56.13888734545824,14.464688216001376,
levels,4.0,4,nano_ext[gmm],tuned_global_f1,"{""threshold_method"": ""gmm"", ""sublevel_method"": ""gmm"", ""min_event_duration_sec"": 0.0001, ""filter_cutoff"": 10000.0}",184,184,184,1.0,1.0,1.0,1.0,0.0118048859904328,0.0314433590650532,0.0434782608695652,24.228712012852597,13.698875377998776,
levels,4.0,4,nano_ext[gmm],tuned_global_f1_x_level_acc,"{""threshold_method"": ""gmm"", ""sublevel_method"": ""gmm"", ""min_event_duration_sec"": 3e-05, ""filter_cutoff"": null}",184,258,183,0.9945652173913044,0.7093023255813954,0.828054298642534,0.832579185520362,0.1263162153134301,0.0570328702761769,0.0054644808743169,56.13888734545824,15.340851092001683,
levels,4.0,0,pelt,default,,157,168,156,0.9936305732484076,0.9285714285714286,0.96,0.966153846153846,0.0052326164809667,0.0566969710414332,0.6474358974358975,4.143708846715555,13.671056234001298,
levels,4.0,0,pelt,tuned_global_f1,"{""penalty_factor"": 2.0, ""k_sigma"": 2.0}",157,157,157,1.0,1.0,1.0,1.0,0.0037470980441398,0.0470791582692759,0.5286624203821656,4.136937512999594,33.344304668000404,
levels,4.0,0,pelt,tuned_global_f1_x_level_acc,"{""penalty_factor"": 2.0, ""k_sigma"": 2.0}",157,157,157,1.0,1.0,1.0,1.0,0.0037470980441398,0.0470791582692759,0.5286624203821656,4.136937512999594,33.344304668000404,
levels,4.0,2,pelt,default,,201,214,200,0.9950248756218906,0.9345794392523364,0.963855421686747,0.9686746987951808,0.0056700173115407,0.0530872355302189,0.52,4.006519940980002,11.290797368001222,
levels,4.0,2,pelt,tuned_global_f1,"{""penalty_factor"": 2.0, ""k_sigma"": 2.0}",201,201,201,1.0,1.0,1.0,1.0,0.0036560641908911,0.0347086471592986,0.4228855721393035,4.251411190203669,22.885382995998956,
levels,4.0,2,pelt,tuned_global_f1_x_level_acc,"{""penalty_factor"": 2.0, ""k_sigma"": 2.0}",201,201,201,1.0,1.0,1.0,1.0,0.0036560641908911,0.0347086471592986,0.4228855721393035,4.251411190203669,22.885382995998956,
levels,4.0,1,pelt,default,,169,172,167,0.9881656804733728,0.9709302325581396,0.9794721407624634,0.9912023460410556,0.0056523773597511,0.0542179292433853,0.5389221556886228,4.497695787253342,11.20561735100273,
levels,4.0,1,pelt,tuned_global_f1,"{""penalty_factor"": 2.0, ""k_sigma"": 2.0}",169,169,169,1.0,1.0,1.0,1.0,0.0033104794909143,0.0331287653898785,0.4733727810650887,4.497695787253342,29.290929809998488,
levels,4.0,1,pelt,tuned_global_f1_x_level_acc,"{""penalty_factor"": 2.0, ""k_sigma"": 2.0}",169,169,169,1.0,1.0,1.0,1.0,0.0033104794909143,0.0331287653898785,0.4733727810650887,4.497695787253342,29.290929809998488,
levels,4.0,0,mosaic,default,,157,8,0,0.0,0.0,0.0,0.0363636363636363,,,,,5.478168404002645,
levels,4.0,0,mosaic,tuned_global_f1,"{""eventThreshold"": 3.0, ""StepSize"": 5.0}",157,86,23,0.1464968152866242,0.2674418604651162,0.1893004115226337,0.7078189300411523,0.1411879130264123,0.0845800804118916,0.0,,4.589925895998022,
levels,4.0,0,mosaic,tuned_global_f1_x_level_acc,"{""eventThreshold"": 3.0, ""StepSize"": 5.0}",157,86,23,0.1464968152866242,0.2674418604651162,0.1893004115226337,0.7078189300411523,0.1411879130264123,0.0845800804118916,0.0,,4.589925895998022,
levels,4.0,1,mosaic,default,,169,10,0,0.0,0.0,0.0,0.0223463687150837,,,,,5.178017094000097,
levels,4.0,1,mosaic,tuned_global_f1,"{""eventThreshold"": 3.0, ""StepSize"": 5.0}",169,101,40,0.2366863905325443,0.396039603960396,0.2962962962962963,0.7481481481481481,0.162437240495965,0.0941226919336829,0.0,,4.868094329001906,
levels,4.0,1,mosaic,tuned_global_f1_x_level_acc,"{""eventThreshold"": 3.0, ""StepSize"": 5.0}",169,101,40,0.2366863905325443,0.396039603960396,0.2962962962962963,0.7481481481481481,0.162437240495965,0.0941226919336829,0.0,,4.868094329001906,
levels,4.0,2,mosaic,default,,201,11,0,0.0,0.0,0.0,0.0471698113207547,,,,,5.726895193998644,
levels,4.0,2,mosaic,tuned_global_f1,"{""eventThreshold"": 3.0, ""StepSize"": 5.0}",201,118,54,0.2686567164179104,0.4576271186440678,0.3385579937304075,0.7398119122257053,0.15778450701654,0.1149990007513731,0.0,,4.642732997999701,
levels,4.0,2,mosaic,tuned_global_f1_x_level_acc,"{""eventThreshold"": 3.0, ""StepSize"": 5.0}",201,118,54,0.2686567164179104,0.4576271186440678,0.3385579937304075,0.7398119122257053,0.15778450701654,0.1149990007513731,0.0,,4.642732997999701,
levels,4.0,3,mosaic,default,,183,10,0,0.0,0.0,0.0,0.0518134715025906,,,,,5.413929121001274,
levels,4.0,3,mosaic,tuned_global_f1,"{""eventThreshold"": 3.0, ""StepSize"": 5.0}",183,98,32,0.174863387978142,0.3265306122448979,0.2277580071174377,0.697508896797153,0.1843529305873644,0.1322017868684887,0.0,,5.223682169998938,
levels,4.0,3,mosaic,tuned_global_f1_x_level_acc,"{""eventThreshold"": 3.0, ""StepSize"": 5.0}",183,98,32,0.174863387978142,0.3265306122448979,0.2277580071174377,0.697508896797153,0.1843529305873644,0.1322017868684887,0.0,,5.223682169998938,
levels,4.0,4,mosaic,default,,184,14,0,0.0,0.0,0.0,0.0404040404040404,,,,,5.015320664999308,
levels,4.0,4,mosaic,tuned_global_f1,"{""eventThreshold"": 3.0, ""StepSize"": 5.0}",184,109,41,0.2228260869565217,0.3761467889908257,0.2798634812286689,0.7440273037542662,0.1286312004797759,0.1232212477432735,0.0,,4.124499864999962,
levels,4.0,4,mosaic,tuned_global_f1_x_level_acc,"{""eventThreshold"": 3.0, ""StepSize"": 5.0}",184,109,41,0.2228260869565217,0.3761467889908257,0.2798634812286689,0.7440273037542662,0.1286312004797759,0.1232212477432735,0.0,,4.124499864999962,
levels,4.0,3,pelt,default,,183,187,183,1.0,0.9786096256684492,0.9891891891891892,0.9891891891891892,0.0075529074977624,0.055626438048332,0.5245901639344263,3.977343174088599,11.729341139998724,
levels,4.0,3,pelt,tuned_global_f1,"{""penalty_factor"": 2.0, ""k_sigma"": 2.0}",183,183,183,1.0,1.0,1.0,1.0,0.0032762205586575,0.0392015133734055,0.4972677595628415,4.077212811814945,29.871991097999853,
levels,4.0,3,pelt,tuned_global_f1_x_level_acc,"{""penalty_factor"": 2.0, ""k_sigma"": 2.0}",183,183,183,1.0,1.0,1.0,1.0,0.0032762205586575,0.0392015133734055,0.4972677595628415,4.077212811814945,29.871991097999853,
levels,4.0,4,pelt,default,,184,190,184,1.0,0.968421052631579,0.983957219251337,0.983957219251337,0.0092332113980871,0.0612497023806835,0.4347826086956521,3.6764099011765694,12.065350638000382,
levels,4.0,4,pelt,tuned_global_f1,"{""penalty_factor"": 2.0, ""k_sigma"": 2.0}",184,184,184,1.0,1.0,1.0,1.0,0.0039532594126986,0.0327560309383735,0.5163043478260869,3.6491359107770895,29.66434059599851,
levels,4.0,4,pelt,tuned_global_f1_x_level_acc,"{""penalty_factor"": 2.0, ""k_sigma"": 2.0}",184,184,184,1.0,1.0,1.0,1.0,0.0039532594126986,0.0327560309383735,0.5163043478260869,3.6491359107770895,29.66434059599851,
levels,4.0,0,threshold+nanotrees,default,,157,168,157,1.0,0.9345238095238096,0.966153846153846,0.966153846153846,0.0161381194652272,0.0444134381458513,0.0,,6.205134124000324,
levels,4.0,0,threshold+nanotrees,tuned_global_f1,"{""k_sigma"": 5.0, ""smallest_sublevel_pa"": 80.0}",157,168,157,1.0,0.9345238095238096,0.966153846153846,0.966153846153846,0.0161381194652272,0.0444134381458513,0.0,,5.948712110999622,
levels,4.0,0,threshold+nanotrees,tuned_global_f1_x_level_acc,"{""k_sigma"": 5.0, ""smallest_sublevel_pa"": 20.0}",157,168,154,0.9808917197452228,0.9166666666666666,0.9476923076923076,0.966153846153846,0.0108613841692587,0.1044212704664727,0.0,,5.827202902000863,
levels,4.0,1,threshold+nanotrees,default,,169,184,169,1.0,0.9184782608695652,0.9575070821529744,0.9575070821529744,0.0181587587293938,0.0376270607136959,0.0,,6.792817601999559,
levels,4.0,1,threshold+nanotrees,tuned_global_f1,"{""k_sigma"": 5.0, ""smallest_sublevel_pa"": 80.0}",169,184,169,1.0,0.9184782608695652,0.9575070821529744,0.9575070821529744,0.0181587587293938,0.0376270607136959,0.0,,5.520314584002335,
levels,4.0,1,threshold+nanotrees,tuned_global_f1_x_level_acc,"{""k_sigma"": 5.0, ""smallest_sublevel_pa"": 20.0}",169,184,167,0.9881656804733728,0.907608695652174,0.9461756373937678,0.9575070821529744,0.0144689108309019,0.1045360397654441,0.0059880239520958,7.836108164571698,5.982185754997772,
levels,4.0,0,autonanopore,default,,157,0,0,0.0,0.0,0.0,0.0,,,,,0.458786412000336,
levels,4.0,0,autonanopore,tuned_global_f1,"{""window_size_ms"": 5, ""theta"": 0.5}",157,129,118,0.7515923566878981,0.9147286821705426,0.8251748251748251,0.8951048951048951,0.0176090051351973,0.7433420201853502,,,0.603868665999471,
levels,4.0,1,autonanopore,default,,169,0,0,0.0,0.0,0.0,0.0,,,,,0.5112246589997085,
levels,4.0,1,autonanopore,tuned_global_f1,"{""window_size_ms"": 5, ""theta"": 0.5}",169,129,120,0.7100591715976331,0.9302325581395348,0.8053691275167785,0.8657718120805369,0.0205985086818544,0.7018193504692081,,,0.7554817540003569,
levels,4.0,2,threshold+nanotrees,default,,201,214,201,1.0,0.9392523364485982,0.9686746987951808,0.9686746987951808,0.0132263796905453,0.0405010758323213,0.0,,7.514700590996654,
levels,4.0,2,threshold+nanotrees,tuned_global_f1,"{""k_sigma"": 5.0, ""smallest_sublevel_pa"": 80.0}",201,214,201,1.0,0.9392523364485982,0.9686746987951808,0.9686746987951808,0.0132263796905453,0.0405010758323213,0.0,,6.354985049001698,
levels,4.0,2,threshold+nanotrees,tuned_global_f1_x_level_acc,"{""k_sigma"": 5.0, ""smallest_sublevel_pa"": 20.0}",201,214,200,0.9950248756218906,0.9345794392523364,0.963855421686747,0.9686746987951808,0.0115343161808521,0.1115610704080787,0.005,29.987683057258742,6.661827060001087,
levels,4.0,2,autonanopore,default,,201,0,0,0.0,0.0,0.0,0.0,,,,,0.2977071959976456,
levels,4.0,2,autonanopore,tuned_global_f1,"{""window_size_ms"": 5, ""theta"": 0.5}",201,152,142,0.7064676616915423,0.9342105263157896,0.8045325779036827,0.8611898016997167,0.0189919510636434,0.7061830114434784,,,1.017847390998213,
levels,4.0,3,autonanopore,default,,183,0,0,0.0,0.0,0.0,0.0,,,,,0.4534399079966533,
levels,4.0,3,autonanopore,tuned_global_f1,"{""window_size_ms"": 5, ""theta"": 0.5}",183,147,132,0.7213114754098361,0.8979591836734694,0.8,0.8909090909090909,0.0215617521220701,0.7318394545713808,,,1.1079051220003748,
levels,4.0,4,autonanopore,default,,184,0,0,0.0,0.0,0.0,0.0,,,,,0.3818349530010891,
levels,4.0,4,autonanopore,tuned_global_f1,"{""window_size_ms"": 5, ""theta"": 0.5}",184,142,130,0.7065217391304348,0.9154929577464788,0.7975460122699387,0.8711656441717791,0.0234316411503887,0.7350119372899699,,,0.7443539330015483,
levels,4.0,3,threshold+nanotrees,default,,183,194,183,1.0,0.9432989690721648,0.9708222811671088,0.9708222811671088,0.0157169798639304,0.0401724125199229,0.0,,6.553379148001113,
levels,4.0,3,threshold+nanotrees,tuned_global_f1,"{""k_sigma"": 5.0, ""smallest_sublevel_pa"": 80.0}",183,194,183,1.0,0.9432989690721648,0.9708222811671088,0.9708222811671088,0.0157169798639304,0.0401724125199229,0.0,,5.560260035999818,
levels,4.0,3,threshold+nanotrees,tuned_global_f1_x_level_acc,"{""k_sigma"": 5.0, ""smallest_sublevel_pa"": 20.0}",183,194,181,0.989071038251366,0.9329896907216496,0.960212201591512,0.9708222811671088,0.0113653639469692,0.1003182065298812,0.0,,6.213623635998374,
levels,4.0,4,threshold+nanotrees,default,,184,195,184,1.0,0.9435897435897436,0.9709762532981532,0.9709762532981532,0.0155533156254563,0.0346112152872323,0.0,,6.553474848999031,
levels,4.0,4,threshold+nanotrees,tuned_global_f1,"{""k_sigma"": 5.0, ""smallest_sublevel_pa"": 80.0}",184,195,184,1.0,0.9435897435897436,0.9709762532981532,0.9709762532981532,0.0155533156254563,0.0346112152872323,0.0,,5.239255279000645,
levels,4.0,4,threshold+nanotrees,tuned_global_f1_x_level_acc,"{""k_sigma"": 5.0, ""smallest_sublevel_pa"": 20.0}",184,195,183,0.9945652173913044,0.9384615384615383,0.9656992084432716,0.9709762532981532,0.0112183702305569,0.0844360508476641,0.0,,6.453174842001317,
rate,1.0,0,rolling_median_2gmm,default,null,52,192,47,0.9038461538461539,0.24479166666666666,0.3852459016393443,0.4262295081967213,0.005276579659631883,0.0358623749474314,,,72.93904967299977,
rate,1.0,0,rolling_median_2gmm,tuned_global_f1,"{""window_sec"": 5.0, ""posterior"": 0.99, ""merge_gap_sec"": 0.001}",52,53,52,1.0,0.9811320754716981,0.9904761904761905,0.9904761904761905,0.008054428910692132,0.0274553812852614,,,122.37621098200043,
rate,1.0,1,rolling_median_2gmm,default,null,58,169,54,0.9310344827586207,0.31952662721893493,0.4757709251101322,0.5110132158590308,0.004346535138830682,0.02748557706140809,,,71.6853788100002,
rate,1.0,1,rolling_median_2gmm,tuned_global_f1,"{""window_sec"": 5.0, ""posterior"": 0.99, ""merge_gap_sec"": 0.001}",58,58,58,1.0,1.0,1.0,1.0,0.00820721673445631,0.024309800534689785,,,123.82493835400055,
rate,1.0,2,rolling_median_2gmm,default,null,59,170,54,0.9152542372881356,0.3176470588235294,0.4716157205240175,0.5152838427947598,0.004539360155498162,0.02809108043288351,,,72.24948952100021,
rate,1.0,2,rolling_median_2gmm,tuned_global_f1,"{""window_sec"": 5.0, ""posterior"": 0.99, ""merge_gap_sec"": 0.001}",59,59,59,1.0,1.0,1.0,1.0,0.006240096458039461,0.02445782894344273,,,115.52062183500038,
rate,1.0,3,rolling_median_2gmm,default,null,47,159,45,0.9574468085106383,0.2830188679245283,0.43689320388349506,0.4563106796116505,0.006358749278844902,0.03694542238376286,,,69.49050139799965,
rate,1.0,3,rolling_median_2gmm,tuned_global_f1,"{""window_sec"": 5.0, ""posterior"": 0.99, ""merge_gap_sec"": 0.001}",47,47,47,1.0,1.0,1.0,1.0,0.006442474635451621,0.021063989697927676,,,111.81494151600054,
rate,1.0,4,rolling_median_2gmm,default,null,52,174,48,0.9230769230769231,0.27586206896551724,0.42477876106194695,0.46017699115044247,0.007113118206696247,0.02309227692536417,,,72.55824147699968,
rate,1.0,4,rolling_median_2gmm,tuned_global_f1,"{""window_sec"": 5.0, ""posterior"": 0.99, ""merge_gap_sec"": 0.001}",52,53,52,1.0,0.9811320754716981,0.9904761904761905,0.9904761904761905,0.007249928960970159,0.017058405150812778,,,120.09016125400012,
rate,3.0,0,rolling_median_2gmm,default,null,105,336,100,0.9523809523809523,0.2976190476190476,0.45351473922902497,0.47619047619047616,0.005613360116970768,0.033814344018004705,,,45.97830122100004,
rate,3.0,0,rolling_median_2gmm,tuned_global_f1,"{""window_sec"": 5.0, ""posterior"": 0.99, ""merge_gap_sec"": 0.001}",105,108,105,1.0,0.9722222222222222,0.9859154929577464,0.9859154929577464,0.006199143287452666,0.02775530618334573,,,71.89029897699947,
rate,3.0,1,rolling_median_2gmm,default,null,119,287,114,0.957983193277311,0.397212543554007,0.5615763546798029,0.5862068965517241,0.004637147192659879,0.032392900332840854,,,43.265872620000664,
rate,3.0,1,rolling_median_2gmm,tuned_global_f1,"{""window_sec"": 5.0, ""posterior"": 0.99, ""merge_gap_sec"": 0.001}",119,121,119,1.0,0.9834710743801653,0.9916666666666667,0.9916666666666667,0.005913024676257113,0.026880014109057035,,,69.96536039200055,
rate,3.0,2,rolling_median_2gmm,default,null,130,352,119,0.9153846153846154,0.3380681818181818,0.49377593360995853,0.5394190871369294,0.0030342635464070586,0.025597612209718908,,,46.959457555999506,
rate,3.0,2,rolling_median_2gmm,tuned_global_f1,"{""window_sec"": 5.0, ""posterior"": 0.99, ""merge_gap_sec"": 0.001}",130,135,130,1.0,0.9629629629629629,0.9811320754716981,0.9811320754716981,0.005555684326667706,0.024285490395110243,,,75.92103317800047,
rate,3.0,3,rolling_median_2gmm,default,null,104,288,101,0.9711538461538461,0.3506944444444444,0.5153061224489796,0.5306122448979591,0.005594254946213473,0.03261762690497119,,,46.83245965900005,
rate,3.0,3,rolling_median_2gmm,tuned_global_f1,"{""window_sec"": 5.0, ""posterior"": 0.99, ""merge_gap_sec"": 0.001}",104,105,104,1.0,0.9904761904761905,0.9952153110047847,0.9952153110047847,0.005714419862751197,0.02083757654890069,,,72.84844329000043,
rate,3.0,4,rolling_median_2gmm,default,null,135,379,129,0.9555555555555556,0.3403693931398417,0.5019455252918289,0.5252918287937743,0.005266142008935298,0.02740528427716127,,,43.274352298999474,
rate,3.0,4,rolling_median_2gmm,tuned_global_f1,"{""window_sec"": 5.0, ""posterior"": 0.99, ""merge_gap_sec"": 0.001}",135,135,135,1.0,1.0,1.0,1.0,0.005997007410392244,0.019695579093423794,,,69.30741207600022,
rate,10.0,0,rolling_median_2gmm,default,null,103,283,100,0.970873786407767,0.35335689045936397,0.5181347150259067,0.533678756476684,0.003734379582281553,0.022836034502042916,,,12.264314161000584,
rate,10.0,0,rolling_median_2gmm,tuned_global_f1,"{""window_sec"": 5.0, ""posterior"": 0.99, ""merge_gap_sec"": 0.001}",103,110,103,1.0,0.9363636363636364,0.9671361502347418,0.9671361502347418,0.005286247410320222,0.02343546058527141,,,16.80448176200025,
rate,10.0,1,rolling_median_2gmm,default,null,119,248,114,0.957983193277311,0.4596774193548387,0.6212534059945504,0.6485013623978201,0.0037628227404412143,0.025574203579909242,,,12.56934978100071,
rate,10.0,1,rolling_median_2gmm,tuned_global_f1,"{""window_sec"": 5.0, ""posterior"": 0.99, ""merge_gap_sec"": 0.001}",119,122,119,1.0,0.9754098360655737,0.9875518672199171,0.9875518672199171,0.004015233629727217,0.023870799635175053,,,17.46666765699956,
rate,10.0,2,rolling_median_2gmm,default,null,130,275,126,0.9692307692307692,0.4581818181818182,0.6222222222222222,0.6419753086419753,0.003415470538786265,0.026774064376119885,,,12.193801413000074,
rate,10.0,2,rolling_median_2gmm,tuned_global_f1,"{""window_sec"": 5.0, ""posterior"": 0.99, ""merge_gap_sec"": 0.001}",130,134,129,0.9923076923076923,0.9626865671641791,0.9772727272727273,0.9772727272727273,0.0042436885766713095,0.02566663858434996,,,17.09995743699983,
rate,10.0,3,rolling_median_2gmm,default,null,103,207,102,0.9902912621359223,0.4927536231884058,0.6580645161290323,0.6645161290322581,0.003856714818190522,0.02182115908015619,,,12.587380173000383,
rate,10.0,3,rolling_median_2gmm,tuned_global_f1,"{""window_sec"": 5.0, ""posterior"": 0.99, ""merge_gap_sec"": 0.001}",103,107,103,1.0,0.9626168224299065,0.9809523809523809,0.9809523809523809,0.0048054927020038316,0.02412537178271498,,,18.31739663100052,
rate,10.0,4,rolling_median_2gmm,default,null,131,278,131,1.0,0.4712230215827338,0.6405867970660147,0.6405867970660147,0.004803260536781417,0.025687794569061968,,,11.899188637999941,
rate,10.0,4,rolling_median_2gmm,tuned_global_f1,"{""window_sec"": 5.0, ""posterior"": 0.99, ""merge_gap_sec"": 0.001}",131,132,128,0.9770992366412213,0.9696969696969697,0.9733840304182511,0.9809885931558935,0.0047822523403167234,0.02406032241206073,,,16.817188889000136,
rate,50.0,0,rolling_median_2gmm,default,null,177,374,177,1.0,0.4732620320855615,0.6424682395644283,0.6424682395644283,0.0030708806484597284,0.027393616570366795,,,3.2311344279996774,
rate,50.0,0,rolling_median_2gmm,tuned_global_f1,"{""window_sec"": 5.0, ""posterior"": 0.99, ""merge_gap_sec"": 0.001}",177,178,171,0.9661016949152542,0.9606741573033708,0.9633802816901408,0.9746478873239437,0.0049216090036080405,0.02811808702422347,,,2.960885827999846,
rate,50.0,1,rolling_median_2gmm,default,null,186,297,185,0.9946236559139785,0.622895622895623,0.7660455486542445,0.7701863354037267,0.0028761375872678285,0.020712740644331613,,,3.484618278000198,
rate,50.0,1,rolling_median_2gmm,tuned_global_f1,"{""window_sec"": 5.0, ""posterior"": 0.99, ""merge_gap_sec"": 0.001}",186,184,179,0.9623655913978495,0.9728260869565217,0.9675675675675676,0.9837837837837837,0.004755011369734957,0.02265587540360189,,,3.126247862999662,
rate,50.0,2,rolling_median_2gmm,default,null,211,373,208,0.985781990521327,0.5576407506702413,0.7123287671232877,0.7226027397260274,0.0026304352564707587,0.027369769561437822,,,3.1591330279998147,
rate,50.0,2,rolling_median_2gmm,tuned_global_f1,"{""window_sec"": 5.0, ""posterior"": 0.99, ""merge_gap_sec"": 0.001}",211,209,204,0.966824644549763,0.9760765550239234,0.9714285714285714,0.9857142857142858,0.0034574488054999533,0.025997916663469074,,,3.063466965000771,
rate,50.0,3,rolling_median_2gmm,default,null,186,343,186,1.0,0.5422740524781341,0.7032136105860113,0.7032136105860113,0.0034306478572452004,0.022574948189612684,,,3.3970710319999853,
rate,50.0,3,rolling_median_2gmm,tuned_global_f1,"{""window_sec"": 5.0, ""posterior"": 0.99, ""merge_gap_sec"": 0.001}",186,183,181,0.9731182795698925,0.9890710382513661,0.981029810298103,0.986449864498645,0.003557845488197559,0.023688384152656995,,,3.090807290000157,
rate,50.0,4,rolling_median_2gmm,default,null,194,370,192,0.9896907216494846,0.518918918918919,0.6808510638297872,0.6879432624113475,0.0031131228356598793,0.02274911696561386,,,3.474093482999706,
rate,50.0,4,rolling_median_2gmm,tuned_global_f1,"{""window_sec"": 5.0, ""posterior"": 0.99, ""merge_gap_sec"": 0.001}",194,183,176,0.9072164948453608,0.9617486338797814,0.9336870026525198,0.9655172413793103,0.003987876612374612,0.022787858417118598,,,3.3911004840001624,
rate,200.0,0,rolling_median_2gmm,default,null,663,1130,662,0.9984917043740573,0.5858407079646017,0.7384272169548243,0.739542665923034,0.003074644056055776,0.041034530624324064,,,3.5685241060000408,
rate,200.0,0,rolling_median_2gmm,tuned_global_f1,"{""window_sec"": 5.0, ""posterior"": 0.99, ""merge_gap_sec"": 0.001}",663,563,489,0.7375565610859729,0.8685612788632326,0.797716150081566,0.9037520391517129,0.003315361007501646,0.043720897107585324,,,3.367258557999776,
rate,200.0,1,rolling_median_2gmm,default,null,638,1016,637,0.9984326018808778,0.6269685039370079,0.7702539298669892,0.7714631197097944,0.0030475717989100746,0.03975398485460234,,,3.341117547000067,
rate,200.0,1,rolling_median_2gmm,tuned_global_f1,"{""window_sec"": 5.0, ""posterior"": 0.99, ""merge_gap_sec"": 0.001}",638,546,481,0.7539184952978056,0.8809523809523809,0.8125,0.9155405405405405,0.0037490789752820963,0.04318723184968623,,,3.1103112589999,
rate,200.0,2,rolling_median_2gmm,default,null,632,928,632,1.0,0.6810344827586207,0.8102564102564103,0.8102564102564103,0.003099590130126815,0.03988416324259401,,,3.6228306689999954,
rate,200.0,2,rolling_median_2gmm,tuned_global_f1,"{""window_sec"": 5.0, ""posterior"": 0.99, ""merge_gap_sec"": 0.001}",632,537,469,0.7420886075949367,0.8733705772811918,0.8023952095808382,0.9101796407185628,0.0035033144215302608,0.04168212917254645,,,2.9949697669999296,
rate,200.0,3,rolling_median_2gmm,default,null,659,1109,659,1.0,0.5942290351668169,0.745475113122172,0.745475113122172,0.0029606681034355245,0.04056634710503019,,,3.510346846000175,
rate,200.0,3,rolling_median_2gmm,tuned_global_f1,"{""window_sec"": 5.0, ""posterior"": 0.99, ""merge_gap_sec"": 0.001}",659,548,477,0.723823975720789,0.8704379562043796,0.7903893951946976,0.8980944490472245,0.0036410067964536556,0.04012221365670395,,,3.103784676000032,
rate,200.0,4,rolling_median_2gmm,default,null,649,1023,648,0.9984591679506933,0.6334310850439883,0.7751196172248804,0.7763157894736843,0.0028015876830353756,0.03969950668035676,,,3.402347625999937,
rate,200.0,4,rolling_median_2gmm,tuned_global_f1,"{""window_sec"": 5.0, ""posterior"": 0.99, ""merge_gap_sec"": 0.001}",649,560,504,0.7765793528505393,0.9,0.8337468982630273,0.9164598842018197,0.003990494843405617,0.041522887495693106,,,3.440917896999963,
cutoff,10000.0,0,rolling_median_2gmm,default,null,177,306,174,0.9830508474576272,0.5686274509803921,0.7204968944099378,0.732919254658385,0.009651977201561123,0.036818842805994026,,,3.8648649280003156,
cutoff,10000.0,0,rolling_median_2gmm,tuned_global_f1,"{""window_sec"": 5.0, ""posterior"": 0.99, ""merge_gap_sec"": 0.001}",177,176,171,0.9661016949152542,0.9715909090909091,0.9688385269121812,0.9801699716713881,0.011347870656902419,0.03536663154214119,,,3.3314161219996095,
cutoff,10000.0,1,rolling_median_2gmm,default,null,186,311,185,0.9946236559139785,0.594855305466238,0.7444668008048291,0.7484909456740443,0.00956693741672553,0.03587388946411888,,,3.6490438820001145,
cutoff,10000.0,1,rolling_median_2gmm,tuned_global_f1,"{""window_sec"": 5.0, ""posterior"": 0.99, ""merge_gap_sec"": 0.001}",186,182,179,0.9623655913978495,0.9835164835164835,0.9728260869565217,0.9891304347826088,0.010514938705606004,0.029481863815940795,,,3.219489159000659,
cutoff,10000.0,2,rolling_median_2gmm,default,null,211,358,198,0.9383886255924171,0.553072625698324,0.6959578207381371,0.741652021089631,0.008201597347323921,0.036534441049804245,,,3.6215121249997537,
cutoff,10000.0,2,rolling_median_2gmm,tuned_global_f1,"{""window_sec"": 5.0, ""posterior"": 0.99, ""merge_gap_sec"": 0.001}",211,207,205,0.9715639810426541,0.9903381642512077,0.9808612440191389,0.9904306220095694,0.008628866464744858,0.0327205990522336,,,3.3213188950003314,
cutoff,10000.0,3,rolling_median_2gmm,default,null,186,319,181,0.9731182795698925,0.567398119122257,0.7168316831683169,0.7366336633663366,0.011397569412996106,0.028970032693040555,,,3.5705650399995648,
cutoff,10000.0,3,rolling_median_2gmm,tuned_global_f1,"{""window_sec"": 5.0, ""posterior"": 0.99, ""merge_gap_sec"": 0.001}",186,184,181,0.9731182795698925,0.9836956521739131,0.9783783783783785,0.9837837837837837,0.011299074324386616,0.03004177205957248,,,3.3434891000006246,
cutoff,10000.0,4,rolling_median_2gmm,default,null,194,331,186,0.9587628865979382,0.5619335347432024,0.7085714285714285,0.7390476190476191,0.00846792802724203,0.03233896096450911,,,3.387296441000217,
cutoff,10000.0,4,rolling_median_2gmm,tuned_global_f1,"{""window_sec"": 5.0, ""posterior"": 0.99, ""merge_gap_sec"": 0.001}",194,182,176,0.9072164948453608,0.967032967032967,0.9361702127659575,0.9680851063829787,0.010595055100471566,0.03072669860422675,,,3.352642561999346,
cutoff,30000.0,0,rolling_median_2gmm,default,null,177,374,177,1.0,0.4732620320855615,0.6424682395644283,0.6424682395644283,0.0030708806484597284,0.027393616570366795,,,3.4753837549997115,
cutoff,30000.0,0,rolling_median_2gmm,tuned_global_f1,"{""window_sec"": 5.0, ""posterior"": 0.99, ""merge_gap_sec"": 0.001}",177,178,171,0.9661016949152542,0.9606741573033708,0.9633802816901408,0.9746478873239437,0.0049216090036080405,0.02811808702422347,,,3.1298423460002596,
cutoff,30000.0,1,rolling_median_2gmm,default,null,186,297,185,0.9946236559139785,0.622895622895623,0.7660455486542445,0.7701863354037267,0.0028761375872678285,0.020712740644331613,,,3.673749476000012,
cutoff,30000.0,1,rolling_median_2gmm,tuned_global_f1,"{""window_sec"": 5.0, ""posterior"": 0.99, ""merge_gap_sec"": 0.001}",186,184,179,0.9623655913978495,0.9728260869565217,0.9675675675675676,0.9837837837837837,0.004755011369734957,0.02265587540360189,,,3.4931374369998593,
cutoff,30000.0,2,rolling_median_2gmm,default,null,211,373,208,0.985781990521327,0.5576407506702413,0.7123287671232877,0.7226027397260274,0.0026304352564707587,0.027369769561437822,,,3.6375078649998613,
cutoff,30000.0,2,rolling_median_2gmm,tuned_global_f1,"{""window_sec"": 5.0, ""posterior"": 0.99, ""merge_gap_sec"": 0.001}",211,209,204,0.966824644549763,0.9760765550239234,0.9714285714285714,0.9857142857142858,0.0034574488054999533,0.025997916663469074,,,3.0390682639999795,
cutoff,30000.0,3,rolling_median_2gmm,default,null,186,343,186,1.0,0.5422740524781341,0.7032136105860113,0.7032136105860113,0.0034306478572452004,0.022574948189612684,,,3.670774272000017,
cutoff,30000.0,3,rolling_median_2gmm,tuned_global_f1,"{""window_sec"": 5.0, ""posterior"": 0.99, ""merge_gap_sec"": 0.001}",186,183,181,0.9731182795698925,0.9890710382513661,0.981029810298103,0.986449864498645,0.003557845488197559,0.023688384152656995,,,3.0480873380001867,
cutoff,30000.0,4,rolling_median_2gmm,default,null,194,370,192,0.9896907216494846,0.518918918918919,0.6808510638297872,0.6879432624113475,0.0031131228356598793,0.02274911696561386,,,3.456665828000041,
cutoff,30000.0,4,rolling_median_2gmm,tuned_global_f1,"{""window_sec"": 5.0, ""posterior"": 0.99, ""merge_gap_sec"": 0.001}",194,183,176,0.9072164948453608,0.9617486338797814,0.9336870026525198,0.9655172413793103,0.003987876612374612,0.022787858417118598,,,3.2541727230000106,
cutoff,100000.0,0,rolling_median_2gmm,default,null,177,408,177,1.0,0.4338235294117647,0.6051282051282051,0.6051282051282051,0.0014706342959553663,0.023815023350172097,,,3.4879954339994583,
cutoff,100000.0,0,rolling_median_2gmm,tuned_global_f1,"{""window_sec"": 5.0, ""posterior"": 0.99, ""merge_gap_sec"": 0.001}",177,179,171,0.9661016949152542,0.9553072625698324,0.9606741573033708,0.9719101123595506,0.0018544602958278156,0.025992874160271975,,,3.219701015999817,
cutoff,100000.0,1,rolling_median_2gmm,default,null,186,344,186,1.0,0.5406976744186046,0.7018867924528301,0.7018867924528301,0.0017513070056480327,0.019563627763988498,,,3.56051932399987,
cutoff,100000.0,1,rolling_median_2gmm,tuned_global_f1,"{""window_sec"": 5.0, ""posterior"": 0.99, ""merge_gap_sec"": 0.001}",186,183,179,0.9623655913978495,0.9781420765027322,0.9701897018970189,0.986449864498645,0.0022952790138697807,0.021336066029059117,,,3.292282043000341,
cutoff,100000.0,2,rolling_median_2gmm,default,null,211,443,211,1.0,0.4762979683972912,0.6452599388379205,0.6452599388379205,0.001346654336285227,0.022567987337414875,,,3.403747663000104,
cutoff,100000.0,2,rolling_median_2gmm,tuned_global_f1,"{""window_sec"": 5.0, ""posterior"": 0.99, ""merge_gap_sec"": 0.001}",211,213,205,0.9715639810426541,0.9624413145539906,0.9669811320754718,0.9764150943396227,0.0017288198956969538,0.023913616604275136,,,3.2236416480000116,
cutoff,100000.0,3,rolling_median_2gmm,default,null,186,375,186,1.0,0.496,0.6631016042780749,0.6631016042780749,0.0017277639116049744,0.021617856535328404,,,3.356385587000659,
cutoff,100000.0,3,rolling_median_2gmm,tuned_global_f1,"{""window_sec"": 5.0, ""posterior"": 0.99, ""merge_gap_sec"": 0.001}",186,184,181,0.9731182795698925,0.9836956521739131,0.9783783783783785,0.9837837837837837,0.0020229257766237797,0.024744390197892464,,,3.1025517210000544,
cutoff,100000.0,4,rolling_median_2gmm,default,null,194,451,194,1.0,0.43015521064301554,0.6015503875968993,0.6015503875968993,0.0015903127043800191,0.02009443335571552,,,3.6038417820000177,
cutoff,100000.0,4,rolling_median_2gmm,tuned_global_f1,"{""window_sec"": 5.0, ""posterior"": 0.99, ""merge_gap_sec"": 0.001}",194,188,176,0.9072164948453608,0.9361702127659575,0.9214659685863875,0.9528795811518325,0.0019274793118498768,0.020964633586438547,,,3.5089788940003928,
drift,0.0,0,rolling_median_2gmm,default,null,177,374,177,1.0,0.4732620320855615,0.6424682395644283,0.6424682395644283,0.0030708806484597284,0.027393616570366795,,,3.2396095149997564,
drift,0.0,0,rolling_median_2gmm,tuned_global_f1,"{""window_sec"": 5.0, ""posterior"": 0.99, ""merge_gap_sec"": 0.001}",177,178,171,0.9661016949152542,0.9606741573033708,0.9633802816901408,0.9746478873239437,0.0049216090036080405,0.02811808702422347,,,3.3646146580003915,
drift,0.0,1,rolling_median_2gmm,default,null,186,297,185,0.9946236559139785,0.622895622895623,0.7660455486542445,0.7701863354037267,0.0028761375872678285,0.020712740644331613,,,3.436818244999813,
drift,0.0,1,rolling_median_2gmm,tuned_global_f1,"{""window_sec"": 5.0, ""posterior"": 0.99, ""merge_gap_sec"": 0.001}",186,184,179,0.9623655913978495,0.9728260869565217,0.9675675675675676,0.9837837837837837,0.004755011369734957,0.02265587540360189,,,3.053337029999966,
drift,0.0,2,rolling_median_2gmm,default,null,211,373,208,0.985781990521327,0.5576407506702413,0.7123287671232877,0.7226027397260274,0.0026304352564707587,0.027369769561437822,,,3.3182614019997345,
drift,0.0,2,rolling_median_2gmm,tuned_global_f1,"{""window_sec"": 5.0, ""posterior"": 0.99, ""merge_gap_sec"": 0.001}",211,209,204,0.966824644549763,0.9760765550239234,0.9714285714285714,0.9857142857142858,0.0034574488054999533,0.025997916663469074,,,2.977374601999145,
drift,0.0,3,rolling_median_2gmm,default,null,186,343,186,1.0,0.5422740524781341,0.7032136105860113,0.7032136105860113,0.0034306478572452004,0.022574948189612684,,,3.1115117779991124,
drift,0.0,3,rolling_median_2gmm,tuned_global_f1,"{""window_sec"": 5.0, ""posterior"": 0.99, ""merge_gap_sec"": 0.001}",186,183,181,0.9731182795698925,0.9890710382513661,0.981029810298103,0.986449864498645,0.003557845488197559,0.023688384152656995,,,2.9890420970004925,
drift,0.0,4,rolling_median_2gmm,default,null,194,370,192,0.9896907216494846,0.518918918918919,0.6808510638297872,0.6879432624113475,0.0031131228356598793,0.02274911696561386,,,3.4472186159991907,
drift,0.0,4,rolling_median_2gmm,tuned_global_f1,"{""window_sec"": 5.0, ""posterior"": 0.99, ""merge_gap_sec"": 0.001}",194,183,176,0.9072164948453608,0.9617486338797814,0.9336870026525198,0.9655172413793103,0.003987876612374612,0.022787858417118598,,,3.1630390590007664,
drift,1.0,0,rolling_median_2gmm,default,null,177,374,177,1.0,0.4732620320855615,0.6424682395644283,0.6424682395644283,0.0030708806484597284,0.1813702326787451,,,3.3717195590006668,
drift,1.0,0,rolling_median_2gmm,tuned_global_f1,"{""window_sec"": 5.0, ""posterior"": 0.99, ""merge_gap_sec"": 0.001}",177,175,171,0.9661016949152542,0.9771428571428571,0.9715909090909091,0.9829545454545454,0.007004672513790376,0.18433630187015354,,,2.78924110799926,
drift,1.0,1,rolling_median_2gmm,default,null,186,300,185,0.9946236559139785,0.6166666666666667,0.7613168724279836,0.7654320987654321,0.0028761375872678285,0.16534348579673266,,,3.4953339590001633,
drift,1.0,1,rolling_median_2gmm,tuned_global_f1,"{""window_sec"": 5.0, ""posterior"": 0.99, ""merge_gap_sec"": 0.001}",186,183,179,0.9623655913978495,0.9781420765027322,0.9701897018970189,0.986449864498645,0.006648782979368608,0.17989062248325774,,,2.9669716609996613,
drift,1.0,2,rolling_median_2gmm,default,null,211,368,209,0.990521327014218,0.5679347826086957,0.7219343696027634,0.7288428324697755,0.0026863978372897216,0.16247022198295807,,,3.355247055000291,
drift,1.0,2,rolling_median_2gmm,tuned_global_f1,"{""window_sec"": 5.0, ""posterior"": 0.99, ""merge_gap_sec"": 0.001}",211,210,205,0.9715639810426541,0.9761904761904762,0.9738717339667459,0.983372921615202,0.005049909304263261,0.17355450833888847,,,3.0057816159996946,
drift,1.0,3,rolling_median_2gmm,default,null,186,348,186,1.0,0.5344827586206896,0.6966292134831461,0.6966292134831461,0.0033454357441144206,0.1761704690934268,,,3.627710787000069,
drift,1.0,3,rolling_median_2gmm,tuned_global_f1,"{""window_sec"": 5.0, ""posterior"": 0.99, ""merge_gap_sec"": 0.001}",186,183,181,0.9731182795698925,0.9890710382513661,0.981029810298103,0.986449864498645,0.005432151529633391,0.20416978117497026,,,2.9745175469997776,
drift,1.0,4,rolling_median_2gmm,default,null,194,373,192,0.9896907216494846,0.514745308310992,0.6772486772486773,0.6843033509700177,0.0030795827345852945,0.16042991089870517,,,3.334806168999421,
drift,1.0,4,rolling_median_2gmm,tuned_global_f1,"{""window_sec"": 5.0, ""posterior"": 0.99, ""merge_gap_sec"": 0.001}",194,185,176,0.9072164948453608,0.9513513513513514,0.928759894459103,0.9604221635883905,0.006989251576329262,0.16319452601743656,,,2.9303863940003794,
drift,2.0,0,rolling_median_2gmm,default,null,177,375,176,0.9943502824858758,0.4693333333333333,0.6376811594202899,0.6413043478260869,0.0030510022644342025,0.21762620236934088,,,3.5470306870001878,
drift,2.0,0,rolling_median_2gmm,tuned_global_f1,"{""window_sec"": 5.0, ""posterior"": 0.99, ""merge_gap_sec"": 0.001}",177,177,170,0.96045197740113,0.96045197740113,0.96045197740113,0.9774011299435028,0.012015850052820944,0.23395454130944524,,,3.2028684910001175,
drift,2.0,1,rolling_median_2gmm,default,null,186,336,185,0.9946236559139785,0.5505952380952381,0.7088122605363985,0.7126436781609196,0.002977608325667699,0.2224807853038174,,,3.381958828000279,
drift,2.0,1,rolling_median_2gmm,tuned_global_f1,"{""window_sec"": 5.0, ""posterior"": 0.99, ""merge_gap_sec"": 0.001}",186,186,177,0.9516129032258065,0.9516129032258065,0.9516129032258065,0.978494623655914,0.009522957308758033,0.22381412701616238,,,3.0195622849996653,
drift,2.0,2,rolling_median_2gmm,default,null,211,393,206,0.976303317535545,0.5241730279898219,0.6821192052980132,0.6986754966887417,0.003212317508580434,0.20970571108205274,,,3.1798429799991936,
drift,2.0,2,rolling_median_2gmm,tuned_global_f1,"{""window_sec"": 5.0, ""posterior"": 0.99, ""merge_gap_sec"": 0.001}",211,211,200,0.9478672985781991,0.9478672985781991,0.9478672985781991,0.9810426540284362,0.008641545140537304,0.2323284118597993,,,2.78658220700072,
drift,2.0,3,rolling_median_2gmm,default,null,186,373,186,1.0,0.49865951742627346,0.6654740608228981,0.6654740608228981,0.0031911816176186025,0.2074750733997628,,,3.1674280570005067,
drift,2.0,3,rolling_median_2gmm,tuned_global_f1,"{""window_sec"": 5.0, ""posterior"": 0.99, ""merge_gap_sec"": 0.001}",186,184,180,0.967741935483871,0.9782608695652174,0.972972972972973,0.9837837837837837,0.009896260384066588,0.21254180403289358,,,2.679957788000138,
drift,2.0,4,rolling_median_2gmm,default,null,194,390,192,0.9896907216494846,0.49230769230769234,0.6575342465753425,0.6643835616438356,0.002956133610028216,0.23351832602650388,,,3.070822027999384,
drift,2.0,4,rolling_median_2gmm,tuned_global_f1,"{""window_sec"": 5.0, ""posterior"": 0.99, ""merge_gap_sec"": 0.001}",194,187,178,0.9175257731958762,0.9518716577540107,0.9343832020997375,0.9553805774278216,0.01160570108078092,0.24222473590724775,,,2.7830635050004275,
hum,0.0,0,rolling_median_2gmm,default,null,177,374,177,1.0,0.4732620320855615,0.6424682395644283,0.6424682395644283,0.0030708806484597284,0.027393616570366795,,,3.259156644000541,
hum,0.0,0,rolling_median_2gmm,tuned_global_f1,"{""window_sec"": 5.0, ""posterior"": 0.99, ""merge_gap_sec"": 0.001}",177,178,171,0.9661016949152542,0.9606741573033708,0.9633802816901408,0.9746478873239437,0.0049216090036080405,0.02811808702422347,,,3.0554566999999224,
hum,0.0,1,rolling_median_2gmm,default,null,186,297,185,0.9946236559139785,0.622895622895623,0.7660455486542445,0.7701863354037267,0.0028761375872678285,0.020712740644331613,,,3.0394657289998577,
hum,0.0,1,rolling_median_2gmm,tuned_global_f1,"{""window_sec"": 5.0, ""posterior"": 0.99, ""merge_gap_sec"": 0.001}",186,184,179,0.9623655913978495,0.9728260869565217,0.9675675675675676,0.9837837837837837,0.004755011369734957,0.02265587540360189,,,2.993856584999776,
hum,0.0,2,rolling_median_2gmm,default,null,211,373,208,0.985781990521327,0.5576407506702413,0.7123287671232877,0.7226027397260274,0.0026304352564707587,0.027369769561437822,,,3.1277085589999842,
hum,0.0,2,rolling_median_2gmm,tuned_global_f1,"{""window_sec"": 5.0, ""posterior"": 0.99, ""merge_gap_sec"": 0.001}",211,209,204,0.966824644549763,0.9760765550239234,0.9714285714285714,0.9857142857142858,0.0034574488054999533,0.025997916663469074,,,3.119396403999417,
hum,0.0,3,rolling_median_2gmm,default,null,186,343,186,1.0,0.5422740524781341,0.7032136105860113,0.7032136105860113,0.0034306478572452004,0.022574948189612684,,,3.686129370999879,
hum,0.0,3,rolling_median_2gmm,tuned_global_f1,"{""window_sec"": 5.0, ""posterior"": 0.99, ""merge_gap_sec"": 0.001}",186,183,181,0.9731182795698925,0.9890710382513661,0.981029810298103,0.986449864498645,0.003557845488197559,0.023688384152656995,,,2.9136546019999514,
hum,0.0,4,rolling_median_2gmm,default,null,194,370,192,0.9896907216494846,0.518918918918919,0.6808510638297872,0.6879432624113475,0.0031131228356598793,0.02274911696561386,,,3.0707751439995263,
hum,0.0,4,rolling_median_2gmm,tuned_global_f1,"{""window_sec"": 5.0, ""posterior"": 0.99, ""merge_gap_sec"": 0.001}",194,183,176,0.9072164948453608,0.9617486338797814,0.9336870026525198,0.9655172413793103,0.003987876612374612,0.022787858417118598,,,2.965735680999387,
hum,3.0,0,rolling_median_2gmm,default,null,177,415,176,0.9943502824858758,0.42409638554216866,0.5945945945945946,0.5979729729729729,0.0034937623450697966,0.0438802720221807,,,3.1935349089999363,
hum,3.0,0,rolling_median_2gmm,tuned_global_f1,"{""window_sec"": 5.0, ""posterior"": 0.99, ""merge_gap_sec"": 0.001}",177,183,171,0.9661016949152542,0.9344262295081968,0.95,0.961111111111111,0.0054880842669833545,0.042867481428692615,,,3.1612774730001547,
hum,3.0,1,rolling_median_2gmm,default,null,186,313,183,0.9838709677419355,0.5846645367412141,0.7334669338677354,0.7454909819639278,0.002975310213765849,0.03674302765397596,,,3.2390028390000225,
hum,3.0,1,rolling_median_2gmm,tuned_global_f1,"{""window_sec"": 5.0, ""posterior"": 0.99, ""merge_gap_sec"": 0.001}",186,183,179,0.9623655913978495,0.9781420765027322,0.9701897018970189,0.986449864498645,0.005421635191620443,0.035232471207437825,,,3.0932458289998976,
hum,3.0,2,rolling_median_2gmm,default,null,211,414,202,0.957345971563981,0.48792270531400966,0.6464,0.6752,0.002811324115707236,0.035606525749030615,,,3.199101953000536,
hum,3.0,2,rolling_median_2gmm,tuned_global_f1,"{""window_sec"": 5.0, ""posterior"": 0.99, ""merge_gap_sec"": 0.001}",211,210,204,0.966824644549763,0.9714285714285714,0.9691211401425178,0.983372921615202,0.004527697883624971,0.036645517486585795,,,3.2110001510000075,
hum,3.0,3,rolling_median_2gmm,default,null,186,392,182,0.978494623655914,0.4642857142857143,0.629757785467128,0.643598615916955,0.0037735092520956993,0.04689410298740317,,,3.338771514000655,
hum,3.0,3,rolling_median_2gmm,tuned_global_f1,"{""window_sec"": 5.0, ""posterior"": 0.99, ""merge_gap_sec"": 0.001}",186,183,181,0.9731182795698925,0.9890710382513661,0.981029810298103,0.986449864498645,0.004663517400588072,0.045642274076288555,,,2.9737841339992883,
hum,3.0,4,rolling_median_2gmm,default,null,194,421,188,0.9690721649484536,0.44655581947743467,0.6113821138211382,0.6308943089430894,0.0030795827345852945,0.038140465450228346,,,3.343527099000312,
hum,3.0,4,rolling_median_2gmm,tuned_global_f1,"{""window_sec"": 5.0, ""posterior"": 0.99, ""merge_gap_sec"": 0.001}",194,185,176,0.9072164948453608,0.9513513513513514,0.928759894459103,0.9604221635883905,0.005206238845200986,0.03798978181609182,,,3.0394225159998314,
hum,10.0,0,rolling_median_2gmm,default,null,177,751,156,0.8813559322033898,0.20772303595206393,0.33620689655172414,0.38146551724137934,0.007024379974363051,0.10724366534348581,,,3.2764011230001415,
hum,10.0,0,rolling_median_2gmm,tuned_global_f1,"{""window_sec"": 5.0, ""posterior"": 0.99, ""merge_gap_sec"": 0.001}",177,178,161,0.9096045197740112,0.9044943820224719,0.9070422535211267,0.9746478873239437,0.017120587931793146,0.09496231120877283,,,3.1028180170005726,
hum,10.0,1,rolling_median_2gmm,default,null,186,372,167,0.8978494623655914,0.4489247311827957,0.5985663082437276,0.6666666666666666,0.007462029302766781,0.11241838017737808,,,3.022080387000642,
hum,10.0,1,rolling_median_2gmm,tuned_global_f1,"{""window_sec"": 5.0, ""posterior"": 0.99, ""merge_gap_sec"": 0.001}",186,182,167,0.8978494623655914,0.9175824175824175,0.907608695652174,0.9891304347826088,0.015337312211831856,0.08829196344991082,,,3.1710350009998365,
hum,10.0,2,rolling_median_2gmm,default,null,211,544,177,0.8388625592417062,0.32536764705882354,0.4688741721854305,0.5589403973509933,0.004392475853744981,0.11422029830059822,,,3.462408086999858,
hum,10.0,2,rolling_median_2gmm,tuned_global_f1,"{""window_sec"": 5.0, ""posterior"": 0.99, ""merge_gap_sec"": 0.001}",211,208,184,0.8720379146919431,0.8846153846153846,0.8782816229116944,0.9880668257756563,0.011187255660372136,0.10729035872194548,,,3.281939553000484,
hum,10.0,3,rolling_median_2gmm,default,null,186,622,160,0.8602150537634409,0.2572347266881029,0.396039603960396,0.46039603960396047,0.0057643028565458505,0.12288859596097373,,,3.241047843999695,
hum,10.0,3,rolling_median_2gmm,tuned_global_f1,"{""window_sec"": 5.0, ""posterior"": 0.99, ""merge_gap_sec"": 0.001}",186,183,167,0.8978494623655914,0.912568306010929,0.9051490514905148,0.991869918699187,0.015015070185178454,0.11280107617676999,,,3.0757834979995096,
hum,10.0,4,rolling_median_2gmm,default,null,194,622,169,0.8711340206185567,0.2717041800643087,0.4142156862745098,0.47549019607843135,0.00675587629293506,0.1294506142356179,,,3.2187885570001527,
hum,10.0,4,rolling_median_2gmm,tuned_global_f1,"{""window_sec"": 5.0, ""posterior"": 0.99, ""merge_gap_sec"": 0.001}",194,186,170,0.8762886597938144,0.9139784946236559,0.894736842105263,0.9736842105263157,0.019036053955116726,0.11976366201481414,,,2.982325266000771,
levels,1.0,0,rolling_median_2gmm,default,null,170,175,170,1.0,0.9714285714285714,0.9855072463768115,0.9855072463768115,0.0026149950948066575,0.01989026459240944,,,3.3628939909995097,
levels,1.0,0,rolling_median_2gmm,tuned_global_f1,"{""window_sec"": 5.0, ""posterior"": 0.99, ""merge_gap_sec"": 0.001}",170,161,155,0.9117647058823529,0.9627329192546584,0.9365558912386707,0.972809667673716,0.004126182230809665,0.022839569169154455,,,3.1012944340000104,
levels,1.0,1,rolling_median_2gmm,default,null,195,199,195,1.0,0.9798994974874372,0.9898477157360407,0.9898477157360407,0.0021973914334344666,0.023597213229842023,,,3.1638934070006144,
levels,1.0,1,rolling_median_2gmm,tuned_global_f1,"{""window_sec"": 5.0, ""posterior"": 0.99, ""merge_gap_sec"": 0.001}",195,190,186,0.9538461538461539,0.9789473684210527,0.9662337662337663,0.9870129870129869,0.0029526013322514434,0.021594169960089952,,,3.149508747999789,
levels,1.0,2,rolling_median_2gmm,default,null,199,202,199,1.0,0.9851485148514851,0.9925187032418953,0.9925187032418953,0.002150841574224898,0.02643818383929369,,,3.5168862239997907,
levels,1.0,2,rolling_median_2gmm,tuned_global_f1,"{""window_sec"": 5.0, ""posterior"": 0.99, ""merge_gap_sec"": 0.001}",199,192,188,0.9447236180904522,0.9791666666666666,0.9616368286445013,0.9820971867007673,0.0033197445297952423,0.02451870159791613,,,3.100709831000131,
levels,1.0,3,rolling_median_2gmm,default,null,156,158,156,1.0,0.9873417721518988,0.9936305732484078,0.9936305732484078,0.002029920749535399,0.024189777219975755,,,3.2208186249999926,
levels,1.0,3,rolling_median_2gmm,tuned_global_f1,"{""window_sec"": 5.0, ""posterior"": 0.99, ""merge_gap_sec"": 0.001}",156,153,153,0.9807692307692307,1.0,0.9902912621359222,0.9902912621359222,0.0034727068054369796,0.02579108419872469,,,3.1128016619995833,
levels,1.0,4,rolling_median_2gmm,default,null,164,165,164,1.0,0.9939393939393939,0.9969604863221885,0.9969604863221885,0.0018312219902399075,0.022975259772504232,,,3.4421399470002143,
levels,1.0,4,rolling_median_2gmm,tuned_global_f1,"{""window_sec"": 5.0, ""posterior"": 0.99, ""merge_gap_sec"": 0.001}",164,159,157,0.9573170731707317,0.9874213836477987,0.9721362229102167,0.9845201238390092,0.0029935922748964435,0.023589610661008228,,,2.968977334000556,
levels,2.0,0,rolling_median_2gmm,default,null,182,814,182,1.0,0.22358722358722358,0.3654618473895582,0.3654618473895582,0.0022471027740215187,0.02644531248417903,,,3.3860338249996857,
levels,2.0,0,rolling_median_2gmm,tuned_global_f1,"{""window_sec"": 5.0, ""posterior"": 0.99, ""merge_gap_sec"": 0.001}",182,192,179,0.9835164835164835,0.9322916666666666,0.9572192513368983,0.9625668449197862,0.005810259705634061,0.028613052249898262,,,3.184950865999781,
levels,2.0,1,rolling_median_2gmm,default,null,171,766,171,1.0,0.22323759791122716,0.3649946638207044,0.3649946638207044,0.0026774436413237114,0.027829736031038187,,,3.478934298999775,
levels,2.0,1,rolling_median_2gmm,tuned_global_f1,"{""window_sec"": 5.0, ""posterior"": 0.99, ""merge_gap_sec"": 0.001}",171,175,164,0.9590643274853801,0.9371428571428572,0.9479768786127168,0.9595375722543353,0.006701457956173611,0.03193533453328723,,,3.4357376890002342,
levels,2.0,2,rolling_median_2gmm,default,null,193,705,193,1.0,0.27375886524822696,0.4298440979955456,0.4298440979955456,0.0027653298102108042,0.028727085141553536,,,3.3392795219997424,
levels,2.0,2,rolling_median_2gmm,tuned_global_f1,"{""window_sec"": 5.0, ""posterior"": 0.99, ""merge_gap_sec"": 0.001}",193,191,184,0.9533678756476683,0.9633507853403142,0.9583333333333333,0.9687500000000001,0.006665653634545976,0.03065461661187581,,,2.943072005000431,
levels,2.0,3,rolling_median_2gmm,default,null,160,687,160,1.0,0.2328966521106259,0.3778040141676505,0.3778040141676505,0.003616612328327617,0.027244790859019145,,,3.736182288999771,
levels,2.0,3,rolling_median_2gmm,tuned_global_f1,"{""window_sec"": 5.0, ""posterior"": 0.99, ""merge_gap_sec"": 0.001}",160,158,148,0.925,0.9367088607594937,0.9308176100628932,0.9685534591194969,0.0065929659433938935,0.02756456106001219,,,3.0880373320005674,
levels,2.0,4,rolling_median_2gmm,default,null,176,747,176,1.0,0.23560910307898258,0.3813651137594799,0.3813651137594799,0.0029915971209484326,0.026729317853556363,,,3.449343088000205,
levels,2.0,4,rolling_median_2gmm,tuned_global_f1,"{""window_sec"": 5.0, ""posterior"": 0.99, ""merge_gap_sec"": 0.001}",176,180,169,0.9602272727272727,0.9388888888888889,0.949438202247191,0.9606741573033708,0.005510405208918272,0.02741918723310578,,,3.0499335350004912,
levels,3.0,0,rolling_median_2gmm,default,null,176,608,176,1.0,0.2894736842105263,0.4489795918367347,0.4489795918367347,0.0023981953090082826,0.026656154975017485,,,3.302307531000224,
levels,3.0,0,rolling_median_2gmm,tuned_global_f1,"{""window_sec"": 5.0, ""posterior"": 0.99, ""merge_gap_sec"": 0.001}",176,179,170,0.9659090909090909,0.9497206703910615,0.9577464788732395,0.9690140845070423,0.00280765862001376,0.02987933937915184,,,3.4743621120005628,
levels,3.0,1,rolling_median_2gmm,default,null,183,559,183,1.0,0.32737030411449014,0.4932614555256064,0.4932614555256064,0.002621135327498858,0.02625448364848956,,,3.691809007000302,
levels,3.0,1,rolling_median_2gmm,tuned_global_f1,"{""window_sec"": 5.0, ""posterior"": 0.99, ""merge_gap_sec"": 0.001}",183,186,176,0.9617486338797814,0.946236559139785,0.9539295392953929,0.9701897018970189,0.003251928613988444,0.027645028393481805,,,3.2375003319993994,
levels,3.0,2,rolling_median_2gmm,default,null,201,603,199,0.9900497512437811,0.33001658374792703,0.4950248756218906,0.5,0.002723338484328584,0.03040684942227062,,,3.567151706000004,
levels,3.0,2,rolling_median_2gmm,tuned_global_f1,"{""window_sec"": 5.0, ""posterior"": 0.99, ""merge_gap_sec"": 0.001}",201,194,187,0.9303482587064676,0.9639175257731959,0.9468354430379746,0.9670886075949368,0.0027628080766655344,0.029445313866294516,,,3.214697317000173,
levels,3.0,3,rolling_median_2gmm,default,null,182,643,180,0.989010989010989,0.27993779160186627,0.4363636363636364,0.44121212121212117,0.0028130531240256294,0.027495112425360603,,,3.307999738000035,
levels,3.0,3,rolling_median_2gmm,tuned_global_f1,"{""window_sec"": 5.0, ""posterior"": 0.99, ""merge_gap_sec"": 0.001}",182,182,172,0.945054945054945,0.945054945054945,0.945054945054945,0.9725274725274725,0.0027750930142428584,0.028816376283905456,,,2.9665326580006877,
levels,3.0,4,rolling_median_2gmm,default,null,190,546,188,0.9894736842105263,0.3443223443223443,0.5108695652173912,0.5163043478260869,0.0024943129344455056,0.03039144961453494,,,3.4134502370006885,
levels,3.0,4,rolling_median_2gmm,tuned_global_f1,"{""window_sec"": 5.0, ""posterior"": 0.99, ""merge_gap_sec"": 0.001}",190,190,177,0.9315789473684211,0.9315789473684211,0.9315789473684211,0.9631578947368421,0.0030001055396282005,0.029977280871207365,,,3.206817092000165,
levels,4.0,0,rolling_median_2gmm,default,null,157,1058,155,0.9872611464968153,0.14650283553875237,0.2551440329218107,0.2584362139917696,0.13855258283691066,0.07084499164676983,,,3.333245309000631,
levels,4.0,0,rolling_median_2gmm,tuned_global_f1,"{""window_sec"": 5.0, ""posterior"": 0.99, ""merge_gap_sec"": 0.001}",157,164,151,0.9617834394904459,0.9207317073170732,0.940809968847352,0.9595015576323987,0.03759963624881341,0.040491448000169544,,,3.1550295950000873,
levels,4.0,1,rolling_median_2gmm,default,null,169,1116,167,0.9881656804733728,0.1496415770609319,0.2599221789883268,0.2630350194552529,0.1366986392375114,0.05152463647610573,,,3.282033624000178,
levels,4.0,1,rolling_median_2gmm,tuned_global_f1,"{""window_sec"": 5.0, ""posterior"": 0.99, ""merge_gap_sec"": 0.001}",169,173,161,0.9526627218934911,0.930635838150289,0.9415204678362573,0.9590643274853801,0.052414870977188825,0.03688986357546846,,,2.9452070050001566,
levels,4.0,2,rolling_median_2gmm,default,null,201,1110,201,1.0,0.1810810810810811,0.30663615560640733,0.30663615560640733,0.13394001258914845,0.05857939394461876,,,3.4738461380002263,
levels,4.0,2,rolling_median_2gmm,tuned_global_f1,"{""window_sec"": 5.0, ""posterior"": 0.99, ""merge_gap_sec"": 0.001}",201,204,196,0.9751243781094527,0.9607843137254902,0.9679012345679012,0.9728395061728394,0.04033189151625459,0.03456386869939623,,,3.1038885139996637,
levels,4.0,3,rolling_median_2gmm,default,null,183,1151,181,0.9890710382513661,0.157254561251086,0.27136431784107945,0.27436281859070466,0.1595117212176659,0.07282607541869346,,,3.3699421809997148,
levels,4.0,3,rolling_median_2gmm,tuned_global_f1,"{""window_sec"": 5.0, ""posterior"": 0.99, ""merge_gap_sec"": 0.001}",183,183,176,0.9617486338797814,0.9617486338797814,0.9617486338797814,0.9726775956284153,0.043158346325060645,0.032559849456665395,,,2.993127865000133,
levels,4.0,4,rolling_median_2gmm,default,null,184,1165,182,0.9891304347826086,0.15622317596566523,0.26982950333580435,0.27279466271312086,0.14024534127197272,0.06034341680693905,,,3.559023432999311,
levels,4.0,4,rolling_median_2gmm,tuned_global_f1,"{""window_sec"": 5.0, ""posterior"": 0.99, ""merge_gap_sec"": 0.001}",184,180,170,0.9239130434782609,0.9444444444444444,0.934065934065934,0.956043956043956,0.06314718387592917,0.03826050331253825,,,3.1764753850002307,
