axis,value,seed,method,config,params,n_true,n_detected,tp,recall,precision,f1,f1_any,dwell_err,depth_err,level_acc,bound_err_us,runtime_s,error
snr,2.0,100,nano_ext[dpgmm],0,"{""threshold_method"": ""dpgmm"", ""sublevel_method"": ""dpgmm"", ""min_event_duration_sec"": null, ""filter_cutoff"": 10000.0}",162,17,5,0.030864197530864196,0.29411764705882354,0.0558659217877095,0.1787709497206704,0.1865819470412917,0.2185630798339845,0.8,,7.513420120999967,
snr,2.0,100,nano_ext[dpgmm],1,"{""threshold_method"": ""dpgmm"", ""sublevel_method"": ""dpgmm"", ""min_event_duration_sec"": null, ""filter_cutoff"": null}",162,0,0,0.0,0.0,0.0,0.0,,,,,4.177259483000057,
snr,2.0,100,nano_ext[dpgmm],2,"{""threshold_method"": ""dpgmm"", ""sublevel_method"": ""dpgmm"", ""min_event_duration_sec"": null, ""filter_cutoff"": 60000.0}",162,0,0,0.0,0.0,0.0,0.0,,,,,4.801775308999936,
snr,2.0,100,nano_ext[dpgmm],3,"{""threshold_method"": ""dpgmm"", ""sublevel_method"": ""dpgmm"", ""min_event_duration_sec"": 1e-05, ""filter_cutoff"": 10000.0}",162,216,11,0.06790123456790123,0.05092592592592592,0.05820105820105819,0.6772486772486772,0.3310562675788541,0.2185630798339845,0.8181818181818182,,4.53728764899995,
snr,2.0,100,nano_ext[dpgmm],4,"{""threshold_method"": ""dpgmm"", ""sublevel_method"": ""dpgmm"", ""min_event_duration_sec"": 1e-05, ""filter_cutoff"": null}",162,22,0,0.0,0.0,0.0,0.21739130434782608,,,,,4.421656591999977,
snr,2.0,100,nano_ext[dpgmm],5,"{""threshold_method"": ""dpgmm"", ""sublevel_method"": ""dpgmm"", ""min_event_duration_sec"": 1e-05, ""filter_cutoff"": 60000.0}",162,9,0,0.0,0.0,0.0,0.10526315789473684,,,,,4.856046667999976,
snr,2.0,100,nano_ext[dpgmm],6,"{""threshold_method"": ""dpgmm"", ""sublevel_method"": ""dpgmm"", ""min_event_duration_sec"": 3e-05, ""filter_cutoff"": 10000.0}",162,193,11,0.06790123456790123,0.05699481865284974,0.06197183098591549,0.6591549295774648,0.3310562675788541,0.2185630798339845,0.8181818181818182,,4.400116552999975,
snr,2.0,100,nano_ext[dpgmm],7,"{""threshold_method"": ""dpgmm"", ""sublevel_method"": ""dpgmm"", ""min_event_duration_sec"": 3e-05, ""filter_cutoff"": null}",162,5,0,0.0,0.0,0.0,0.059880239520958084,,,,,4.360850503999927,
snr,2.0,100,nano_ext[dpgmm],8,"{""threshold_method"": ""dpgmm"", ""sublevel_method"": ""dpgmm"", ""min_event_duration_sec"": 3e-05, ""filter_cutoff"": 60000.0}",162,0,0,0.0,0.0,0.0,0.0,,,,,4.592866111999911,
snr,2.0,100,nano_ext[dpgmm],9,"{""threshold_method"": ""dpgmm"", ""sublevel_method"": ""dpgmm"", ""min_event_duration_sec"": 0.0001, ""filter_cutoff"": 10000.0}",162,98,11,0.06790123456790123,0.11224489795918367,0.08461538461538462,0.5307692307692308,0.3310562675788541,0.2185630798339845,0.8181818181818182,,4.314634460000093,
snr,2.0,100,nano_ext[dpgmm],10,"{""threshold_method"": ""dpgmm"", ""sublevel_method"": ""dpgmm"", ""min_event_duration_sec"": 0.0001, ""filter_cutoff"": null}",162,0,0,0.0,0.0,0.0,0.0,,,,,4.822059522000018,
snr,2.0,100,nano_ext[dpgmm],11,"{""threshold_method"": ""dpgmm"", ""sublevel_method"": ""dpgmm"", ""min_event_duration_sec"": 0.0001, ""filter_cutoff"": 60000.0}",162,0,0,0.0,0.0,0.0,0.0,,,,,4.927997665000021,
snr,2.0,101,nano_ext[dpgmm],0,"{""threshold_method"": ""dpgmm"", ""sublevel_method"": ""dpgmm"", ""min_event_duration_sec"": null, ""filter_cutoff"": 10000.0}",180,14,10,0.05555555555555555,0.7142857142857143,0.10309278350515463,0.1443298969072165,0.38255479138856463,0.2839930216471354,0.8,,7.590186351000057,
snr,2.0,101,nano_ext[dpgmm],1,"{""threshold_method"": ""dpgmm"", ""sublevel_method"": ""dpgmm"", ""min_event_duration_sec"": null, ""filter_cutoff"": null}",180,0,0,0.0,0.0,0.0,0.0,,,,,4.208543988999963,
snr,2.0,101,nano_ext[dpgmm],2,"{""threshold_method"": ""dpgmm"", ""sublevel_method"": ""dpgmm"", ""min_event_duration_sec"": null, ""filter_cutoff"": 60000.0}",180,0,0,0.0,0.0,0.0,0.0,,,,,4.886698733999992,
snr,2.0,101,nano_ext[dpgmm],3,"{""threshold_method"": ""dpgmm"", ""sublevel_method"": ""dpgmm"", ""min_event_duration_sec"": 1e-05, ""filter_cutoff"": 10000.0}",180,213,15,0.08333333333333333,0.07042253521126761,0.07633587786259542,0.712468193384224,0.4053929333154588,0.23982518513997395,0.8666666666666667,,4.952902337999944,
snr,2.0,101,nano_ext[dpgmm],4,"{""threshold_method"": ""dpgmm"", ""sublevel_method"": ""dpgmm"", ""min_event_duration_sec"": 1e-05, ""filter_cutoff"": null}",180,20,0,0.0,0.0,0.0,0.18000000000000002,,,,,4.215603290000104,
snr,2.0,101,nano_ext[dpgmm],5,"{""threshold_method"": ""dpgmm"", ""sublevel_method"": ""dpgmm"", ""min_event_duration_sec"": 1e-05, ""filter_cutoff"": 60000.0}",180,8,0,0.0,0.0,0.0,0.07446808510638299,,,,,4.509133649999967,
snr,2.0,101,nano_ext[dpgmm],6,"{""threshold_method"": ""dpgmm"", ""sublevel_method"": ""dpgmm"", ""min_event_duration_sec"": 3e-05, ""filter_cutoff"": 10000.0}",180,197,15,0.08333333333333333,0.07614213197969544,0.07957559681697614,0.6949602122015915,0.4053929333154588,0.23982518513997395,0.8666666666666667,,4.368021849000002,
snr,2.0,101,nano_ext[dpgmm],7,"{""threshold_method"": ""dpgmm"", ""sublevel_method"": ""dpgmm"", ""min_event_duration_sec"": 3e-05, ""filter_cutoff"": null}",180,2,0,0.0,0.0,0.0,0.02197802197802198,,,,,4.408532484000034,
snr,2.0,101,nano_ext[dpgmm],8,"{""threshold_method"": ""dpgmm"", ""sublevel_method"": ""dpgmm"", ""min_event_duration_sec"": 3e-05, ""filter_cutoff"": 60000.0}",180,0,0,0.0,0.0,0.0,0.0,,,,,4.541006382999967,
snr,2.0,101,nano_ext[dpgmm],9,"{""threshold_method"": ""dpgmm"", ""sublevel_method"": ""dpgmm"", ""min_event_duration_sec"": 0.0001, ""filter_cutoff"": 10000.0}",180,100,15,0.08333333333333333,0.15,0.10714285714285714,0.5642857142857143,0.4053929333154588,0.23982518513997395,0.8666666666666667,,4.4080784720000565,
snr,2.0,101,nano_ext[dpgmm],10,"{""threshold_method"": ""dpgmm"", ""sublevel_method"": ""dpgmm"", ""min_event_duration_sec"": 0.0001, ""filter_cutoff"": null}",180,0,0,0.0,0.0,0.0,0.0,,,,,4.779034936000016,
snr,2.0,101,nano_ext[dpgmm],11,"{""threshold_method"": ""dpgmm"", ""sublevel_method"": ""dpgmm"", ""min_event_duration_sec"": 0.0001, ""filter_cutoff"": 60000.0}",180,0,0,0.0,0.0,0.0,0.0,,,,,4.508018290999985,
snr,3.0,100,nano_ext[dpgmm],0,"{""threshold_method"": ""dpgmm"", ""sublevel_method"": ""dpgmm"", ""min_event_duration_sec"": null, ""filter_cutoff"": 10000.0}",162,92,83,0.5123456790123457,0.9021739130434783,0.6535433070866142,0.7165354330708662,0.07505494357827633,0.07785110473632813,0.7108433734939759,,8.228701297999919,
snr,3.0,100,nano_ext[dpgmm],1,"{""threshold_method"": ""dpgmm"", ""sublevel_method"": ""dpgmm"", ""min_event_duration_sec"": null, ""filter_cutoff"": null}",162,0,0,0.0,0.0,0.0,0.0,,,,,4.475375870999983,
snr,3.0,100,nano_ext[dpgmm],2,"{""threshold_method"": ""dpgmm"", ""sublevel_method"": ""dpgmm"", ""min_event_duration_sec"": null, ""filter_cutoff"": 60000.0}",162,0,0,0.0,0.0,0.0,0.0,,,,,4.617145887999982,
snr,3.0,100,nano_ext[dpgmm],3,"{""threshold_method"": ""dpgmm"", ""sublevel_method"": ""dpgmm"", ""min_event_duration_sec"": 1e-05, ""filter_cutoff"": 10000.0}",162,187,118,0.7283950617283951,0.6310160427807486,0.6762177650429799,0.9283667621776505,0.16357038192169082,0.07776304880777989,0.6440677966101694,,5.530711596999936,
snr,3.0,100,nano_ext[dpgmm],4,"{""threshold_method"": ""dpgmm"", ""sublevel_method"": ""dpgmm"", ""min_event_duration_sec"": 1e-05, ""filter_cutoff"": null}",162,127,0,0.0,0.0,0.0,0.5397923875432526,,,,,4.398080735000008,
snr,3.0,100,nano_ext[dpgmm],5,"{""threshold_method"": ""dpgmm"", ""sublevel_method"": ""dpgmm"", ""min_event_duration_sec"": 1e-05, ""filter_cutoff"": 60000.0}",162,51,0,0.0,0.0,0.0,0.3568075117370892,,,,,4.549620548000007,
snr,3.0,100,nano_ext[dpgmm],6,"{""threshold_method"": ""dpgmm"", ""sublevel_method"": ""dpgmm"", ""min_event_duration_sec"": 3e-05, ""filter_cutoff"": 10000.0}",162,183,118,0.7283950617283951,0.644808743169399,0.6840579710144928,0.9391304347826086,0.16357038192169082,0.07776304880777989,0.6440677966101694,,5.157285120999973,
snr,3.0,100,nano_ext[dpgmm],7,"{""threshold_method"": ""dpgmm"", ""sublevel_method"": ""dpgmm"", ""min_event_duration_sec"": 3e-05, ""filter_cutoff"": null}",162,33,0,0.0,0.0,0.0,0.2974358974358974,,,,,4.095753474000048,
snr,3.0,100,nano_ext[dpgmm],8,"{""threshold_method"": ""dpgmm"", ""sublevel_method"": ""dpgmm"", ""min_event_duration_sec"": 3e-05, ""filter_cutoff"": 60000.0}",162,0,0,0.0,0.0,0.0,0.0,,,,,4.682733478000046,
snr,3.0,100,nano_ext[dpgmm],9,"{""threshold_method"": ""dpgmm"", ""sublevel_method"": ""dpgmm"", ""min_event_duration_sec"": 0.0001, ""filter_cutoff"": 10000.0}",162,167,118,0.7283950617283951,0.7065868263473054,0.7173252279635258,0.972644376899696,0.16357038192169082,0.07776304880777989,0.6440677966101694,,5.228122945999985,
snr,3.0,100,nano_ext[dpgmm],10,"{""threshold_method"": ""dpgmm"", ""sublevel_method"": ""dpgmm"", ""min_event_duration_sec"": 0.0001, ""filter_cutoff"": null}",162,6,0,0.0,0.0,0.0,0.07142857142857142,,,,,4.616418002000046,
snr,3.0,100,nano_ext[dpgmm],11,"{""threshold_method"": ""dpgmm"", ""sublevel_method"": ""dpgmm"", ""min_event_duration_sec"": 0.0001, ""filter_cutoff"": 60000.0}",162,0,0,0.0,0.0,0.0,0.0,,,,,5.126226600999985,
snr,3.0,101,nano_ext[dpgmm],0,"{""threshold_method"": ""dpgmm"", ""sublevel_method"": ""dpgmm"", ""min_event_duration_sec"": null, ""filter_cutoff"": 10000.0}",180,103,91,0.5055555555555555,0.883495145631068,0.6431095406360424,0.7279151943462897,0.08253049007034616,0.061229769388834634,0.7912087912087912,,8.151925734999963,
snr,3.0,101,nano_ext[dpgmm],1,"{""threshold_method"": ""dpgmm"", ""sublevel_method"": ""dpgmm"", ""min_event_duration_sec"": null, ""filter_cutoff"": null}",180,0,0,0.0,0.0,0.0,0.0,,,,,4.488631062000081,
snr,3.0,101,nano_ext[dpgmm],2,"{""threshold_method"": ""dpgmm"", ""sublevel_method"": ""dpgmm"", ""min_event_duration_sec"": null, ""filter_cutoff"": 60000.0}",180,0,0,0.0,0.0,0.0,0.0,,,,,4.684717225999975,
snr,3.0,101,nano_ext[dpgmm],3,"{""threshold_method"": ""dpgmm"", ""sublevel_method"": ""dpgmm"", ""min_event_duration_sec"": 1e-05, ""filter_cutoff"": 10000.0}",180,208,117,0.65,0.5625,0.6030927835051547,0.9123711340206185,0.11319768532353372,0.06519082387288412,0.7094017094017094,,5.373641763000023,
snr,3.0,101,nano_ext[dpgmm],4,"{""threshold_method"": ""dpgmm"", ""sublevel_method"": ""dpgmm"", ""min_event_duration_sec"": 1e-05, ""filter_cutoff"": null}",180,83,0,0.0,0.0,0.0,0.42585551330798477,,,,,4.588934289000008,
snr,3.0,101,nano_ext[dpgmm],5,"{""threshold_method"": ""dpgmm"", ""sublevel_method"": ""dpgmm"", ""min_event_duration_sec"": 1e-05, ""filter_cutoff"": 60000.0}",180,44,0,0.0,0.0,0.0,0.32142857142857145,,,,,4.539430207000009,
snr,3.0,101,nano_ext[dpgmm],6,"{""threshold_method"": ""dpgmm"", ""sublevel_method"": ""dpgmm"", ""min_event_duration_sec"": 3e-05, ""filter_cutoff"": 10000.0}",180,203,117,0.65,0.5763546798029556,0.6109660574412533,0.9190600522193212,0.11319768532353372,0.06519082387288412,0.7094017094017094,,4.971259920999955,
snr,3.0,101,nano_ext[dpgmm],7,"{""threshold_method"": ""dpgmm"", ""sublevel_method"": ""dpgmm"", ""min_event_duration_sec"": 3e-05, ""filter_cutoff"": null}",180,19,0,0.0,0.0,0.0,0.18090452261306533,,,,,4.055700935999994,
snr,3.0,101,nano_ext[dpgmm],8,"{""threshold_method"": ""dpgmm"", ""sublevel_method"": ""dpgmm"", ""min_event_duration_sec"": 3e-05, ""filter_cutoff"": 60000.0}",180,1,0,0.0,0.0,0.0,0.011049723756906079,,,,,4.520194450000076,
snr,3.0,101,nano_ext[dpgmm],9,"{""threshold_method"": ""dpgmm"", ""sublevel_method"": ""dpgmm"", ""min_event_duration_sec"": 0.0001, ""filter_cutoff"": 10000.0}",180,179,117,0.65,0.6536312849162011,0.6518105849582173,0.9526462395543176,0.11319768532353372,0.06519082387288412,0.7094017094017094,,5.167691310999999,
snr,3.0,101,nano_ext[dpgmm],10,"{""threshold_method"": ""dpgmm"", ""sublevel_method"": ""dpgmm"", ""min_event_duration_sec"": 0.0001, ""filter_cutoff"": null}",180,0,0,0.0,0.0,0.0,0.0,,,,,4.805047011000056,
snr,3.0,101,nano_ext[dpgmm],11,"{""threshold_method"": ""dpgmm"", ""sublevel_method"": ""dpgmm"", ""min_event_duration_sec"": 0.0001, ""filter_cutoff"": 60000.0}",180,0,0,0.0,0.0,0.0,0.0,,,,,5.01817675999996,
snr,5.0,100,nano_ext[dpgmm],0,"{""threshold_method"": ""dpgmm"", ""sublevel_method"": ""dpgmm"", ""min_event_duration_sec"": null, ""filter_cutoff"": 10000.0}",162,137,137,0.845679012345679,1.0,0.9163879598662207,0.9163879598662207,0.011612517054447968,0.04794146219889323,0.5401459854014599,18.745008843135125,5.932239417999995,
snr,5.0,100,nano_ext[dpgmm],1,"{""threshold_method"": ""dpgmm"", ""sublevel_method"": ""dpgmm"", ""min_event_duration_sec"": null, ""filter_cutoff"": null}",162,170,140,0.8641975308641975,0.8235294117647058,0.8433734939759034,0.9518072289156626,0.019373342699924353,0.06621465125284712,0.5857142857142857,3.5979177708256316,7.083164677000013,
snr,5.0,100,nano_ext[dpgmm],2,"{""threshold_method"": ""dpgmm"", ""sublevel_method"": ""dpgmm"", ""min_event_duration_sec"": null, ""filter_cutoff"": 60000.0}",162,338,51,0.3148148148148148,0.15088757396449703,0.20400000000000001,0.64,0.3754941741500998,0.07692311604817709,0.6470588235294118,,6.352087863999941,
snr,5.0,100,nano_ext[dpgmm],3,"{""threshold_method"": ""dpgmm"", ""sublevel_method"": ""dpgmm"", ""min_event_duration_sec"": 1e-05, ""filter_cutoff"": 10000.0}",162,162,162,1.0,1.0,1.0,1.0,0.014084516739801992,0.04897805480868182,0.5308641975308642,18.745008843135125,5.639959384999997,
snr,5.0,100,nano_ext[dpgmm],4,"{""threshold_method"": ""dpgmm"", ""sublevel_method"": ""dpgmm"", ""min_event_duration_sec"": 1e-05, ""filter_cutoff"": null}",162,269,142,0.8765432098765432,0.5278810408921933,0.6589327146171694,0.751740139211137,0.019917106309513495,0.06508138360566729,0.5845070422535211,3.5979177708256316,7.3207067910000205,
snr,5.0,100,nano_ext[dpgmm],5,"{""threshold_method"": ""dpgmm"", ""sublevel_method"": ""dpgmm"", ""min_event_duration_sec"": 1e-05, ""filter_cutoff"": 60000.0}",162,631,51,0.3148148148148148,0.08082408874801902,0.128625472887768,0.4085750315258512,0.3754941741500998,0.07692311604817709,0.6470588235294118,,6.285046259000069,
snr,5.0,100,nano_ext[dpgmm],6,"{""threshold_method"": ""dpgmm"", ""sublevel_method"": ""dpgmm"", ""min_event_duration_sec"": 3e-05, ""filter_cutoff"": 10000.0}",162,162,162,1.0,1.0,1.0,1.0,0.014084516739801992,0.04897805480868182,0.5308641975308642,18.745008843135125,5.733035470999994,
snr,5.0,100,nano_ext[dpgmm],7,"{""threshold_method"": ""dpgmm"", ""sublevel_method"": ""dpgmm"", ""min_event_duration_sec"": 3e-05, ""filter_cutoff"": null}",162,232,142,0.8765432098765432,0.6120689655172413,0.7208121827411166,0.8223350253807107,0.019917106309513495,0.06508138360566729,0.5845070422535211,3.5979177708256316,7.622974482000018,
snr,5.0,100,nano_ext[dpgmm],8,"{""threshold_method"": ""dpgmm"", ""sublevel_method"": ""dpgmm"", ""min_event_duration_sec"": 3e-05, ""filter_cutoff"": 60000.0}",162,469,51,0.3148148148148148,0.10874200426439233,0.16164817749603802,0.5134706814580031,0.3754941741500998,0.07692311604817709,0.6470588235294118,,6.643146510999941,
snr,5.0,100,nano_ext[dpgmm],9,"{""threshold_method"": ""dpgmm"", ""sublevel_method"": ""dpgmm"", ""min_event_duration_sec"": 0.0001, ""filter_cutoff"": 10000.0}",162,162,162,1.0,1.0,1.0,1.0,0.014084516739801992,0.04897805480868182,0.5308641975308642,18.745008843135125,5.950817815999926,
snr,5.0,100,nano_ext[dpgmm],10,"{""threshold_method"": ""dpgmm"", ""sublevel_method"": ""dpgmm"", ""min_event_duration_sec"": 0.0001, ""filter_cutoff"": null}",162,188,142,0.8765432098765432,0.7553191489361702,0.8114285714285715,0.9257142857142857,0.019917106309513495,0.06508138360566729,0.5845070422535211,3.5979177708256316,6.823932333999892,
snr,5.0,100,nano_ext[dpgmm],11,"{""threshold_method"": ""dpgmm"", ""sublevel_method"": ""dpgmm"", ""min_event_duration_sec"": 0.0001, ""filter_cutoff"": 60000.0}",162,299,51,0.3148148148148148,0.1705685618729097,0.22125813449023862,0.6811279826464208,0.3754941741500998,0.07692311604817709,0.6470588235294118,,6.7507446469999195,
snr,5.0,101,nano_ext[dpgmm],0,"{""threshold_method"": ""dpgmm"", ""sublevel_method"": ""dpgmm"", ""min_event_duration_sec"": null, ""filter_cutoff"": 10000.0}",180,156,156,0.8666666666666667,1.0,0.9285714285714286,0.9285714285714286,0.012675223017543202,0.04628927609609551,0.6410256410256411,11.914468363460884,5.880806568000025,
snr,5.0,101,nano_ext[dpgmm],1,"{""threshold_method"": ""dpgmm"", ""sublevel_method"": ""dpgmm"", ""min_event_duration_sec"": null, ""filter_cutoff"": null}",180,193,150,0.8333333333333334,0.7772020725388601,0.8042895442359249,0.9436997319034852,0.019805480564625364,0.05703550974527995,0.6133333333333333,0.19965085096274038,6.902587543999971,
snr,5.0,101,nano_ext[dpgmm],2,"{""threshold_method"": ""dpgmm"", ""sublevel_method"": ""dpgmm"", ""min_event_duration_sec"": null, ""filter_cutoff"": 60000.0}",180,385,47,0.2611111111111111,0.12207792207792208,0.1663716814159292,0.6123893805309735,0.3403577853966759,0.06637732187906902,0.8936170212765957,,6.098724626000035,
snr,5.0,101,nano_ext[dpgmm],3,"{""threshold_method"": ""dpgmm"", ""sublevel_method"": ""dpgmm"", ""min_event_duration_sec"": 1e-05, ""filter_cutoff"": 10000.0}",180,180,180,1.0,1.0,1.0,1.0,0.014254005721075576,0.04746503829956049,0.6111111111111112,11.914468363460884,5.50786998500007,
snr,5.0,101,nano_ext[dpgmm],4,"{""threshold_method"": ""dpgmm"", ""sublevel_method"": ""dpgmm"", ""min_event_duration_sec"": 1e-05, ""filter_cutoff"": null}",180,329,150,0.8333333333333334,0.45592705167173253,0.5893909626719057,0.7072691552062869,0.019805480564625364,0.05703550974527995,0.6133333333333333,0.19965085096274038,7.417441860000054,
snr,5.0,101,nano_ext[dpgmm],5,"{""threshold_method"": ""dpgmm"", ""sublevel_method"": ""dpgmm"", ""min_event_duration_sec"": 1e-05, ""filter_cutoff"": 60000.0}",180,744,47,0.2611111111111111,0.06317204301075269,0.10173160173160174,0.38961038961038963,0.3403577853966759,0.06637732187906902,0.8936170212765957,,5.95605849399999,
snr,5.0,101,nano_ext[dpgmm],6,"{""threshold_method"": ""dpgmm"", ""sublevel_method"": ""dpgmm"", ""min_event_duration_sec"": 3e-05, ""filter_cutoff"": 10000.0}",180,180,180,1.0,1.0,1.0,1.0,0.014254005721075576,0.04746503829956049,0.6111111111111112,11.914468363460884,5.917406441999901,
snr,5.0,101,nano_ext[dpgmm],7,"{""threshold_method"": ""dpgmm"", ""sublevel_method"": ""dpgmm"", ""min_event_duration_sec"": 3e-05, ""filter_cutoff"": null}",180,294,150,0.8333333333333334,0.5102040816326531,0.6329113924050633,0.759493670886076,0.019805480564625364,0.05703550974527995,0.6133333333333333,0.19965085096274038,7.460262279000062,
snr,5.0,101,nano_ext[dpgmm],8,"{""threshold_method"": ""dpgmm"", ""sublevel_method"": ""dpgmm"", ""min_event_duration_sec"": 3e-05, ""filter_cutoff"": 60000.0}",180,547,47,0.2611111111111111,0.08592321755027423,0.12929848693259974,0.4924346629986245,0.3403577853966759,0.06637732187906902,0.8936170212765957,,6.311012040999913,
snr,5.0,101,nano_ext[dpgmm],9,"{""threshold_method"": ""dpgmm"", ""sublevel_method"": ""dpgmm"", ""min_event_duration_sec"": 0.0001, ""filter_cutoff"": 10000.0}",180,180,180,1.0,1.0,1.0,1.0,0.014254005721075576,0.04746503829956049,0.6111111111111112,11.914468363460884,6.156858892999935,
snr,5.0,101,nano_ext[dpgmm],10,"{""threshold_method"": ""dpgmm"", ""sublevel_method"": ""dpgmm"", ""min_event_duration_sec"": 0.0001, ""filter_cutoff"": null}",180,235,150,0.8333333333333334,0.6382978723404256,0.7228915662650603,0.8626506024096385,0.019805480564625364,0.05703550974527995,0.6133333333333333,0.19965085096274038,6.726112410000042,
snr,5.0,101,nano_ext[dpgmm],11,"{""threshold_method"": ""dpgmm"", ""sublevel_method"": ""dpgmm"", ""min_event_duration_sec"": 0.0001, ""filter_cutoff"": 60000.0}",180,339,47,0.2611111111111111,0.13864306784660768,0.1811175337186898,0.6435452793834298,0.3403577853966759,0.06637732187906902,0.8936170212765957,,6.055147502999944,
snr,8.0,100,nano_ext[dpgmm],0,"{""threshold_method"": ""dpgmm"", ""sublevel_method"": ""dpgmm"", ""min_event_duration_sec"": null, ""filter_cutoff"": 10000.0}",162,148,148,0.9135802469135802,1.0,0.9548387096774192,0.9548387096774192,0.022564154945385516,0.04357013702392584,0.5878378378378378,11.627479139075803,5.758382580999978,
snr,8.0,100,nano_ext[dpgmm],1,"{""threshold_method"": ""dpgmm"", ""sublevel_method"": ""dpgmm"", ""min_event_duration_sec"": null, ""filter_cutoff"": null}",162,162,162,1.0,1.0,1.0,1.0,0.005353488445484939,0.030903943379719995,0.7098765432098766,3.8557140485950825,7.280303613000001,
snr,8.0,100,nano_ext[dpgmm],2,"{""threshold_method"": ""dpgmm"", ""sublevel_method"": ""dpgmm"", ""min_event_duration_sec"": null, ""filter_cutoff"": 60000.0}",162,224,152,0.9382716049382716,0.6785714285714286,0.7875647668393783,0.839378238341969,0.00715817237543974,0.03994503552717618,0.631578947368421,2.1724612345591643,11.602171280000107,
snr,8.0,100,nano_ext[dpgmm],3,"{""threshold_method"": ""dpgmm"", ""sublevel_method"": ""dpgmm"", ""min_event_duration_sec"": 1e-05, ""filter_cutoff"": 10000.0}",162,162,162,1.0,1.0,1.0,1.0,0.023618569936433735,0.04653161366780599,0.5864197530864198,11.627479139075803,5.695007392999969,
snr,8.0,100,nano_ext[dpgmm],4,"{""threshold_method"": ""dpgmm"", ""sublevel_method"": ""dpgmm"", ""min_event_duration_sec"": 1e-05, ""filter_cutoff"": null}",162,162,162,1.0,1.0,1.0,1.0,0.005353488445484939,0.030903943379719995,0.7098765432098766,3.8557140485950825,6.887813407999943,
snr,8.0,100,nano_ext[dpgmm],5,"{""threshold_method"": ""dpgmm"", ""sublevel_method"": ""dpgmm"", ""min_event_duration_sec"": 1e-05, ""filter_cutoff"": 60000.0}",162,295,152,0.9382716049382716,0.5152542372881356,0.6652078774617067,0.7089715536105032,0.00715817237543974,0.03994503552717618,0.631578947368421,2.1724612345591643,12.312288091000028,
snr,8.0,100,nano_ext[dpgmm],6,"{""threshold_method"": ""dpgmm"", ""sublevel_method"": ""dpgmm"", ""min_event_duration_sec"": 3e-05, ""filter_cutoff"": 10000.0}",162,162,162,1.0,1.0,1.0,1.0,0.023618569936433735,0.04653161366780599,0.5864197530864198,11.627479139075803,5.730469383999889,
snr,8.0,100,nano_ext[dpgmm],7,"{""threshold_method"": ""dpgmm"", ""sublevel_method"": ""dpgmm"", ""min_event_duration_sec"": 3e-05, ""filter_cutoff"": null}",162,162,162,1.0,1.0,1.0,1.0,0.005353488445484939,0.030903943379719995,0.7098765432098766,3.8557140485950825,7.717470108000043,
snr,8.0,100,nano_ext[dpgmm],8,"{""threshold_method"": ""dpgmm"", ""sublevel_method"": ""dpgmm"", ""min_event_duration_sec"": 3e-05, ""filter_cutoff"": 60000.0}",162,272,152,0.9382716049382716,0.5588235294117647,0.7004608294930875,0.7465437788018433,0.00715817237543974,0.03994503552717618,0.631578947368421,2.1724612345591643,11.72679680400006,
snr,8.0,100,nano_ext[dpgmm],9,"{""threshold_method"": ""dpgmm"", ""sublevel_method"": ""dpgmm"", ""min_event_duration_sec"": 0.0001, ""filter_cutoff"": 10000.0}",162,162,162,1.0,1.0,1.0,1.0,0.023618569936433735,0.04653161366780599,0.5864197530864198,11.627479139075803,5.468979576000038,
snr,8.0,100,nano_ext[dpgmm],10,"{""threshold_method"": ""dpgmm"", ""sublevel_method"": ""dpgmm"", ""min_event_duration_sec"": 0.0001, ""filter_cutoff"": null}",162,162,162,1.0,1.0,1.0,1.0,0.005353488445484939,0.030903943379719995,0.7098765432098766,3.8557140485950825,7.769686527999966,
snr,8.0,100,nano_ext[dpgmm],11,"{""threshold_method"": ""dpgmm"", ""sublevel_method"": ""dpgmm"", ""min_event_duration_sec"": 0.0001, ""filter_cutoff"": 60000.0}",162,213,152,0.9382716049382716,0.7136150234741784,0.8106666666666666,0.864,0.00715817237543974,0.03994503552717618,0.631578947368421,2.1724612345591643,11.40197749899994,
snr,8.0,101,nano_ext[dpgmm],0,"{""threshold_method"": ""dpgmm"", ""sublevel_method"": ""dpgmm"", ""min_event_duration_sec"": null, ""filter_cutoff"": 10000.0}",180,159,159,0.8833333333333333,1.0,0.9380530973451328,0.9380530973451328,0.024867106039948128,0.04722805023193359,0.6981132075471698,8.508467011697496,5.822920920000001,
snr,8.0,101,nano_ext[dpgmm],1,"{""threshold_method"": ""dpgmm"", ""sublevel_method"": ""dpgmm"", ""min_event_duration_sec"": null, ""filter_cutoff"": null}",180,180,180,1.0,1.0,1.0,1.0,0.004875773911005353,0.029961261569721384,0.7611111111111111,5.207602545478918,7.694672390000051,
snr,8.0,101,nano_ext[dpgmm],2,"{""threshold_method"": ""dpgmm"", ""sublevel_method"": ""dpgmm"", ""min_event_duration_sec"": null, ""filter_cutoff"": 60000.0}",180,282,161,0.8944444444444445,0.5709219858156028,0.6969696969696969,0.7792207792207793,0.005891310386578471,0.03685086568196615,0.6521739130434783,4.558058566583867,11.969333428000027,
snr,8.0,101,nano_ext[dpgmm],3,"{""threshold_method"": ""dpgmm"", ""sublevel_method"": ""dpgmm"", ""min_event_duration_sec"": 1e-05, ""filter_cutoff"": 10000.0}",180,180,180,1.0,1.0,1.0,1.0,0.025725512167974772,0.05264088312784831,0.6722222222222223,8.508467011697496,5.471881228000029,
snr,8.0,101,nano_ext[dpgmm],4,"{""threshold_method"": ""dpgmm"", ""sublevel_method"": ""dpgmm"", ""min_event_duration_sec"": 1e-05, ""filter_cutoff"": null}",180,180,180,1.0,1.0,1.0,1.0,0.004875773911005353,0.029961261569721384,0.7611111111111111,5.207602545478918,7.3819014519999655,
snr,8.0,101,nano_ext[dpgmm],5,"{""threshold_method"": ""dpgmm"", ""sublevel_method"": ""dpgmm"", ""min_event_duration_sec"": 1e-05, ""filter_cutoff"": 60000.0}",180,364,161,0.8944444444444445,0.4423076923076923,0.5919117647058822,0.6617647058823529,0.005891310386578471,0.03685086568196615,0.6521739130434783,4.558058566583867,12.804815083999983,
snr,8.0,101,nano_ext[dpgmm],6,"{""threshold_method"": ""dpgmm"", ""sublevel_method"": ""dpgmm"", ""min_event_duration_sec"": 3e-05, ""filter_cutoff"": 10000.0}",180,180,180,1.0,1.0,1.0,1.0,0.025725512167974772,0.05264088312784831,0.6722222222222223,8.508467011697496,5.879626410000128,
snr,8.0,101,nano_ext[dpgmm],7,"{""threshold_method"": ""dpgmm"", ""sublevel_method"": ""dpgmm"", ""min_event_duration_sec"": 3e-05, ""filter_cutoff"": null}",180,180,180,1.0,1.0,1.0,1.0,0.004875773911005353,0.029961261569721384,0.7611111111111111,5.207602545478918,7.677689812000153,
snr,8.0,101,nano_ext[dpgmm],8,"{""threshold_method"": ""dpgmm"", ""sublevel_method"": ""dpgmm"", ""min_event_duration_sec"": 3e-05, ""filter_cutoff"": 60000.0}",180,334,161,0.8944444444444445,0.4820359281437126,0.6264591439688716,0.7003891050583658,0.005891310386578471,0.03685086568196615,0.6521739130434783,4.558058566583867,11.90836559599984,
snr,8.0,101,nano_ext[dpgmm],9,"{""threshold_method"": ""dpgmm"", ""sublevel_method"": ""dpgmm"", ""min_event_duration_sec"": 0.0001, ""filter_cutoff"": 10000.0}",180,180,180,1.0,1.0,1.0,1.0,0.025725512167974772,0.05264088312784831,0.6722222222222223,8.508467011697496,5.4653532909999285,
snr,8.0,101,nano_ext[dpgmm],10,"{""threshold_method"": ""dpgmm"", ""sublevel_method"": ""dpgmm"", ""min_event_duration_sec"": 0.0001, ""filter_cutoff"": null}",180,180,180,1.0,1.0,1.0,1.0,0.004875773911005353,0.029961261569721384,0.7611111111111111,5.207602545478918,7.341402955000149,
snr,8.0,101,nano_ext[dpgmm],11,"{""threshold_method"": ""dpgmm"", ""sublevel_method"": ""dpgmm"", ""min_event_duration_sec"": 0.0001, ""filter_cutoff"": 60000.0}",180,263,161,0.8944444444444445,0.6121673003802282,0.72686230248307,0.8126410835214446,0.005891310386578471,0.03685086568196615,0.6521739130434783,4.558058566583867,11.255488076999882,
snr,15.0,100,nano_ext[dpgmm],0,"{""threshold_method"": ""dpgmm"", ""sublevel_method"": ""dpgmm"", ""min_event_duration_sec"": null, ""filter_cutoff"": 10000.0}",162,151,151,0.9320987654320988,1.0,0.9648562300319489,0.9648562300319489,0.05444273317873307,0.06278705596923828,0.6026490066225165,6.8080572932505135,5.446921614999837,
snr,15.0,100,nano_ext[dpgmm],1,"{""threshold_method"": ""dpgmm"", ""sublevel_method"": ""dpgmm"", ""min_event_duration_sec"": null, ""filter_cutoff"": null}",162,162,162,1.0,1.0,1.0,1.0,0.014153470715580835,0.022996807098388673,0.7283950617283951,2.0810819127969893,6.956425468999896,
snr,15.0,100,nano_ext[dpgmm],2,"{""threshold_method"": ""dpgmm"", ""sublevel_method"": ""dpgmm"", ""min_event_duration_sec"": null, ""filter_cutoff"": 60000.0}",162,162,162,1.0,1.0,1.0,1.0,0.005188834472222112,0.01778113965531175,0.8271604938271605,1.915583478950822,10.612980435000054,
snr,15.0,100,nano_ext[dpgmm],3,"{""threshold_method"": ""dpgmm"", ""sublevel_method"": ""dpgmm"", ""min_event_duration_sec"": 1e-05, ""filter_cutoff"": 10000.0}",162,162,162,1.0,1.0,1.0,1.0,0.05767075080925658,0.06682224273681636,0.6049382716049383,6.8080572932505135,5.42674692300011,
snr,15.0,100,nano_ext[dpgmm],4,"{""threshold_method"": ""dpgmm"", ""sublevel_method"": ""dpgmm"", ""min_event_duration_sec"": 1e-05, ""filter_cutoff"": null}",162,162,162,1.0,1.0,1.0,1.0,0.014153470715580835,0.022996807098388673,0.7283950617283951,2.0810819127969893,7.0968668790001175,
snr,15.0,100,nano_ext[dpgmm],5,"{""threshold_method"": ""dpgmm"", ""sublevel_method"": ""dpgmm"", ""min_event_duration_sec"": 1e-05, ""filter_cutoff"": 60000.0}",162,162,162,1.0,1.0,1.0,1.0,0.005188834472222112,0.01778113965531175,0.8271604938271605,1.915583478950822,10.995864756999936,
snr,15.0,100,nano_ext[dpgmm],6,"{""threshold_method"": ""dpgmm"", ""sublevel_method"": ""dpgmm"", ""min_event_duration_sec"": 3e-05, ""filter_cutoff"": 10000.0}",162,162,162,1.0,1.0,1.0,1.0,0.05767075080925658,0.06682224273681636,0.6049382716049383,6.8080572932505135,5.682776030000014,
snr,15.0,100,nano_ext[dpgmm],7,"{""threshold_method"": ""dpgmm"", ""sublevel_method"": ""dpgmm"", ""min_event_duration_sec"": 3e-05, ""filter_cutoff"": null}",162,162,162,1.0,1.0,1.0,1.0,0.014153470715580835,0.022996807098388673,0.7283950617283951,2.0810819127969893,6.7876389380001,
snr,15.0,100,nano_ext[dpgmm],8,"{""threshold_method"": ""dpgmm"", ""sublevel_method"": ""dpgmm"", ""min_event_duration_sec"": 3e-05, ""filter_cutoff"": 60000.0}",162,162,162,1.0,1.0,1.0,1.0,0.005188834472222112,0.01778113965531175,0.8271604938271605,1.915583478950822,10.05254154399995,
snr,15.0,100,nano_ext[dpgmm],9,"{""threshold_method"": ""dpgmm"", ""sublevel_method"": ""dpgmm"", ""min_event_duration_sec"": 0.0001, ""filter_cutoff"": 10000.0}",162,162,162,1.0,1.0,1.0,1.0,0.05767075080925658,0.06682224273681636,0.6049382716049383,6.8080572932505135,5.950002453000025,
snr,15.0,100,nano_ext[dpgmm],10,"{""threshold_method"": ""dpgmm"", ""sublevel_method"": ""dpgmm"", ""min_event_duration_sec"": 0.0001, ""filter_cutoff"": null}",162,162,162,1.0,1.0,1.0,1.0,0.014153470715580835,0.022996807098388673,0.7283950617283951,2.0810819127969893,7.234982498000136,
snr,15.0,100,nano_ext[dpgmm],11,"{""threshold_method"": ""dpgmm"", ""sublevel_method"": ""dpgmm"", ""min_event_duration_sec"": 0.0001, ""filter_cutoff"": 60000.0}",162,162,162,1.0,1.0,1.0,1.0,0.005188834472222112,0.01778113965531175,0.8271604938271605,1.915583478950822,11.235136926999985,
snr,15.0,101,nano_ext[dpgmm],0,"{""threshold_method"": ""dpgmm"", ""sublevel_method"": ""dpgmm"", ""min_event_duration_sec"": null, ""filter_cutoff"": 10000.0}",180,163,163,0.9055555555555556,1.0,0.9504373177842567,0.9504373177842567,0.05961267343991053,0.06705191446532348,0.7055214723926381,7.328436394615778,5.33864248000009,
snr,15.0,101,nano_ext[dpgmm],1,"{""threshold_method"": ""dpgmm"", ""sublevel_method"": ""dpgmm"", ""min_event_duration_sec"": null, ""filter_cutoff"": null}",180,180,180,1.0,1.0,1.0,1.0,0.014830251481069567,0.025736268361409506,0.7833333333333333,3.3244970335521984,7.159238347000155,
snr,15.0,101,nano_ext[dpgmm],2,"{""threshold_method"": ""dpgmm"", ""sublevel_method"": ""dpgmm"", ""min_event_duration_sec"": null, ""filter_cutoff"": 60000.0}",180,180,180,1.0,1.0,1.0,1.0,0.004649107086650618,0.01648670832316075,0.8444444444444444,1.5105705500340072,10.60102069200002,
snr,15.0,101,nano_ext[dpgmm],3,"{""threshold_method"": ""dpgmm"", ""sublevel_method"": ""dpgmm"", ""min_event_duration_sec"": 1e-05, ""filter_cutoff"": 10000.0}",180,180,180,1.0,1.0,1.0,1.0,0.06266437998867998,0.07073138554890951,0.6777777777777778,7.328436394615778,5.4657717649999995,
snr,15.0,101,nano_ext[dpgmm],4,"{""threshold_method"": ""dpgmm"", ""sublevel_method"": ""dpgmm"", ""min_event_duration_sec"": 1e-05, ""filter_cutoff"": null}",180,180,180,1.0,1.0,1.0,1.0,0.014830251481069567,0.025736268361409506,0.7833333333333333,3.3244970335521984,6.835520463999956,
snr,15.0,101,nano_ext[dpgmm],5,"{""threshold_method"": ""dpgmm"", ""sublevel_method"": ""dpgmm"", ""min_event_duration_sec"": 1e-05, ""filter_cutoff"": 60000.0}",180,180,180,1.0,1.0,1.0,1.0,0.004649107086650618,0.01648670832316075,0.8444444444444444,1.5105705500340072,11.118524342,
snr,15.0,101,nano_ext[dpgmm],6,"{""threshold_method"": ""dpgmm"", ""sublevel_method"": ""dpgmm"", ""min_event_duration_sec"": 3e-05, ""filter_cutoff"": 10000.0}",180,180,180,1.0,1.0,1.0,1.0,0.06266437998867998,0.07073138554890951,0.6777777777777778,7.328436394615778,5.571424380000053,
snr,15.0,101,nano_ext[dpgmm],7,"{""threshold_method"": ""dpgmm"", ""sublevel_method"": ""dpgmm"", ""min_event_duration_sec"": 3e-05, ""filter_cutoff"": null}",180,180,180,1.0,1.0,1.0,1.0,0.014830251481069567,0.025736268361409506,0.7833333333333333,3.3244970335521984,6.834962019999921,
snr,15.0,101,nano_ext[dpgmm],8,"{""threshold_method"": ""dpgmm"", ""sublevel_method"": ""dpgmm"", ""min_event_duration_sec"": 3e-05, ""filter_cutoff"": 60000.0}",180,180,180,1.0,1.0,1.0,1.0,0.004649107086650618,0.01648670832316075,0.8444444444444444,1.5105705500340072,10.479672015999995,
snr,15.0,101,nano_ext[dpgmm],9,"{""threshold_method"": ""dpgmm"", ""sublevel_method"": ""dpgmm"", ""min_event_duration_sec"": 0.0001, ""filter_cutoff"": 10000.0}",180,180,180,1.0,1.0,1.0,1.0,0.06266437998867998,0.07073138554890951,0.6777777777777778,7.328436394615778,6.204460436999852,
snr,15.0,101,nano_ext[dpgmm],10,"{""threshold_method"": ""dpgmm"", ""sublevel_method"": ""dpgmm"", ""min_event_duration_sec"": 0.0001, ""filter_cutoff"": null}",180,180,180,1.0,1.0,1.0,1.0,0.014830251481069567,0.025736268361409506,0.7833333333333333,3.3244970335521984,7.1310395779999,
snr,15.0,101,nano_ext[dpgmm],11,"{""threshold_method"": ""dpgmm"", ""sublevel_method"": ""dpgmm"", ""min_event_duration_sec"": 0.0001, ""filter_cutoff"": 60000.0}",180,180,180,1.0,1.0,1.0,1.0,0.004649107086650618,0.01648670832316075,0.8444444444444444,1.5105705500340072,11.150626931000033,
dwell,1e-05,100,nano_ext[dpgmm],0,"{""threshold_method"": ""dpgmm"", ""sublevel_method"": ""dpgmm"", ""min_event_duration_sec"": null, ""filter_cutoff"": 10000.0}",171,0,0,0.0,0.0,0.0,0.0,,,,,4.465399345000151,
dwell,1e-05,100,nano_ext[dpgmm],1,"{""threshold_method"": ""dpgmm"", ""sublevel_method"": ""dpgmm"", ""min_event_duration_sec"": null, ""filter_cutoff"": null}",171,0,0,0.0,0.0,0.0,0.0,,,,,4.336928592999811,
dwell,1e-05,100,nano_ext[dpgmm],2,"{""threshold_method"": ""dpgmm"", ""sublevel_method"": ""dpgmm"", ""min_event_duration_sec"": null, ""filter_cutoff"": 60000.0}",171,0,0,0.0,0.0,0.0,0.0,,,,,4.321714489999977,
dwell,1e-05,100,nano_ext[dpgmm],3,"{""threshold_method"": ""dpgmm"", ""sublevel_method"": ""dpgmm"", ""min_event_duration_sec"": 1e-05, ""filter_cutoff"": 10000.0}",171,4,1,0.005847953216374269,0.25,0.011428571428571429,0.045714285714285714,0.01082583279571653,0.5887326407614283,0.0,,4.724217272999795,
dwell,1e-05,100,nano_ext[dpgmm],4,"{""threshold_method"": ""dpgmm"", ""sublevel_method"": ""dpgmm"", ""min_event_duration_sec"": 1e-05, ""filter_cutoff"": null}",171,38,33,0.19298245614035087,0.868421052631579,0.31578947368421056,0.354066985645933,0.3046434646036901,0.5303686777750651,0.7575757575757576,,4.522130979999929,
dwell,1e-05,100,nano_ext[dpgmm],5,"{""threshold_method"": ""dpgmm"", ""sublevel_method"": ""dpgmm"", ""min_event_duration_sec"": 1e-05, ""filter_cutoff"": 60000.0}",171,55,50,0.29239766081871343,0.9090909090909091,0.4424778761061946,0.48672566371681414,0.12246414986831944,0.2667739868164063,0.74,,4.229272149000053,
dwell,1e-05,100,nano_ext[dpgmm],6,"{""threshold_method"": ""dpgmm"", ""sublevel_method"": ""dpgmm"", ""min_event_duration_sec"": 3e-05, ""filter_cutoff"": 10000.0}",171,2,1,0.005847953216374269,0.5,0.011560693641618498,0.023121387283236997,0.01082583279571653,0.5887326407614283,0.0,,4.21611076399995,
dwell,1e-05,100,nano_ext[dpgmm],7,"{""threshold_method"": ""dpgmm"", ""sublevel_method"": ""dpgmm"", ""min_event_duration_sec"": 3e-05, ""filter_cutoff"": null}",171,3,2,0.011695906432748537,0.6666666666666666,0.022988505747126436,0.034482758620689655,0.1788437353203049,0.334010243286026,0.5,,4.416454266000073,
dwell,1e-05,100,nano_ext[dpgmm],8,"{""threshold_method"": ""dpgmm"", ""sublevel_method"": ""dpgmm"", ""min_event_duration_sec"": 3e-05, ""filter_cutoff"": 60000.0}",171,1,1,0.005847953216374269,1.0,0.011627906976744186,0.011627906976744186,0.01082583279571653,0.03494226634301773,0.0,,4.251068540999995,
dwell,1e-05,100,nano_ext[dpgmm],9,"{""threshold_method"": ""dpgmm"", ""sublevel_method"": ""dpgmm"", ""min_event_duration_sec"": 0.0001, ""filter_cutoff"": 10000.0}",171,0,0,0.0,0.0,0.0,0.0,,,,,4.113440628000035,
dwell,1e-05,100,nano_ext[dpgmm],10,"{""threshold_method"": ""dpgmm"", ""sublevel_method"": ""dpgmm"", ""min_event_duration_sec"": 0.0001, ""filter_cutoff"": null}",171,0,0,0.0,0.0,0.0,0.0,,,,,4.718240557999934,
dwell,1e-05,100,nano_ext[dpgmm],11,"{""threshold_method"": ""dpgmm"", ""sublevel_method"": ""dpgmm"", ""min_event_duration_sec"": 0.0001, ""filter_cutoff"": 60000.0}",171,0,0,0.0,0.0,0.0,0.0,,,,,4.754708455000127,
dwell,1e-05,101,nano_ext[dpgmm],0,"{""threshold_method"": ""dpgmm"", ""sublevel_method"": ""dpgmm"", ""min_event_duration_sec"": null, ""filter_cutoff"": 10000.0}",187,0,0,0.0,0.0,0.0,0.0,,,,,4.489984670000013,
dwell,1e-05,101,nano_ext[dpgmm],1,"{""threshold_method"": ""dpgmm"", ""sublevel_method"": ""dpgmm"", ""min_event_duration_sec"": null, ""filter_cutoff"": null}",187,0,0,0.0,0.0,0.0,0.0,,,,,4.512999984000089,
dwell,1e-05,101,nano_ext[dpgmm],2,"{""threshold_method"": ""dpgmm"", ""sublevel_method"": ""dpgmm"", ""min_event_duration_sec"": null, ""filter_cutoff"": 60000.0}",187,0,0,0.0,0.0,0.0,0.0,,,,,4.27013616499994,
dwell,1e-05,101,nano_ext[dpgmm],3,"{""threshold_method"": ""dpgmm"", ""sublevel_method"": ""dpgmm"", ""min_event_duration_sec"": 1e-05, ""filter_cutoff"": 10000.0}",187,6,4,0.0213903743315508,0.6666666666666666,0.04145077720207254,0.06217616580310882,0.513168452167992,0.6503975318958017,0.5,,4.538629982999964,
dwell,1e-05,101,nano_ext[dpgmm],4,"{""threshold_method"": ""dpgmm"", ""sublevel_method"": ""dpgmm"", ""min_event_duration_sec"": 1e-05, ""filter_cutoff"": null}",187,40,35,0.18716577540106952,0.875,0.3083700440528634,0.3524229074889868,0.30185665063203493,0.4927521467643888,0.5428571428571428,,4.622461949000126,
dwell,1e-05,101,nano_ext[dpgmm],5,"{""threshold_method"": ""dpgmm"", ""sublevel_method"": ""dpgmm"", ""min_event_duration_sec"": 1e-05, ""filter_cutoff"": 60000.0}",187,67,66,0.35294117647058826,0.9850746268656716,0.5196850393700787,0.5275590551181102,0.2222501709554885,0.28192682266235347,0.6060606060606061,,4.456899477999968,
dwell,1e-05,101,nano_ext[dpgmm],6,"{""threshold_method"": ""dpgmm"", ""sublevel_method"": ""dpgmm"", ""min_event_duration_sec"": 3e-05, ""filter_cutoff"": 10000.0}",187,3,2,0.0106951871657754,0.6666666666666666,0.021052631578947368,0.031578947368421054,0.513168452167992,0.6485566661659034,0.5,,4.256244355000035,
dwell,1e-05,101,nano_ext[dpgmm],7,"{""threshold_method"": ""dpgmm"", ""sublevel_method"": ""dpgmm"", ""min_event_duration_sec"": 3e-05, ""filter_cutoff"": null}",187,4,3,0.016042780748663103,0.75,0.03141361256544503,0.0418848167539267,0.4109792132523855,0.35754955900738505,0.3333333333333333,,4.236710023999876,
dwell,1e-05,101,nano_ext[dpgmm],8,"{""threshold_method"": ""dpgmm"", ""sublevel_method"": ""dpgmm"", ""min_event_duration_sec"": 3e-05, ""filter_cutoff"": 60000.0}",187,0,0,0.0,0.0,0.0,0.0,,,,,4.155544148999979,
dwell,1e-05,101,nano_ext[dpgmm],9,"{""threshold_method"": ""dpgmm"", ""sublevel_method"": ""dpgmm"", ""min_event_duration_sec"": 0.0001, ""filter_cutoff"": 10000.0}",187,0,0,0.0,0.0,0.0,0.0,,,,,4.452087984999935,
dwell,1e-05,101,nano_ext[dpgmm],10,"{""threshold_method"": ""dpgmm"", ""sublevel_method"": ""dpgmm"", ""min_event_duration_sec"": 0.0001, ""filter_cutoff"": null}",187,0,0,0.0,0.0,0.0,0.0,,,,,4.523993548000135,
dwell,1e-05,101,nano_ext[dpgmm],11,"{""threshold_method"": ""dpgmm"", ""sublevel_method"": ""dpgmm"", ""min_event_duration_sec"": 0.0001, ""filter_cutoff"": 60000.0}",187,0,0,0.0,0.0,0.0,0.0,,,,,4.602151233000086,
dwell,3e-05,100,nano_ext[dpgmm],0,"{""threshold_method"": ""dpgmm"", ""sublevel_method"": ""dpgmm"", ""min_event_duration_sec"": null, ""filter_cutoff"": 10000.0}",171,0,0,0.0,0.0,0.0,0.0,,,,,4.459809171000188,
dwell,3e-05,100,nano_ext[dpgmm],1,"{""threshold_method"": ""dpgmm"", ""sublevel_method"": ""dpgmm"", ""min_event_duration_sec"": null, ""filter_cutoff"": null}",171,0,0,0.0,0.0,0.0,0.0,,,,,4.329555788000107,
dwell,3e-05,100,nano_ext[dpgmm],2,"{""threshold_method"": ""dpgmm"", ""sublevel_method"": ""dpgmm"", ""min_event_duration_sec"": null, ""filter_cutoff"": 60000.0}",171,0,0,0.0,0.0,0.0,0.0,,,,,4.420049350999989,
dwell,3e-05,100,nano_ext[dpgmm],3,"{""threshold_method"": ""dpgmm"", ""sublevel_method"": ""dpgmm"", ""min_event_duration_sec"": 1e-05, ""filter_cutoff"": 10000.0}",171,94,82,0.47953216374269003,0.8723404255319149,0.6188679245283019,0.7094339622641509,0.37581632044910807,0.5624265979750325,0.524390243902439,,4.4848677949999,
dwell,3e-05,100,nano_ext[dpgmm],4,"{""threshold_method"": ""dpgmm"", ""sublevel_method"": ""dpgmm"", ""min_event_duration_sec"": 1e-05, ""filter_cutoff"": null}",171,136,133,0.7777777777777778,0.9779411764705882,0.8664495114006514,0.8859934853420195,0.12510921537706796,0.2915728251139323,0.5413533834586466,,4.832240826000088,
dwell,3e-05,100,nano_ext[dpgmm],5,"{""threshold_method"": ""dpgmm"", ""sublevel_method"": ""dpgmm"", ""min_event_duration_sec"": 1e-05, ""filter_cutoff"": 60000.0}",171,159,150,0.8771929824561403,0.9433962264150944,0.9090909090909091,0.9636363636363636,0.14452097539032482,0.10816435945919381,0.5266666666666666,,4.883407496000018,
dwell,3e-05,100,nano_ext[dpgmm],6,"{""threshold_method"": ""dpgmm"", ""sublevel_method"": ""dpgmm"", ""min_event_duration_sec"": 3e-05, ""filter_cutoff"": 10000.0}",171,79,71,0.4152046783625731,0.8987341772151899,0.5680000000000001,0.632,0.41070754821414535,0.5586215157763423,0.5633802816901409,,4.591932777000011,
dwell,3e-05,100,nano_ext[dpgmm],7,"{""threshold_method"": ""dpgmm"", ""sublevel_method"": ""dpgmm"", ""min_event_duration_sec"": 3e-05, ""filter_cutoff"": null}",171,95,95,0.5555555555555556,1.0,0.7142857142857143,0.7142857142857143,0.12287083884076523,0.2527835210164389,0.5578947368421052,,4.467242296999984,
dwell,3e-05,100,nano_ext[dpgmm],8,"{""threshold_method"": ""dpgmm"", ""sublevel_method"": ""dpgmm"", ""min_event_duration_sec"": 3e-05, ""filter_cutoff"": 60000.0}",171,67,67,0.391812865497076,1.0,0.5630252100840336,0.5630252100840336,0.09775594251407028,0.05754718780517578,0.6417910447761194,,4.327379358999906,
dwell,3e-05,100,nano_ext[dpgmm],9,"{""threshold_method"": ""dpgmm"", ""sublevel_method"": ""dpgmm"", ""min_event_duration_sec"": 0.0001, ""filter_cutoff"": 10000.0}",171,4,3,0.017543859649122806,0.75,0.03428571428571428,0.045714285714285714,0.3366411792760289,0.44681046803792324,0.6666666666666666,,4.304194601000063,
dwell,3e-05,100,nano_ext[dpgmm],10,"{""threshold_method"": ""dpgmm"", ""sublevel_method"": ""dpgmm"", ""min_event_duration_sec"": 0.0001, ""filter_cutoff"": null}",171,0,0,0.0,0.0,0.0,0.0,,,,,4.435556329999827,
dwell,3e-05,100,nano_ext[dpgmm],11,"{""threshold_method"": ""dpgmm"", ""sublevel_method"": ""dpgmm"", ""min_event_duration_sec"": 0.0001, ""filter_cutoff"": 60000.0}",171,0,0,0.0,0.0,0.0,0.0,,,,,4.701471832000152,
dwell,3e-05,101,nano_ext[dpgmm],0,"{""threshold_method"": ""dpgmm"", ""sublevel_method"": ""dpgmm"", ""min_event_duration_sec"": null, ""filter_cutoff"": 10000.0}",187,0,0,0.0,0.0,0.0,0.0,,,,,4.44751152799995,
dwell,3e-05,101,nano_ext[dpgmm],1,"{""threshold_method"": ""dpgmm"", ""sublevel_method"": ""dpgmm"", ""min_event_duration_sec"": null, ""filter_cutoff"": null}",187,0,0,0.0,0.0,0.0,0.0,,,,,4.577031558999806,
dwell,3e-05,101,nano_ext[dpgmm],2,"{""threshold_method"": ""dpgmm"", ""sublevel_method"": ""dpgmm"", ""min_event_duration_sec"": null, ""filter_cutoff"": 60000.0}",187,0,0,0.0,0.0,0.0,0.0,,,,,4.507394609999892,
dwell,3e-05,101,nano_ext[dpgmm],3,"{""threshold_method"": ""dpgmm"", ""sublevel_method"": ""dpgmm"", ""min_event_duration_sec"": 1e-05, ""filter_cutoff"": 10000.0}",187,100,86,0.45989304812834225,0.86,0.5993031358885018,0.6968641114982579,0.4520914763078814,0.5386220185193984,0.5348837209302325,,4.442276131999961,
dwell,3e-05,101,nano_ext[dpgmm],4,"{""threshold_method"": ""dpgmm"", ""sublevel_method"": ""dpgmm"", ""min_event_duration_sec"": 1e-05, ""filter_cutoff"": null}",187,154,151,0.8074866310160428,0.9805194805194806,0.8856304985337243,0.9032258064516129,0.1432084346027126,0.33361581166585286,0.5894039735099338,,5.4238320380000005,
dwell,3e-05,101,nano_ext[dpgmm],5,"{""threshold_method"": ""dpgmm"", ""sublevel_method"": ""dpgmm"", ""min_event_duration_sec"": 1e-05, ""filter_cutoff"": 60000.0}",187,169,164,0.8770053475935828,0.9704142011834319,0.9213483146067415,0.9494382022471909,0.13838378564310339,0.1278431256612142,0.5609756097560976,,5.105733306000047,
dwell,3e-05,101,nano_ext[dpgmm],6,"{""threshold_method"": ""dpgmm"", ""sublevel_method"": ""dpgmm"", ""min_event_duration_sec"": 3e-05, ""filter_cutoff"": 10000.0}",187,93,85,0.45454545454545453,0.9139784946236559,0.6071428571428571,0.6642857142857143,0.47245161813313286,0.5376898447672526,0.5411764705882353,,4.446594891999894,
dwell,3e-05,101,nano_ext[dpgmm],7,"{""threshold_method"": ""dpgmm"", ""sublevel_method"": ""dpgmm"", ""min_event_duration_sec"": 3e-05, ""filter_cutoff"": null}",187,104,104,0.5561497326203209,1.0,0.7147766323024055,0.7147766323024055,0.1182320233650653,0.24350525538126627,0.5865384615384616,,4.371907165000039,
dwell,3e-05,101,nano_ext[dpgmm],8,"{""threshold_method"": ""dpgmm"", ""sublevel_method"": ""dpgmm"", ""min_event_duration_sec"": 3e-05, ""filter_cutoff"": 60000.0}",187,76,76,0.40641711229946526,1.0,0.5779467680608364,0.5779467680608364,0.1071905141256578,0.0763073743906239,0.4868421052631579,,4.492765199999894,
dwell,3e-05,101,nano_ext[dpgmm],9,"{""threshold_method"": ""dpgmm"", ""sublevel_method"": ""dpgmm"", ""min_event_duration_sec"": 0.0001, ""filter_cutoff"": 10000.0}",187,2,2,0.0106951871657754,1.0,0.021164021164021163,0.021164021164021163,0.7050741898768571,0.3588988323839681,0.5,,4.174403781999899,
dwell,3e-05,101,nano_ext[dpgmm],10,"{""threshold_method"": ""dpgmm"", ""sublevel_method"": ""dpgmm"", ""min_event_duration_sec"": 0.0001, ""filter_cutoff"": null}",187,0,0,0.0,0.0,0.0,0.0,,,,,4.845719350000081,
dwell,3e-05,101,nano_ext[dpgmm],11,"{""threshold_method"": ""dpgmm"", ""sublevel_method"": ""dpgmm"", ""min_event_duration_sec"": 0.0001, ""filter_cutoff"": 60000.0}",187,0,0,0.0,0.0,0.0,0.0,,,,,4.8325284730001385,
dwell,0.0001,100,nano_ext[dpgmm],0,"{""threshold_method"": ""dpgmm"", ""sublevel_method"": ""dpgmm"", ""min_event_duration_sec"": null, ""filter_cutoff"": 10000.0}",171,0,0,0.0,0.0,0.0,0.0,,,,,4.453360466000049,
dwell,0.0001,100,nano_ext[dpgmm],1,"{""threshold_method"": ""dpgmm"", ""sublevel_method"": ""dpgmm"", ""min_event_duration_sec"": null, ""filter_cutoff"": null}",171,6,6,0.03508771929824561,1.0,0.06779661016949151,0.06779661016949151,0.04713955938220215,0.04654763753641553,0.6666666666666666,,4.99731936399985,
dwell,0.0001,100,nano_ext[dpgmm],2,"{""threshold_method"": ""dpgmm"", ""sublevel_method"": ""dpgmm"", ""min_event_duration_sec"": null, ""filter_cutoff"": 60000.0}",171,87,85,0.49707602339181284,0.9770114942528736,0.6589147286821706,0.6666666666666666,0.029353523859197924,0.03862889607747407,0.5764705882352941,,4.9878249609998875,
dwell,0.0001,100,nano_ext[dpgmm],3,"{""threshold_method"": ""dpgmm"", ""sublevel_method"": ""dpgmm"", ""min_event_duration_sec"": 1e-05, ""filter_cutoff"": 10000.0}",171,168,164,0.9590643274853801,0.9761904761904762,0.967551622418879,0.9911504424778761,0.279120948830227,0.32535240875270405,0.47560975609756095,,5.0647139029999835,
dwell,0.0001,100,nano_ext[dpgmm],4,"{""threshold_method"": ""dpgmm"", ""sublevel_method"": ""dpgmm"", ""min_event_duration_sec"": 1e-05, ""filter_cutoff"": null}",171,171,171,1.0,1.0,1.0,1.0,0.053321350919627794,0.12179514567057302,0.47953216374269003,,4.400113805000046,
dwell,0.0001,100,nano_ext[dpgmm],5,"{""threshold_method"": ""dpgmm"", ""sublevel_method"": ""dpgmm"", ""min_event_duration_sec"": 1e-05, ""filter_cutoff"": 60000.0}",171,177,163,0.9532163742690059,0.9209039548022598,0.9367816091954022,0.9827586206896551,0.05750942868225871,0.051934589134042655,0.5030674846625767,,4.156574620999891,
dwell,0.0001,100,nano_ext[dpgmm],6,"{""threshold_method"": ""dpgmm"", ""sublevel_method"": ""dpgmm"", ""min_event_duration_sec"": 3e-05, ""filter_cutoff"": 10000.0}",171,166,163,0.9532163742690059,0.9819277108433735,0.9673590504451038,0.9851632047477744,0.2788332103423538,0.32497532023164505,0.4785276073619632,,4.29655273100002,
dwell,0.0001,100,nano_ext[dpgmm],7,"{""threshold_method"": ""dpgmm"", ""sublevel_method"": ""dpgmm"", ""min_event_duration_sec"": 3e-05, ""filter_cutoff"": null}",171,170,170,0.9941520467836257,1.0,0.9970674486803519,0.9970674486803519,0.052953283223020474,0.1211180050467918,0.4823529411764706,,4.57777114999999,
dwell,0.0001,100,nano_ext[dpgmm],8,"{""threshold_method"": ""dpgmm"", ""sublevel_method"": ""dpgmm"", ""min_event_duration_sec"": 3e-05, ""filter_cutoff"": 60000.0}",171,166,159,0.9298245614035088,0.9578313253012049,0.9436201780415431,0.9792284866468842,0.057293076732624584,0.048985514978364536,0.5094339622641509,,4.7813296110000465,
dwell,0.0001,100,nano_ext[dpgmm],9,"{""threshold_method"": ""dpgmm"", ""sublevel_method"": ""dpgmm"", ""min_event_duration_sec"": 0.0001, ""filter_cutoff"": 10000.0}",171,109,109,0.6374269005847953,1.0,0.7785714285714287,0.7785714285714287,0.2550085626333676,0.27608030591449406,0.5688073394495413,,4.889871018999884,
dwell,0.0001,100,nano_ext[dpgmm],10,"{""threshold_method"": ""dpgmm"", ""sublevel_method"": ""dpgmm"", ""min_event_duration_sec"": 0.0001, ""filter_cutoff"": null}",171,71,71,0.4152046783625731,1.0,0.5867768595041322,0.5867768595041322,0.041830067508958284,0.06868152618408215,0.5915492957746479,,4.776141470000084,
dwell,0.0001,100,nano_ext[dpgmm],11,"{""threshold_method"": ""dpgmm"", ""sublevel_method"": ""dpgmm"", ""min_event_duration_sec"": 0.0001, ""filter_cutoff"": 60000.0}",171,62,61,0.3567251461988304,0.9838709677419355,0.5236051502145923,0.5321888412017167,0.02599104587567816,0.045921007792154946,0.6557377049180327,,4.717392401999859,
dwell,0.0001,101,nano_ext[dpgmm],0,"{""threshold_method"": ""dpgmm"", ""sublevel_method"": ""dpgmm"", ""min_event_duration_sec"": null, ""filter_cutoff"": 10000.0}",187,0,0,0.0,0.0,0.0,0.0,,,,,4.577485613000135,
dwell,0.0001,101,nano_ext[dpgmm],1,"{""threshold_method"": ""dpgmm"", ""sublevel_method"": ""dpgmm"", ""min_event_duration_sec"": null, ""filter_cutoff"": null}",187,7,7,0.0374331550802139,1.0,0.07216494845360824,0.07216494845360824,0.023683448838802815,0.030588703720665338,0.14285714285714285,,5.104479352999988,
dwell,0.0001,101,nano_ext[dpgmm],2,"{""threshold_method"": ""dpgmm"", ""sublevel_method"": ""dpgmm"", ""min_event_duration_sec"": null, ""filter_cutoff"": 60000.0}",187,96,94,0.5026737967914439,0.9791666666666666,0.6643109540636042,0.6713780918727916,0.041825242008436375,0.04838591603450534,0.5531914893617021,,4.887879128999884,
dwell,0.0001,101,nano_ext[dpgmm],3,"{""threshold_method"": ""dpgmm"", ""sublevel_method"": ""dpgmm"", ""min_event_duration_sec"": 1e-05, ""filter_cutoff"": 10000.0}",187,185,182,0.9732620320855615,0.9837837837837838,0.978494623655914,0.9946236559139785,0.27614730509783747,0.3395148344645532,0.5164835164835165,,4.741717526000002,
dwell,0.0001,101,nano_ext[dpgmm],4,"{""threshold_method"": ""dpgmm"", ""sublevel_method"": ""dpgmm"", ""min_event_duration_sec"": 1e-05, ""filter_cutoff"": null}",187,187,186,0.9946524064171123,0.9946524064171123,0.9946524064171123,1.0,0.04899817437922323,0.10960630691074069,0.521505376344086,,4.0909505019999415,
dwell,0.0001,101,nano_ext[dpgmm],5,"{""threshold_method"": ""dpgmm"", ""sublevel_method"": ""dpgmm"", ""min_event_duration_sec"": 1e-05, ""filter_cutoff"": 60000.0}",187,193,181,0.9679144385026738,0.9378238341968912,0.9526315789473684,0.9789473684210527,0.049977006243141726,0.05284365498975739,0.5359116022099447,,4.347730028999877,
dwell,0.0001,101,nano_ext[dpgmm],6,"{""threshold_method"": ""dpgmm"", ""sublevel_method"": ""dpgmm"", ""min_event_duration_sec"": 3e-05, ""filter_cutoff"": 10000.0}",187,182,180,0.9625668449197861,0.989010989010989,0.9756097560975611,0.986449864498645,0.27614730509783747,0.3389634835530949,0.5166666666666667,,4.37446206300001,
dwell,0.0001,101,nano_ext[dpgmm],7,"{""threshold_method"": ""dpgmm"", ""sublevel_method"": ""dpgmm"", ""min_event_duration_sec"": 3e-05, ""filter_cutoff"": null}",187,185,185,0.9893048128342246,1.0,0.9946236559139785,0.9946236559139785,0.04892132781258989,0.1072907947703747,0.5243243243243243,,4.580122830999926,
dwell,0.0001,101,nano_ext[dpgmm],8,"{""threshold_method"": ""dpgmm"", ""sublevel_method"": ""dpgmm"", ""min_event_duration_sec"": 3e-05, ""filter_cutoff"": 60000.0}",187,186,178,0.9518716577540107,0.956989247311828,0.9544235924932977,0.9758713136729223,0.048972714455717097,0.050697422027587896,0.5337078651685393,,4.659235335000176,
dwell,0.0001,101,nano_ext[dpgmm],9,"{""threshold_method"": ""dpgmm"", ""sublevel_method"": ""dpgmm"", ""min_event_duration_sec"": 0.0001, ""filter_cutoff"": 10000.0}",187,122,122,0.6524064171122995,1.0,0.7896440129449839,0.7896440129449839,0.23033526542308055,0.2530498026775221,0.5983606557377049,,4.748487286,
dwell,0.0001,101,nano_ext[dpgmm],10,"{""threshold_method"": ""dpgmm"", ""sublevel_method"": ""dpgmm"", ""min_event_duration_sec"": 0.0001, ""filter_cutoff"": null}",187,77,77,0.4117647058823529,1.0,0.5833333333333334,0.5833333333333334,0.02880092492708307,0.06704457600911458,0.4805194805194805,,5.03682968399994,
dwell,0.0001,101,nano_ext[dpgmm],11,"{""threshold_method"": ""dpgmm"", ""sublevel_method"": ""dpgmm"", ""min_event_duration_sec"": 0.0001, ""filter_cutoff"": 60000.0}",187,64,64,0.3422459893048128,1.0,0.5099601593625498,0.5099601593625498,0.0414734825091483,0.044116608651033465,0.515625,,4.646622637000064,
dwell,0.0003,100,nano_ext[dpgmm],0,"{""threshold_method"": ""dpgmm"", ""sublevel_method"": ""dpgmm"", ""min_event_duration_sec"": null, ""filter_cutoff"": 10000.0}",168,20,20,0.11904761904761904,1.0,0.21276595744680848,0.21276595744680848,0.05771551696401633,0.05559137528809399,0.65,,4.496153737999975,
dwell,0.0003,100,nano_ext[dpgmm],1,"{""threshold_method"": ""dpgmm"", ""sublevel_method"": ""dpgmm"", ""min_event_duration_sec"": null, ""filter_cutoff"": null}",168,117,117,0.6964285714285714,1.0,0.8210526315789474,0.8210526315789474,0.015380949179351584,0.035579681396484375,0.5470085470085471,5.102987190586106,5.089288242000066,
dwell,0.0003,100,nano_ext[dpgmm],2,"{""threshold_method"": ""dpgmm"", ""sublevel_method"": ""dpgmm"", ""min_event_duration_sec"": null, ""filter_cutoff"": 60000.0}",168,169,155,0.9226190476190477,0.9171597633136095,0.9198813056379822,0.9614243323442135,0.018521063398588382,0.04122943878173828,0.5161290322580645,3.6396959210982516,5.0235951960000875,
dwell,0.0003,100,nano_ext[dpgmm],3,"{""threshold_method"": ""dpgmm"", ""sublevel_method"": ""dpgmm"", ""min_event_duration_sec"": 1e-05, ""filter_cutoff"": 10000.0}",168,168,168,1.0,1.0,1.0,1.0,0.08797296182643664,0.12977746327718098,0.48214285714285715,,4.6650880359998155,
dwell,0.0003,100,nano_ext[dpgmm],4,"{""threshold_method"": ""dpgmm"", ""sublevel_method"": ""dpgmm"", ""min_event_duration_sec"": 1e-05, ""filter_cutoff"": null}",168,168,168,1.0,1.0,1.0,1.0,0.018947904359326872,0.04061581293741862,0.49404761904761907,5.102987190586106,4.521986679000065,
dwell,0.0003,100,nano_ext[dpgmm],5,"{""threshold_method"": ""dpgmm"", ""sublevel_method"": ""dpgmm"", ""min_event_duration_sec"": 1e-05, ""filter_cutoff"": 60000.0}",168,207,161,0.9583333333333334,0.7777777777777778,0.8586666666666668,0.896,0.019312124667138737,0.04122943878173828,0.5093167701863354,3.6396959210982516,4.809626501999901,
dwell,0.0003,100,nano_ext[dpgmm],6,"{""threshold_method"": ""dpgmm"", ""sublevel_method"": ""dpgmm"", ""min_event_duration_sec"": 3e-05, ""filter_cutoff"": 10000.0}",168,168,168,1.0,1.0,1.0,1.0,0.08797296182643664,0.12977746327718098,0.48214285714285715,,4.410092530999918,
dwell,0.0003,100,nano_ext[dpgmm],7,"{""threshold_method"": ""dpgmm"", ""sublevel_method"": ""dpgmm"", ""min_event_duration_sec"": 3e-05, ""filter_cutoff"": null}",168,168,168,1.0,1.0,1.0,1.0,0.018947904359326872,0.04061581293741862,0.49404761904761907,5.102987190586106,4.552199782000116,
dwell,0.0003,100,nano_ext[dpgmm],8,"{""threshold_method"": ""dpgmm"", ""sublevel_method"": ""dpgmm"", ""min_event_duration_sec"": 3e-05, ""filter_cutoff"": 60000.0}",168,195,161,0.9583333333333334,0.8256410256410256,0.8870523415977961,0.9256198347107438,0.019312124667138737,0.04122943878173828,0.5093167701863354,3.6396959210982516,4.820297646000199,
dwell,0.0003,100,nano_ext[dpgmm],9,"{""threshold_method"": ""dpgmm"", ""sublevel_method"": ""dpgmm"", ""min_event_duration_sec"": 0.0001, ""filter_cutoff"": 10000.0}",168,166,166,0.9880952380952381,1.0,0.9940119760479043,0.9940119760479043,0.08797296182643664,0.12922676319898802,0.4819277108433735,,4.356254770000078,
dwell,0.0003,100,nano_ext[dpgmm],10,"{""threshold_method"": ""dpgmm"", ""sublevel_method"": ""dpgmm"", ""min_event_duration_sec"": 0.0001, ""filter_cutoff"": null}",168,163,163,0.9702380952380952,1.0,0.984894259818731,0.984894259818731,0.018628343344106242,0.039638735274586105,0.49079754601226994,5.102987190586106,4.569187425999871,
dwell,0.0003,100,nano_ext[dpgmm],11,"{""threshold_method"": ""dpgmm"", ""sublevel_method"": ""dpgmm"", ""min_event_duration_sec"": 0.0001, ""filter_cutoff"": 60000.0}",168,166,153,0.9107142857142857,0.9216867469879518,0.9161676646706587,0.9580838323353292,0.01817954170383266,0.04118429819742839,0.5098039215686274,3.6396959210982516,4.72858936800003,
dwell,0.0003,101,nano_ext[dpgmm],0,"{""threshold_method"": ""dpgmm"", ""sublevel_method"": ""dpgmm"", ""min_event_duration_sec"": null, ""filter_cutoff"": 10000.0}",185,24,24,0.12972972972972974,1.0,0.22966507177033493,0.22966507177033493,0.03718581639821789,0.04630519070133427,0.2916666666666667,,4.590326556999798,
dwell,0.0003,101,nano_ext[dpgmm],1,"{""threshold_method"": ""dpgmm"", ""sublevel_method"": ""dpgmm"", ""min_event_duration_sec"": null, ""filter_cutoff"": null}",185,126,126,0.6810810810810811,1.0,0.8102893890675241,0.8102893890675241,0.016336771024048697,0.03930945533943035,0.5476190476190477,,4.757150840000122,
dwell,0.0003,101,nano_ext[dpgmm],2,"{""threshold_method"": ""dpgmm"", ""sublevel_method"": ""dpgmm"", ""min_event_duration_sec"": null, ""filter_cutoff"": 60000.0}",185,196,166,0.8972972972972973,0.8469387755102041,0.8713910761154856,0.9396325459317585,0.017004327173376105,0.039797000181900674,0.572289156626506,2.937451257345458,5.130161261000012,
dwell,0.0003,101,nano_ext[dpgmm],3,"{""threshold_method"": ""dpgmm"", ""sublevel_method"": ""dpgmm"", ""min_event_duration_sec"": 1e-05, ""filter_cutoff"": 10000.0}",185,185,185,1.0,1.0,1.0,1.0,0.09099637101474245,0.1321652094523112,0.518918918918919,,4.094963686000028,
dwell,0.0003,101,nano_ext[dpgmm],4,"{""threshold_method"": ""dpgmm"", ""sublevel_method"": ""dpgmm"", ""min_event_duration_sec"": 1e-05, ""filter_cutoff"": null}",185,185,185,1.0,1.0,1.0,1.0,0.020374724714425866,0.04191361789226022,0.518918918918919,,4.172779589999891,
dwell,0.0003,101,nano_ext[dpgmm],5,"{""threshold_method"": ""dpgmm"", ""sublevel_method"": ""dpgmm"", ""min_event_duration_sec"": 1e-05, ""filter_cutoff"": 60000.0}",185,234,171,0.9243243243243243,0.7307692307692307,0.8162291169451075,0.883054892601432,0.018029367856024957,0.04134146372477213,0.5672514619883041,2.937451257345458,4.903724069999953,
dwell,0.0003,101,nano_ext[dpgmm],6,"{""threshold_method"": ""dpgmm"", ""sublevel_method"": ""dpgmm"", ""min_event_duration_sec"": 3e-05, ""filter_cutoff"": 10000.0}",185,185,185,1.0,1.0,1.0,1.0,0.09099637101474245,0.1321652094523112,0.518918918918919,,4.52884232700012,
dwell,0.0003,101,nano_ext[dpgmm],7,"{""threshold_method"": ""dpgmm"", ""sublevel_method"": ""dpgmm"", ""min_event_duration_sec"": 3e-05, ""filter_cutoff"": null}",185,185,185,1.0,1.0,1.0,1.0,0.020374724714425866,0.04191361789226022,0.518918918918919,,4.711647082999889,
dwell,0.0003,101,nano_ext[dpgmm],8,"{""threshold_method"": ""dpgmm"", ""sublevel_method"": ""dpgmm"", ""min_event_duration_sec"": 3e-05, ""filter_cutoff"": 60000.0}",185,220,171,0.9243243243243243,0.7772727272727272,0.8444444444444444,0.9135802469135803,0.018029367856024957,0.04134146372477213,0.5672514619883041,2.937451257345458,4.755387842000118,
dwell,0.0003,101,nano_ext[dpgmm],9,"{""threshold_method"": ""dpgmm"", ""sublevel_method"": ""dpgmm"", ""min_event_duration_sec"": 0.0001, ""filter_cutoff"": 10000.0}",185,184,184,0.9945945945945946,1.0,0.997289972899729,0.997289972899729,0.09149368918537285,0.13198164627202452,0.5217391304347826,,4.306258629000013,
dwell,0.0003,101,nano_ext[dpgmm],10,"{""threshold_method"": ""dpgmm"", ""sublevel_method"": ""dpgmm"", ""min_event_duration_sec"": 0.0001, ""filter_cutoff"": null}",185,180,180,0.972972972972973,1.0,0.9863013698630138,0.9863013698630138,0.01973156952591904,0.04141025450219507,0.5166666666666667,,4.615276087999973,
dwell,0.0003,101,nano_ext[dpgmm],11,"{""threshold_method"": ""dpgmm"", ""sublevel_method"": ""dpgmm"", ""min_event_duration_sec"": 0.0001, ""filter_cutoff"": 60000.0}",185,185,163,0.8810810810810811,0.8810810810810811,0.8810810810810811,0.9405405405405406,0.016322535735129984,0.039396540323893114,0.5766871165644172,2.937451257345458,4.6937145289998625,
dwell,0.001,100,nano_ext[dpgmm],0,"{""threshold_method"": ""dpgmm"", ""sublevel_method"": ""dpgmm"", ""min_event_duration_sec"": null, ""filter_cutoff"": 10000.0}",162,148,148,0.9135802469135802,1.0,0.9548387096774192,0.9548387096774192,0.022564154945385516,0.04357013702392584,0.5878378378378378,11.627479139075803,5.438987924000003,
dwell,0.001,100,nano_ext[dpgmm],1,"{""threshold_method"": ""dpgmm"", ""sublevel_method"": ""dpgmm"", ""min_event_duration_sec"": null, ""filter_cutoff"": null}",162,162,162,1.0,1.0,1.0,1.0,0.005353488445484939,0.030903943379719995,0.7098765432098766,3.8557140485950825,7.589215184000068,
dwell,0.001,100,nano_ext[dpgmm],2,"{""threshold_method"": ""dpgmm"", ""sublevel_method"": ""dpgmm"", ""min_event_duration_sec"": null, ""filter_cutoff"": 60000.0}",162,224,152,0.9382716049382716,0.6785714285714286,0.7875647668393783,0.839378238341969,0.00715817237543974,0.03994503552717618,0.631578947368421,2.1724612345591643,11.554062471999941,
dwell,0.001,100,nano_ext[dpgmm],3,"{""threshold_method"": ""dpgmm"", ""sublevel_method"": ""dpgmm"", ""min_event_duration_sec"": 1e-05, ""filter_cutoff"": 10000.0}",162,162,162,1.0,1.0,1.0,1.0,0.023618569936433735,0.04653161366780599,0.5864197530864198,11.627479139075803,5.532951436000076,
dwell,0.001,100,nano_ext[dpgmm],4,"{""threshold_method"": ""dpgmm"", ""sublevel_method"": ""dpgmm"", ""min_event_duration_sec"": 1e-05, ""filter_cutoff"": null}",162,162,162,1.0,1.0,1.0,1.0,0.005353488445484939,0.030903943379719995,0.7098765432098766,3.8557140485950825,7.4549801759999355,
dwell,0.001,100,nano_ext[dpgmm],5,"{""threshold_method"": ""dpgmm"", ""sublevel_method"": ""dpgmm"", ""min_event_duration_sec"": 1e-05, ""filter_cutoff"": 60000.0}",162,295,152,0.9382716049382716,0.5152542372881356,0.6652078774617067,0.7089715536105032,0.00715817237543974,0.03994503552717618,0.631578947368421,2.1724612345591643,11.3741898400001,
dwell,0.001,100,nano_ext[dpgmm],6,"{""threshold_method"": ""dpgmm"", ""sublevel_method"": ""dpgmm"", ""min_event_duration_sec"": 3e-05, ""filter_cutoff"": 10000.0}",162,162,162,1.0,1.0,1.0,1.0,0.023618569936433735,0.04653161366780599,0.5864197530864198,11.627479139075803,5.353816955999946,
dwell,0.001,100,nano_ext[dpgmm],7,"{""threshold_method"": ""dpgmm"", ""sublevel_method"": ""dpgmm"", ""min_event_duration_sec"": 3e-05, ""filter_cutoff"": null}",162,162,162,1.0,1.0,1.0,1.0,0.005353488445484939,0.030903943379719995,0.7098765432098766,3.8557140485950825,7.96735111199996,
dwell,0.001,100,nano_ext[dpgmm],8,"{""threshold_method"": ""dpgmm"", ""sublevel_method"": ""dpgmm"", ""min_event_duration_sec"": 3e-05, ""filter_cutoff"": 60000.0}",162,272,152,0.9382716049382716,0.5588235294117647,0.7004608294930875,0.7465437788018433,0.00715817237543974,0.03994503552717618,0.631578947368421,2.1724612345591643,11.988181747999988,
dwell,0.001,100,nano_ext[dpgmm],9,"{""threshold_method"": ""dpgmm"", ""sublevel_method"": ""dpgmm"", ""min_event_duration_sec"": 0.0001, ""filter_cutoff"": 10000.0}",162,162,162,1.0,1.0,1.0,1.0,0.023618569936433735,0.04653161366780599,0.5864197530864198,11.627479139075803,6.006009177999886,
dwell,0.001,100,nano_ext[dpgmm],10,"{""threshold_method"": ""dpgmm"", ""sublevel_method"": ""dpgmm"", ""min_event_duration_sec"": 0.0001, ""filter_cutoff"": null}",162,162,162,1.0,1.0,1.0,1.0,0.005353488445484939,0.030903943379719995,0.7098765432098766,3.8557140485950825,7.376665676999892,
dwell,0.001,100,nano_ext[dpgmm],11,"{""threshold_method"": ""dpgmm"", ""sublevel_method"": ""dpgmm"", ""min_event_duration_sec"": 0.0001, ""filter_cutoff"": 60000.0}",162,213,152,0.9382716049382716,0.7136150234741784,0.8106666666666666,0.864,0.00715817237543974,0.03994503552717618,0.631578947368421,2.1724612345591643,11.802093326999966,
dwell,0.001,101,nano_ext[dpgmm],0,"{""threshold_method"": ""dpgmm"", ""sublevel_method"": ""dpgmm"", ""min_event_duration_sec"": null, ""filter_cutoff"": 10000.0}",180,159,159,0.8833333333333333,1.0,0.9380530973451328,0.9380530973451328,0.024867106039948128,0.04722805023193359,0.6981132075471698,8.508467011697496,5.529518466999889,
dwell,0.001,101,nano_ext[dpgmm],1,"{""threshold_method"": ""dpgmm"", ""sublevel_method"": ""dpgmm"", ""min_event_duration_sec"": null, ""filter_cutoff"": null}",180,180,180,1.0,1.0,1.0,1.0,0.004875773911005353,0.029961261569721384,0.7611111111111111,5.207602545478918,7.516191948999904,
dwell,0.001,101,nano_ext[dpgmm],2,"{""threshold_method"": ""dpgmm"", ""sublevel_method"": ""dpgmm"", ""min_event_duration_sec"": null, ""filter_cutoff"": 60000.0}",180,282,161,0.8944444444444445,0.5709219858156028,0.6969696969696969,0.7792207792207793,0.005891310386578471,0.03685086568196615,0.6521739130434783,4.558058566583867,12.188185087999955,
dwell,0.001,101,nano_ext[dpgmm],3,"{""threshold_method"": ""dpgmm"", ""sublevel_method"": ""dpgmm"", ""min_event_duration_sec"": 1e-05, ""filter_cutoff"": 10000.0}",180,180,180,1.0,1.0,1.0,1.0,0.025725512167974772,0.05264088312784831,0.6722222222222223,8.508467011697496,5.667463151999982,
dwell,0.001,101,nano_ext[dpgmm],4,"{""threshold_method"": ""dpgmm"", ""sublevel_method"": ""dpgmm"", ""min_event_duration_sec"": 1e-05, ""filter_cutoff"": null}",180,180,180,1.0,1.0,1.0,1.0,0.004875773911005353,0.029961261569721384,0.7611111111111111,5.207602545478918,7.378113104000022,
dwell,0.001,101,nano_ext[dpgmm],5,"{""threshold_method"": ""dpgmm"", ""sublevel_method"": ""dpgmm"", ""min_event_duration_sec"": 1e-05, ""filter_cutoff"": 60000.0}",180,364,161,0.8944444444444445,0.4423076923076923,0.5919117647058822,0.6617647058823529,0.005891310386578471,0.03685086568196615,0.6521739130434783,4.558058566583867,11.551330070999938,
dwell,0.001,101,nano_ext[dpgmm],6,"{""threshold_method"": ""dpgmm"", ""sublevel_method"": ""dpgmm"", ""min_event_duration_sec"": 3e-05, ""filter_cutoff"": 10000.0}",180,180,180,1.0,1.0,1.0,1.0,0.025725512167974772,0.05264088312784831,0.6722222222222223,8.508467011697496,5.851882498000123,
dwell,0.001,101,nano_ext[dpgmm],7,"{""threshold_method"": ""dpgmm"", ""sublevel_method"": ""dpgmm"", ""min_event_duration_sec"": 3e-05, ""filter_cutoff"": null}",180,180,180,1.0,1.0,1.0,1.0,0.004875773911005353,0.029961261569721384,0.7611111111111111,5.207602545478918,7.910684805999836,
dwell,0.001,101,nano_ext[dpgmm],8,"{""threshold_method"": ""dpgmm"", ""sublevel_method"": ""dpgmm"", ""min_event_duration_sec"": 3e-05, ""filter_cutoff"": 60000.0}",180,334,161,0.8944444444444445,0.4820359281437126,0.6264591439688716,0.7003891050583658,0.005891310386578471,0.03685086568196615,0.6521739130434783,4.558058566583867,12.714130618000127,
dwell,0.001,101,nano_ext[dpgmm],9,"{""threshold_method"": ""dpgmm"", ""sublevel_method"": ""dpgmm"", ""min_event_duration_sec"": 0.0001, ""filter_cutoff"": 10000.0}",180,180,180,1.0,1.0,1.0,1.0,0.025725512167974772,0.05264088312784831,0.6722222222222223,8.508467011697496,5.7427393340001345,
dwell,0.001,101,nano_ext[dpgmm],10,"{""threshold_method"": ""dpgmm"", ""sublevel_method"": ""dpgmm"", ""min_event_duration_sec"": 0.0001, ""filter_cutoff"": null}",180,180,180,1.0,1.0,1.0,1.0,0.004875773911005353,0.029961261569721384,0.7611111111111111,5.207602545478918,7.415378541999871,
dwell,0.001,101,nano_ext[dpgmm],11,"{""threshold_method"": ""dpgmm"", ""sublevel_method"": ""dpgmm"", ""min_event_duration_sec"": 0.0001, ""filter_cutoff"": 60000.0}",180,263,161,0.8944444444444445,0.6121673003802282,0.72686230248307,0.8126410835214446,0.005891310386578471,0.03685086568196615,0.6521739130434783,4.558058566583867,12.52577978499994,
dwell,0.01,100,nano_ext[dpgmm],0,"{""threshold_method"": ""dpgmm"", ""sublevel_method"": ""dpgmm"", ""min_event_duration_sec"": null, ""filter_cutoff"": 10000.0}",88,88,88,1.0,1.0,1.0,1.0,0.001986715337695768,0.01663029988606765,1.0,6.452157239822398,10.910365062999972,
dwell,0.01,100,nano_ext[dpgmm],1,"{""threshold_method"": ""dpgmm"", ""sublevel_method"": ""dpgmm"", ""min_event_duration_sec"": null, ""filter_cutoff"": null}",88,90,87,0.9886363636363636,0.9666666666666667,0.9775280898876404,0.9887640449438202,0.0005872995253426896,0.016292167319650167,1.0,3.7143493649693937,18.994426921000013,
dwell,0.01,100,nano_ext[dpgmm],2,"{""threshold_method"": ""dpgmm"", ""sublevel_method"": ""dpgmm"", ""min_event_duration_sec"": null, ""filter_cutoff"": 60000.0}",88,583,73,0.8295454545454546,0.12521440823327615,0.21758569299552905,0.26229508196721313,0.000653994881163717,0.036745770772298174,0.547945205479452,,35.26443211999981,
dwell,0.01,100,nano_ext[dpgmm],3,"{""threshold_method"": ""dpgmm"", ""sublevel_method"": ""dpgmm"", ""min_event_duration_sec"": 1e-05, ""filter_cutoff"": 10000.0}",88,88,88,1.0,1.0,1.0,1.0,0.001986715337695768,0.01663029988606765,1.0,6.452157239822398,11.161027862000083,
dwell,0.01,100,nano_ext[dpgmm],4,"{""threshold_method"": ""dpgmm"", ""sublevel_method"": ""dpgmm"", ""min_event_duration_sec"": 1e-05, ""filter_cutoff"": null}",88,90,87,0.9886363636363636,0.9666666666666667,0.9775280898876404,0.9887640449438202,0.0005872995253426896,0.016292167319650167,1.0,3.7143493649693937,18.89350265799999,
dwell,0.01,100,nano_ext[dpgmm],5,"{""threshold_method"": ""dpgmm"", ""sublevel_method"": ""dpgmm"", ""min_event_duration_sec"": 1e-05, ""filter_cutoff"": 60000.0}",88,983,73,0.8295454545454546,0.07426246185147507,0.13632119514472454,0.16433239962651727,0.000653994881163717,0.036745770772298174,0.547945205479452,,35.62663607400009,
dwell,0.01,100,nano_ext[dpgmm],6,"{""threshold_method"": ""dpgmm"", ""sublevel_method"": ""dpgmm"", ""min_event_duration_sec"": 3e-05, ""filter_cutoff"": 10000.0}",88,88,88,1.0,1.0,1.0,1.0,0.001986715337695768,0.01663029988606765,1.0,6.452157239822398,11.594586918000005,
dwell,0.01,100,nano_ext[dpgmm],7,"{""threshold_method"": ""dpgmm"", ""sublevel_method"": ""dpgmm"", ""min_event_duration_sec"": 3e-05, ""filter_cutoff"": null}",88,90,87,0.9886363636363636,0.9666666666666667,0.9775280898876404,0.9887640449438202,0.0005872995253426896,0.016292167319650167,1.0,3.7143493649693937,17.90701905700007,
dwell,0.01,100,nano_ext[dpgmm],8,"{""threshold_method"": ""dpgmm"", ""sublevel_method"": ""dpgmm"", ""min_event_duration_sec"": 3e-05, ""filter_cutoff"": 60000.0}",88,834,73,0.8295454545454546,0.08752997601918465,0.15835140997830804,0.19088937093275488,0.000653994881163717,0.036745770772298174,0.547945205479452,,34.827914027999896,
dwell,0.01,100,nano_ext[dpgmm],9,"{""threshold_method"": ""dpgmm"", ""sublevel_method"": ""dpgmm"", ""min_event_duration_sec"": 0.0001, ""filter_cutoff"": 10000.0}",88,88,88,1.0,1.0,1.0,1.0,0.001986715337695768,0.01663029988606765,1.0,6.452157239822398,11.09806966200017,
dwell,0.01,100,nano_ext[dpgmm],10,"{""threshold_method"": ""dpgmm"", ""sublevel_method"": ""dpgmm"", ""min_event_duration_sec"": 0.0001, ""filter_cutoff"": null}",88,90,87,0.9886363636363636,0.9666666666666667,0.9775280898876404,0.9887640449438202,0.0005872995253426896,0.016292167319650167,1.0,3.7143493649693937,17.810006237999914,
dwell,0.01,100,nano_ext[dpgmm],11,"{""threshold_method"": ""dpgmm"", ""sublevel_method"": ""dpgmm"", ""min_event_duration_sec"": 0.0001, ""filter_cutoff"": 60000.0}",88,510,73,0.8295454545454546,0.14313725490196078,0.24414715719063546,0.294314381270903,0.000653994881163717,0.036745770772298174,0.547945205479452,,34.949484414999915,
dwell,0.01,101,nano_ext[dpgmm],0,"{""threshold_method"": ""dpgmm"", ""sublevel_method"": ""dpgmm"", ""min_event_duration_sec"": null, ""filter_cutoff"": 10000.0}",91,91,91,1.0,1.0,1.0,1.0,0.002228416102638437,0.017627716064453125,1.0,5.563549792864109,10.83206650399984,
dwell,0.01,101,nano_ext[dpgmm],1,"{""threshold_method"": ""dpgmm"", ""sublevel_method"": ""dpgmm"", ""min_event_duration_sec"": null, ""filter_cutoff"": null}",91,92,91,1.0,0.9891304347826086,0.994535519125683,0.994535519125683,0.0006190532934846288,0.017797988410598764,1.0,4.791876481280433,20.931277360999957,
dwell,0.01,101,nano_ext[dpgmm],2,"{""threshold_method"": ""dpgmm"", ""sublevel_method"": ""dpgmm"", ""min_event_duration_sec"": null, ""filter_cutoff"": 60000.0}",91,786,65,0.7142857142857143,0.08269720101781171,0.14823261117445838,0.20752565564424172,0.0005880947836719713,0.024125417073567707,0.6923076923076923,,39.623936561999926,
dwell,0.01,101,nano_ext[dpgmm],3,"{""threshold_method"": ""dpgmm"", ""sublevel_method"": ""dpgmm"", ""min_event_duration_sec"": 1e-05, ""filter_cutoff"": 10000.0}",91,91,91,1.0,1.0,1.0,1.0,0.002228416102638437,0.017627716064453125,1.0,5.563549792864109,10.82434123600001,
dwell,0.01,101,nano_ext[dpgmm],4,"{""threshold_method"": ""dpgmm"", ""sublevel_method"": ""dpgmm"", ""min_event_duration_sec"": 1e-05, ""filter_cutoff"": null}",91,92,91,1.0,0.9891304347826086,0.994535519125683,0.994535519125683,0.0006190532934846288,0.017797988410598764,1.0,4.791876481280433,21.269573793000063,
dwell,0.01,101,nano_ext[dpgmm],5,"{""threshold_method"": ""dpgmm"", ""sublevel_method"": ""dpgmm"", ""min_event_duration_sec"": 1e-05, ""filter_cutoff"": 60000.0}",91,1250,65,0.7142857142857143,0.052,0.09694258016405667,0.13571961222967935,0.0005880947836719713,0.024125417073567707,0.6923076923076923,,38.40395400800003,
dwell,0.01,101,nano_ext[dpgmm],6,"{""threshold_method"": ""dpgmm"", ""sublevel_method"": ""dpgmm"", ""min_event_duration_sec"": 3e-05, ""filter_cutoff"": 10000.0}",91,91,91,1.0,1.0,1.0,1.0,0.002228416102638437,0.017627716064453125,1.0,5.563549792864109,11.439962531999981,
dwell,0.01,101,nano_ext[dpgmm],7,"{""threshold_method"": ""dpgmm"", ""sublevel_method"": ""dpgmm"", ""min_event_duration_sec"": 3e-05, ""filter_cutoff"": null}",91,92,91,1.0,0.9891304347826086,0.994535519125683,0.994535519125683,0.0006190532934846288,0.017797988410598764,1.0,4.791876481280433,20.990148223000006,
dwell,0.01,101,nano_ext[dpgmm],8,"{""threshold_method"": ""dpgmm"", ""sublevel_method"": ""dpgmm"", ""min_event_duration_sec"": 3e-05, ""filter_cutoff"": 60000.0}",91,1052,65,0.7142857142857143,0.06178707224334601,0.11373578302712162,0.15923009623797024,0.0005880947836719713,0.024125417073567707,0.6923076923076923,,38.339401963,
dwell,0.01,101,nano_ext[dpgmm],9,"{""threshold_method"": ""dpgmm"", ""sublevel_method"": ""dpgmm"", ""min_event_duration_sec"": 0.0001, ""filter_cutoff"": 10000.0}",91,91,91,1.0,1.0,1.0,1.0,0.002228416102638437,0.017627716064453125,1.0,5.563549792864109,11.436396536000075,
dwell,0.01,101,nano_ext[dpgmm],10,"{""threshold_method"": ""dpgmm"", ""sublevel_method"": ""dpgmm"", ""min_event_duration_sec"": 0.0001, ""filter_cutoff"": null}",91,92,91,1.0,0.9891304347826086,0.994535519125683,0.994535519125683,0.0006190532934846288,0.017797988410598764,1.0,4.791876481280433,20.04405264800016,
dwell,0.01,101,nano_ext[dpgmm],11,"{""threshold_method"": ""dpgmm"", ""sublevel_method"": ""dpgmm"", ""min_event_duration_sec"": 0.0001, ""filter_cutoff"": 60000.0}",91,705,65,0.7142857142857143,0.09219858156028368,0.16331658291457285,0.22864321608040197,0.0005880947836719713,0.024125417073567707,0.6923076923076923,,39.416976275000025,
dwell,0.1,100,nano_ext[dpgmm],0,"{""threshold_method"": ""dpgmm"", ""sublevel_method"": ""dpgmm"", ""min_event_duration_sec"": null, ""filter_cutoff"": 10000.0}",15,15,15,1.0,1.0,1.0,1.0,0.00020927701943220835,0.014192469735650736,1.0,7.599127348101309,10.894153585999902,
dwell,0.1,100,nano_ext[dpgmm],1,"{""threshold_method"": ""dpgmm"", ""sublevel_method"": ""dpgmm"", ""min_event_duration_sec"": null, ""filter_cutoff"": null}",15,15,15,1.0,1.0,1.0,1.0,4.513205681836196e-05,0.01366581774707634,1.0,3.521792608207619,16.275535794000007,
dwell,0.1,100,nano_ext[dpgmm],2,"{""threshold_method"": ""dpgmm"", ""sublevel_method"": ""dpgmm"", ""min_event_duration_sec"": null, ""filter_cutoff"": 60000.0}",15,653,13,0.8666666666666667,0.019908116385911178,0.03892215568862275,0.04491017964071856,3.785463714631848e-05,0.050579134623209746,0.5384615384615384,,35.92907953599979,
dwell,0.1,100,nano_ext[dpgmm],3,"{""threshold_method"": ""dpgmm"", ""sublevel_method"": ""dpgmm"", ""min_event_duration_sec"": 1e-05, ""filter_cutoff"": 10000.0}",15,15,15,1.0,1.0,1.0,1.0,0.00020927701943220835,0.014192469735650736,1.0,7.599127348101309,11.46567714999992,
dwell,0.1,100,nano_ext[dpgmm],4,"{""threshold_method"": ""dpgmm"", ""sublevel_method"": ""dpgmm"", ""min_event_duration_sec"": 1e-05, ""filter_cutoff"": null}",15,15,15,1.0,1.0,1.0,1.0,4.513205681836196e-05,0.01366581774707634,1.0,3.521792608207619,17.13285827499999,
dwell,0.1,100,nano_ext[dpgmm],5,"{""threshold_method"": ""dpgmm"", ""sublevel_method"": ""dpgmm"", ""min_event_duration_sec"": 1e-05, ""filter_cutoff"": 60000.0}",15,918,13,0.8666666666666667,0.014161220043572984,0.027867095391211145,0.03215434083601287,3.785463714631848e-05,0.050579134623209746,0.5384615384615384,,36.991616440999906,
dwell,0.1,100,nano_ext[dpgmm],6,"{""threshold_method"": ""dpgmm"", ""sublevel_method"": ""dpgmm"", ""min_event_duration_sec"": 3e-05, ""filter_cutoff"": 10000.0}",15,15,15,1.0,1.0,1.0,1.0,0.00020927701943220835,0.014192469735650736,1.0,7.599127348101309,11.380625878000046,
dwell,0.1,100,nano_ext[dpgmm],7,"{""threshold_method"": ""dpgmm"", ""sublevel_method"": ""dpgmm"", ""min_event_duration_sec"": 3e-05, ""filter_cutoff"": null}",15,15,15,1.0,1.0,1.0,1.0,4.513205681836196e-05,0.01366581774707634,1.0,3.521792608207619,17.563460032999956,
dwell,0.1,100,nano_ext[dpgmm],8,"{""threshold_method"": ""dpgmm"", ""sublevel_method"": ""dpgmm"", ""min_event_duration_sec"": 3e-05, ""filter_cutoff"": 60000.0}",15,829,13,0.8666666666666667,0.015681544028950542,0.030805687203791468,0.03554502369668247,3.785463714631848e-05,0.050579134623209746,0.5384615384615384,,37.85673907499995,
dwell,0.1,100,nano_ext[dpgmm],9,"{""threshold_method"": ""dpgmm"", ""sublevel_method"": ""dpgmm"", ""min_event_duration_sec"": 0.0001, ""filter_cutoff"": 10000.0}",15,15,15,1.0,1.0,1.0,1.0,0.00020927701943220835,0.014192469735650736,1.0,7.599127348101309,12.332155686000078,
dwell,0.1,100,nano_ext[dpgmm],10,"{""threshold_method"": ""dpgmm"", ""sublevel_method"": ""dpgmm"", ""min_event_duration_sec"": 0.0001, ""filter_cutoff"": null}",15,15,15,1.0,1.0,1.0,1.0,4.513205681836196e-05,0.01366581774707634,1.0,3.521792608207619,16.886431442999992,
dwell,0.1,100,nano_ext[dpgmm],11,"{""threshold_method"": ""dpgmm"", ""sublevel_method"": ""dpgmm"", ""min_event_duration_sec"": 0.0001, ""filter_cutoff"": 60000.0}",15,592,13,0.8666666666666667,0.02195945945945946,0.04283360790774301,0.049423393739703454,3.785463714631848e-05,0.050579134623209746,0.5384615384615384,,36.86976723099997,
dwell,0.1,101,nano_ext[dpgmm],0,"{""threshold_method"": ""dpgmm"", ""sublevel_method"": ""dpgmm"", ""min_event_duration_sec"": null, ""filter_cutoff"": 10000.0}",14,14,14,1.0,1.0,1.0,1.0,0.0002044978998068009,0.011887327829996745,1.0,7.0931568494359,10.58682534400009,
dwell,0.1,101,nano_ext[dpgmm],1,"{""threshold_method"": ""dpgmm"", ""sublevel_method"": ""dpgmm"", ""min_event_duration_sec"": null, ""filter_cutoff"": null}",14,14,14,1.0,1.0,1.0,1.0,3.670186233437349e-05,0.012226191664703383,1.0,3.8579503449653885,18.15576116000011,
dwell,0.1,101,nano_ext[dpgmm],2,"{""threshold_method"": ""dpgmm"", ""sublevel_method"": ""dpgmm"", ""min_event_duration_sec"": null, ""filter_cutoff"": 60000.0}",14,1594,9,0.6428571428571429,0.0056461731493099125,0.01119402985074627,0.017412935323383085,3.679304937744125e-05,0.014284769694010416,0.6666666666666666,,30.35938916300006,
dwell,0.1,101,nano_ext[dpgmm],3,"{""threshold_method"": ""dpgmm"", ""sublevel_method"": ""dpgmm"", ""min_event_duration_sec"": 1e-05, ""filter_cutoff"": 10000.0}",14,14,14,1.0,1.0,1.0,1.0,0.0002044978998068009,0.011887327829996745,1.0,7.0931568494359,10.601247403000116,
dwell,0.1,101,nano_ext[dpgmm],4,"{""threshold_method"": ""dpgmm"", ""sublevel_method"": ""dpgmm"", ""min_event_duration_sec"": 1e-05, ""filter_cutoff"": null}",14,14,14,1.0,1.0,1.0,1.0,3.670186233437349e-05,0.012226191664703383,1.0,3.8579503449653885,18.031949302000157,
dwell,0.1,101,nano_ext[dpgmm],5,"{""threshold_method"": ""dpgmm"", ""sublevel_method"": ""dpgmm"", ""min_event_duration_sec"": 1e-05, ""filter_cutoff"": 60000.0}",14,2918,9,0.6428571428571429,0.003084304318026045,0.006139154160982264,0.009549795361527967,3.679304937744125e-05,0.014284769694010416,0.6666666666666666,,30.01747688499995,
dwell,0.1,101,nano_ext[dpgmm],6,"{""threshold_method"": ""dpgmm"", ""sublevel_method"": ""dpgmm"", ""min_event_duration_sec"": 3e-05, ""filter_cutoff"": 10000.0}",14,14,14,1.0,1.0,1.0,1.0,0.0002044978998068009,0.011887327829996745,1.0,7.0931568494359,10.491462869000088,
dwell,0.1,101,nano_ext[dpgmm],7,"{""threshold_method"": ""dpgmm"", ""sublevel_method"": ""dpgmm"", ""min_event_duration_sec"": 3e-05, ""filter_cutoff"": null}",14,14,14,1.0,1.0,1.0,1.0,3.670186233437349e-05,0.012226191664703383,1.0,3.8579503449653885,17.742456584000138,
dwell,0.1,101,nano_ext[dpgmm],8,"{""threshold_method"": ""dpgmm"", ""sublevel_method"": ""dpgmm"", ""min_event_duration_sec"": 3e-05, ""filter_cutoff"": 60000.0}",14,2408,9,0.6428571428571429,0.003737541528239203,0.007431874483897605,0.011560693641618497,3.679304937744125e-05,0.014284769694010416,0.6666666666666666,,29.4036714880001,
dwell,0.1,101,nano_ext[dpgmm],9,"{""threshold_method"": ""dpgmm"", ""sublevel_method"": ""dpgmm"", ""min_event_duration_sec"": 0.0001, ""filter_cutoff"": 10000.0}",14,14,14,1.0,1.0,1.0,1.0,0.0002044978998068009,0.011887327829996745,1.0,7.0931568494359,11.221976143999882,
dwell,0.1,101,nano_ext[dpgmm],10,"{""threshold_method"": ""dpgmm"", ""sublevel_method"": ""dpgmm"", ""min_event_duration_sec"": 0.0001, ""filter_cutoff"": null}",14,14,14,1.0,1.0,1.0,1.0,3.670186233437349e-05,0.012226191664703383,1.0,3.8579503449653885,18.779921328,
dwell,0.1,101,nano_ext[dpgmm],11,"{""threshold_method"": ""dpgmm"", ""sublevel_method"": ""dpgmm"", ""min_event_duration_sec"": 0.0001, ""filter_cutoff"": 60000.0}",14,1369,9,0.6428571428571429,0.006574141709276844,0.013015184381778741,0.02024584237165582,3.679304937744125e-05,0.014284769694010416,0.6666666666666666,,28.664411613999846,
snr,2.0,100,nano_ext[gmm],0,"{""threshold_method"": ""gmm"", ""sublevel_method"": ""gmm"", ""min_event_duration_sec"": null, ""filter_cutoff"": 10000.0}",162,56,45,0.2777777777777778,0.8035714285714286,0.4128440366972477,0.5045871559633027,0.20954769331130257,0.1586073557535806,0.5333333333333333,376.43017400545983,13.182792834999873,
snr,2.0,100,nano_ext[gmm],1,"{""threshold_method"": ""gmm"", ""sublevel_method"": ""gmm"", ""min_event_duration_sec"": null, ""filter_cutoff"": null}",162,190,107,0.6604938271604939,0.5631578947368421,0.6079545454545454,0.8579545454545454,0.16348705932021865,0.1210191804014058,0.5700934579439252,203.85571404860082,15.276105885000106,
snr,2.0,100,nano_ext[gmm],2,"{""threshold_method"": ""gmm"", ""sublevel_method"": ""gmm"", ""min_event_duration_sec"": null, ""filter_cutoff"": 60000.0}",162,1180,127,0.7839506172839507,0.10762711864406779,0.18926974664679583,0.24143070044709392,0.1428752596842584,0.1028896967569987,0.5590551181102362,,16.2928693639999,
snr,2.0,100,nano_ext[gmm],3,"{""threshold_method"": ""gmm"", ""sublevel_method"": ""gmm"", ""min_event_duration_sec"": 1e-05, ""filter_cutoff"": 10000.0}",162,229,61,0.3765432098765432,0.2663755458515284,0.3120204603580563,0.8030690537084398,0.23443916417496707,0.1586073557535806,0.5409836065573771,376.43017400545983,12.469056690999878,
snr,2.0,100,nano_ext[gmm],4,"{""threshold_method"": ""gmm"", ""sublevel_method"": ""gmm"", ""min_event_duration_sec"": 1e-05, ""filter_cutoff"": null}",162,2260,107,0.6604938271604939,0.047345132743362835,0.0883567299752271,0.1337737407101569,0.16348705932021865,0.1210191804014058,0.5700934579439252,203.85571404860082,16.621564352000178,
snr,2.0,100,nano_ext[gmm],5,"{""threshold_method"": ""gmm"", ""sublevel_method"": ""gmm"", ""min_event_duration_sec"": 1e-05, ""filter_cutoff"": 60000.0}",162,24447,127,0.7839506172839507,0.0051949114410766144,0.010321427120159292,0.013165914909179567,0.1428752596842584,0.1028896967569987,0.5590551181102362,,18.74935875999995,
snr,2.0,100,nano_ext[gmm],6,"{""threshold_method"": ""gmm"", ""sublevel_method"": ""gmm"", ""min_event_duration_sec"": 3e-05, ""filter_cutoff"": 10000.0}",162,225,61,0.3765432098765432,0.27111111111111114,0.3152454780361757,0.8113695090439276,0.23443916417496707,0.1586073557535806,0.5409836065573771,376.43017400545983,13.486842487000104,
snr,2.0,100,nano_ext[gmm],7,"{""threshold_method"": ""gmm"", ""sublevel_method"": ""gmm"", ""min_event_duration_sec"": 3e-05, ""filter_cutoff"": null}",162,745,107,0.6604938271604939,0.1436241610738255,0.23594266813671447,0.3572216097023153,0.16348705932021865,0.1210191804014058,0.5700934579439252,203.85571404860082,15.786170302999835,
snr,2.0,100,nano_ext[gmm],8,"{""threshold_method"": ""gmm"", ""sublevel_method"": ""gmm"", ""min_event_duration_sec"": 3e-05, ""filter_cutoff"": 60000.0}",162,7569,127,0.7839506172839507,0.01677896683841987,0.03285474065450782,0.0419091967403958,0.1428752596842584,0.1028896967569987,0.5590551181102362,,18.380578155999956,
snr,2.0,100,nano_ext[gmm],9,"{""threshold_method"": ""gmm"", ""sublevel_method"": ""gmm"", ""min_event_duration_sec"": 0.0001, ""filter_cutoff"": 10000.0}",162,164,61,0.3765432098765432,0.3719512195121951,0.3742331288343559,0.8159509202453987,0.23443916417496707,0.1586073557535806,0.5409836065573771,376.43017400545983,12.169884878999937,
snr,2.0,100,nano_ext[gmm],10,"{""threshold_method"": ""gmm"", ""sublevel_method"": ""gmm"", ""min_event_duration_sec"": 0.0001, ""filter_cutoff"": null}",162,257,107,0.6604938271604939,0.4163424124513619,0.5107398568019093,0.7589498806682579,0.16348705932021865,0.1210191804014058,0.5700934579439252,203.85571404860082,15.390488003999963,
snr,2.0,100,nano_ext[gmm],11,"{""threshold_method"": ""gmm"", ""sublevel_method"": ""gmm"", ""min_event_duration_sec"": 0.0001, ""filter_cutoff"": 60000.0}",162,682,127,0.7839506172839507,0.18621700879765396,0.30094786729857825,0.38388625592417064,0.1428752596842584,0.1028896967569987,0.5590551181102362,,17.17513162199998,
snr,2.0,101,nano_ext[gmm],0,"{""threshold_method"": ""gmm"", ""sublevel_method"": ""gmm"", ""min_event_duration_sec"": null, ""filter_cutoff"": 10000.0}",180,49,34,0.18888888888888888,0.6938775510204082,0.296943231441048,0.4192139737991266,0.134719468230663,0.16124140421549488,0.7352941176470589,564.6984398255395,11.69985177600006,
snr,2.0,101,nano_ext[gmm],1,"{""threshold_method"": ""gmm"", ""sublevel_method"": ""gmm"", ""min_event_duration_sec"": null, ""filter_cutoff"": null}",180,61,9,0.05,0.14754098360655737,0.07468879668049794,0.4481327800829875,0.4238659993611332,0.2385693868001302,1.0,,11.193705681999973,
snr,2.0,101,nano_ext[gmm],2,"{""threshold_method"": ""gmm"", ""sublevel_method"": ""gmm"", ""min_event_duration_sec"": null, ""filter_cutoff"": 60000.0}",180,49,0,0.0,0.0,0.0,0.3056768558951965,,,,,11.85271922600009,
snr,2.0,101,nano_ext[gmm],3,"{""threshold_method"": ""gmm"", ""sublevel_method"": ""gmm"", ""min_event_duration_sec"": 1e-05, ""filter_cutoff"": 10000.0}",180,267,57,0.31666666666666665,0.21348314606741572,0.2550335570469799,0.7606263982102909,0.26711460137576476,0.14192860921223957,0.7543859649122807,564.6984398255395,12.86870014300007,
snr,2.0,101,nano_ext[gmm],4,"{""threshold_method"": ""gmm"", ""sublevel_method"": ""gmm"", ""min_event_duration_sec"": 1e-05, ""filter_cutoff"": null}",180,609,9,0.05,0.014778325123152709,0.022813688212927757,0.43852978453738906,0.4238659993611332,0.2385693868001302,1.0,,12.234446601999935,
snr,2.0,101,nano_ext[gmm],5,"{""threshold_method"": ""gmm"", ""sublevel_method"": ""gmm"", ""min_event_duration_sec"": 1e-05, ""filter_cutoff"": 60000.0}",180,1198,0,0.0,0.0,0.0,0.2554426705370102,,,,,12.284388724999872,
snr,2.0,101,nano_ext[gmm],6,"{""threshold_method"": ""gmm"", ""sublevel_method"": ""gmm"", ""min_event_duration_sec"": 3e-05, ""filter_cutoff"": 10000.0}",180,258,57,0.31666666666666665,0.22093023255813954,0.2602739726027397,0.771689497716895,0.26711460137576476,0.14192860921223957,0.7543859649122807,564.6984398255395,12.742478054000003,
snr,2.0,101,nano_ext[gmm],7,"{""threshold_method"": ""gmm"", ""sublevel_method"": ""gmm"", ""min_event_duration_sec"": 3e-05, ""filter_cutoff"": null}",180,395,9,0.05,0.02278481012658228,0.03130434782608696,0.5460869565217392,0.4238659993611332,0.2385693868001302,1.0,,11.898647200000141,
snr,2.0,101,nano_ext[gmm],8,"{""threshold_method"": ""gmm"", ""sublevel_method"": ""gmm"", ""min_event_duration_sec"": 3e-05, ""filter_cutoff"": 60000.0}",180,337,0,0.0,0.0,0.0,0.5029013539651838,,,,,12.280371777000028,
snr,2.0,101,nano_ext[gmm],9,"{""threshold_method"": ""gmm"", ""sublevel_method"": ""gmm"", ""min_event_duration_sec"": 0.0001, ""filter_cutoff"": 10000.0}",180,186,57,0.31666666666666665,0.3064516129032258,0.31147540983606564,0.808743169398907,0.26711460137576476,0.14192860921223957,0.7543859649122807,564.6984398255395,12.03957570600005,
snr,2.0,101,nano_ext[gmm],10,"{""threshold_method"": ""gmm"", ""sublevel_method"": ""gmm"", ""min_event_duration_sec"": 0.0001, ""filter_cutoff"": null}",180,158,9,0.05,0.056962025316455694,0.05325443786982249,0.650887573964497,0.4238659993611332,0.2385693868001302,1.0,,11.683045927999956,
snr,2.0,101,nano_ext[gmm],11,"{""threshold_method"": ""gmm"", ""sublevel_method"": ""gmm"", ""min_event_duration_sec"": 0.0001, ""filter_cutoff"": 60000.0}",180,21,0,0.0,0.0,0.0,0.1691542288557214,,,,,10.854546896000102,
snr,3.0,100,nano_ext[gmm],0,"{""threshold_method"": ""gmm"", ""sublevel_method"": ""gmm"", ""min_event_duration_sec"": null, ""filter_cutoff"": 10000.0}",162,97,92,0.5679012345679012,0.9484536082474226,0.7104247104247103,0.749034749034749,0.06200043309406435,0.08471471582116127,0.5217391304347826,352.70397663789146,13.350825210000039,
snr,3.0,100,nano_ext[gmm],1,"{""threshold_method"": ""gmm"", ""sublevel_method"": ""gmm"", ""min_event_duration_sec"": null, ""filter_cutoff"": null}",162,165,53,0.3271604938271605,0.3212121212121212,0.32415902140672787,0.7522935779816514,0.2679499164332608,0.11132634480794258,0.660377358490566,,13.76973871600012,
snr,3.0,100,nano_ext[gmm],2,"{""threshold_method"": ""gmm"", ""sublevel_method"": ""gmm"", ""min_event_duration_sec"": null, ""filter_cutoff"": 60000.0}",162,213,0,0.0,0.0,0.0,0.5493333333333333,,,,,12.036001939000016,
snr,3.0,100,nano_ext[gmm],3,"{""threshold_method"": ""gmm"", ""sublevel_method"": ""gmm"", ""min_event_duration_sec"": 1e-05, ""filter_cutoff"": 10000.0}",162,190,128,0.7901234567901234,0.6736842105263158,0.7272727272727273,0.9204545454545454,0.10810725643796876,0.08471471582116127,0.484375,352.70397663789146,13.629405821000091,
snr,3.0,100,nano_ext[gmm],4,"{""threshold_method"": ""gmm"", ""sublevel_method"": ""gmm"", ""min_event_duration_sec"": 1e-05, ""filter_cutoff"": null}",162,421,54,0.3333333333333333,0.12826603325415678,0.18524871355060035,0.5557461406518011,0.2720761765300628,0.11104716347943942,0.6666666666666666,,14.68757196300021,
snr,3.0,100,nano_ext[gmm],5,"{""threshold_method"": ""gmm"", ""sublevel_method"": ""gmm"", ""min_event_duration_sec"": 1e-05, ""filter_cutoff"": 60000.0}",162,1145,0,0.0,0.0,0.0,0.24789594491201222,,,,,11.875748482000063,
snr,3.0,100,nano_ext[gmm],6,"{""threshold_method"": ""gmm"", ""sublevel_method"": ""gmm"", ""min_event_duration_sec"": 3e-05, ""filter_cutoff"": 10000.0}",162,184,128,0.7901234567901234,0.6956521739130435,0.7398843930635839,0.9364161849710982,0.10810725643796876,0.08471471582116127,0.484375,352.70397663789146,13.567929663000086,
snr,3.0,100,nano_ext[gmm],7,"{""threshold_method"": ""gmm"", ""sublevel_method"": ""gmm"", ""min_event_duration_sec"": 3e-05, ""filter_cutoff"": null}",162,360,54,0.3333333333333333,0.15,0.20689655172413793,0.6206896551724138,0.2720761765300628,0.11104716347943942,0.6666666666666666,,13.61982077499988,
snr,3.0,100,nano_ext[gmm],8,"{""threshold_method"": ""gmm"", ""sublevel_method"": ""gmm"", ""min_event_duration_sec"": 3e-05, ""filter_cutoff"": 60000.0}",162,589,0,0.0,0.0,0.0,0.4101198402130493,,,,,11.574804295999911,
snr,3.0,100,nano_ext[gmm],9,"{""threshold_method"": ""gmm"", ""sublevel_method"": ""gmm"", ""min_event_duration_sec"": 0.0001, ""filter_cutoff"": 10000.0}",162,168,128,0.7901234567901234,0.7619047619047619,0.7757575757575756,0.9757575757575757,0.10810725643796876,0.08471471582116127,0.484375,352.70397663789146,13.029277271999945,
snr,3.0,100,nano_ext[gmm],10,"{""threshold_method"": ""gmm"", ""sublevel_method"": ""gmm"", ""min_event_duration_sec"": 0.0001, ""filter_cutoff"": null}",162,249,54,0.3333333333333333,0.21686746987951808,0.26277372262773724,0.7445255474452556,0.2720761765300628,0.11104716347943942,0.6666666666666666,,13.624276941000062,
snr,3.0,100,nano_ext[gmm],11,"{""threshold_method"": ""gmm"", ""sublevel_method"": ""gmm"", ""min_event_duration_sec"": 0.0001, ""filter_cutoff"": 60000.0}",162,138,0,0.0,0.0,0.0,0.54,,,,,11.444597644000169,
snr,3.0,101,nano_ext[gmm],0,"{""threshold_method"": ""gmm"", ""sublevel_method"": ""gmm"", ""min_event_duration_sec"": null, ""filter_cutoff"": 10000.0}",180,113,101,0.5611111111111111,0.8938053097345132,0.6894197952218429,0.7713310580204779,0.06425640014910404,0.06433436075846354,0.6039603960396039,220.91704365845288,14.546071194999968,
snr,3.0,101,nano_ext[gmm],1,"{""threshold_method"": ""gmm"", ""sublevel_method"": ""gmm"", ""min_event_duration_sec"": null, ""filter_cutoff"": null}",180,170,56,0.3111111111111111,0.32941176470588235,0.32,0.7428571428571428,0.3038591206474099,0.11214497884114583,0.7678571428571429,333.2596760575734,12.972083752999879,
snr,3.0,101,nano_ext[gmm],2,"{""threshold_method"": ""gmm"", ""sublevel_method"": ""gmm"", ""min_event_duration_sec"": null, ""filter_cutoff"": 60000.0}",180,191,2,0.011111111111111112,0.010471204188481676,0.01078167115902965,0.5768194070080863,0.38995625329510397,0.1886217753092448,1.0,,13.041462624999895,
snr,3.0,101,nano_ext[gmm],3,"{""threshold_method"": ""gmm"", ""sublevel_method"": ""gmm"", ""min_event_duration_sec"": 1e-05, ""filter_cutoff"": 10000.0}",180,208,133,0.7388888888888889,0.6394230769230769,0.6855670103092784,0.9175257731958762,0.08690264477362925,0.06992134500167095,0.5488721804511278,220.91704365845288,13.991495449000013,
snr,3.0,101,nano_ext[gmm],4,"{""threshold_method"": ""gmm"", ""sublevel_method"": ""gmm"", ""min_event_duration_sec"": 1e-05, ""filter_cutoff"": null}",180,475,57,0.31666666666666665,0.12,0.17404580152671756,0.5465648854961832,0.30634376385231943,0.1106890360514323,0.7719298245614035,333.2596760575734,13.961339398000064,
snr,3.0,101,nano_ext[gmm],5,"{""threshold_method"": ""gmm"", ""sublevel_method"": ""gmm"", ""min_event_duration_sec"": 1e-05, ""filter_cutoff"": 60000.0}",180,1235,2,0.011111111111111112,0.0016194331983805667,0.0028268551236749115,0.2530035335689046,0.38995625329510397,0.1886217753092448,1.0,,12.12710941599994,
snr,3.0,101,nano_ext[gmm],6,"{""threshold_method"": ""gmm"", ""sublevel_method"": ""gmm"", ""min_event_duration_sec"": 3e-05, ""filter_cutoff"": 10000.0}",180,204,133,0.7388888888888889,0.6519607843137255,0.6927083333333334,0.9270833333333334,0.08690264477362925,0.06992134500167095,0.5488721804511278,220.91704365845288,13.157813925000028,
snr,3.0,101,nano_ext[gmm],7,"{""threshold_method"": ""gmm"", ""sublevel_method"": ""gmm"", ""min_event_duration_sec"": 3e-05, ""filter_cutoff"": null}",180,395,57,0.31666666666666665,0.14430379746835442,0.19826086956521738,0.6191304347826087,0.30634376385231943,0.1106890360514323,0.7719298245614035,333.2596760575734,12.021942224999975,
snr,3.0,101,nano_ext[gmm],8,"{""threshold_method"": ""gmm"", ""sublevel_method"": ""gmm"", ""min_event_duration_sec"": 3e-05, ""filter_cutoff"": 60000.0}",180,620,2,0.011111111111111112,0.0032258064516129032,0.005,0.42000000000000004,0.38995625329510397,0.1886217753092448,1.0,,11.83779771699983,
snr,3.0,101,nano_ext[gmm],9,"{""threshold_method"": ""gmm"", ""sublevel_method"": ""gmm"", ""min_event_duration_sec"": 0.0001, ""filter_cutoff"": 10000.0}",180,186,133,0.7388888888888889,0.7150537634408602,0.7267759562841529,0.9508196721311476,0.08690264477362925,0.06992134500167095,0.5488721804511278,220.91704365845288,13.086327337000057,
snr,3.0,101,nano_ext[gmm],10,"{""threshold_method"": ""gmm"", ""sublevel_method"": ""gmm"", ""min_event_duration_sec"": 0.0001, ""filter_cutoff"": null}",180,268,57,0.31666666666666665,0.2126865671641791,0.2544642857142857,0.7455357142857142,0.30634376385231943,0.1106890360514323,0.7719298245614035,333.2596760575734,12.208509879999838,
snr,3.0,101,nano_ext[gmm],11,"{""threshold_method"": ""gmm"", ""sublevel_method"": ""gmm"", ""min_event_duration_sec"": 0.0001, ""filter_cutoff"": 60000.0}",180,125,2,0.011111111111111112,0.016,0.013114754098360656,0.518032786885246,0.38995625329510397,0.1886217753092448,1.0,,12.366378224999835,
snr,5.0,100,nano_ext[gmm],0,"{""threshold_method"": ""gmm"", ""sublevel_method"": ""gmm"", ""min_event_duration_sec"": null, ""filter_cutoff"": 10000.0}",162,139,139,0.8580246913580247,1.0,0.9235880398671097,0.9235880398671097,0.011383382774101466,0.0488560994466147,0.41007194244604317,21.943254260747835,15.269832390999909,
snr,5.0,100,nano_ext[gmm],1,"{""threshold_method"": ""gmm"", ""sublevel_method"": ""gmm"", ""min_event_duration_sec"": null, ""filter_cutoff"": null}",162,166,136,0.8395061728395061,0.8192771084337349,0.8292682926829269,0.9390243902439024,0.019373342699924353,0.06687379659742326,0.5588235294117647,5.973013358584467,15.300525134999816,
snr,5.0,100,nano_ext[gmm],2,"{""threshold_method"": ""gmm"", ""sublevel_method"": ""gmm"", ""min_event_duration_sec"": null, ""filter_cutoff"": 60000.0}",162,234,106,0.654320987654321,0.452991452991453,0.5353535353535354,0.8181818181818181,0.22294679499285605,0.05288098653157558,0.6698113207547169,,16.190542608999976,
snr,5.0,100,nano_ext[gmm],3,"{""threshold_method"": ""gmm"", ""sublevel_method"": ""gmm"", ""min_event_duration_sec"": 1e-05, ""filter_cutoff"": 10000.0}",162,162,162,1.0,1.0,1.0,1.0,0.01304019855306806,0.050565167941268044,0.42592592592592593,21.943254260747835,15.502246996000167,
snr,5.0,100,nano_ext[gmm],4,"{""threshold_method"": ""gmm"", ""sublevel_method"": ""gmm"", ""min_event_duration_sec"": 1e-05, ""filter_cutoff"": null}",162,267,138,0.8518518518518519,0.5168539325842697,0.6433566433566433,0.7552447552447552,0.019850025553828914,0.06546812219934699,0.5579710144927537,5.973013358584467,15.706663122000009,
snr,5.0,100,nano_ext[gmm],5,"{""threshold_method"": ""gmm"", ""sublevel_method"": ""gmm"", ""min_event_duration_sec"": 1e-05, ""filter_cutoff"": 60000.0}",162,480,106,0.654320987654321,0.22083333333333333,0.3302180685358255,0.5046728971962617,0.22294679499285605,0.05288098653157558,0.6698113207547169,,14.818836851999777,
snr,5.0,100,nano_ext[gmm],6,"{""threshold_method"": ""gmm"", ""sublevel_method"": ""gmm"", ""min_event_duration_sec"": 3e-05, ""filter_cutoff"": 10000.0}",162,162,162,1.0,1.0,1.0,1.0,0.01304019855306806,0.050565167941268044,0.42592592592592593,21.943254260747835,14.350222574999862,
snr,5.0,100,nano_ext[gmm],7,"{""threshold_method"": ""gmm"", ""sublevel_method"": ""gmm"", ""min_event_duration_sec"": 3e-05, ""filter_cutoff"": null}",162,232,138,0.8518518518518519,0.5948275862068966,0.7005076142131981,0.8223350253807107,0.019850025553828914,0.06546812219934699,0.5579710144927537,5.973013358584467,14.967253491999827,
snr,5.0,100,nano_ext[gmm],8,"{""threshold_method"": ""gmm"", ""sublevel_method"": ""gmm"", ""min_event_duration_sec"": 3e-05, ""filter_cutoff"": 60000.0}",162,305,106,0.654320987654321,0.3475409836065574,0.4539614561027838,0.6937901498929335,0.22294679499285605,0.05288098653157558,0.6698113207547169,,15.195307415999878,
snr,5.0,100,nano_ext[gmm],9,"{""threshold_method"": ""gmm"", ""sublevel_method"": ""gmm"", ""min_event_duration_sec"": 0.0001, ""filter_cutoff"": 10000.0}",162,162,162,1.0,1.0,1.0,1.0,0.01304019855306806,0.050565167941268044,0.42592592592592593,21.943254260747835,15.825549648999868,
snr,5.0,100,nano_ext[gmm],10,"{""threshold_method"": ""gmm"", ""sublevel_method"": ""gmm"", ""min_event_duration_sec"": 0.0001, ""filter_cutoff"": null}",162,188,138,0.8518518518518519,0.7340425531914894,0.7885714285714285,0.9257142857142857,0.019850025553828914,0.06546812219934699,0.5579710144927537,5.973013358584467,16.77335776399991,
snr,5.0,100,nano_ext[gmm],11,"{""threshold_method"": ""gmm"", ""sublevel_method"": ""gmm"", ""min_event_duration_sec"": 0.0001, ""filter_cutoff"": 60000.0}",162,222,106,0.654320987654321,0.4774774774774775,0.5520833333333334,0.8333333333333333,0.22294679499285605,0.05288098653157558,0.6698113207547169,,15.890806946000112,
snr,5.0,101,nano_ext[gmm],0,"{""threshold_method"": ""gmm"", ""sublevel_method"": ""gmm"", ""min_event_duration_sec"": null, ""filter_cutoff"": 10000.0}",180,159,159,0.8833333333333333,1.0,0.9380530973451328,0.9380530973451328,0.031069163750426038,0.05939350128173828,0.5157232704402516,11.857408756199561,15.404589924999982,
snr,5.0,101,nano_ext[gmm],1,"{""threshold_method"": ""gmm"", ""sublevel_method"": ""gmm"", ""min_event_duration_sec"": null, ""filter_cutoff"": null}",180,188,148,0.8222222222222222,0.7872340425531915,0.8043478260869565,0.9565217391304347,0.022671423479463763,0.05914150873819987,0.6216216216216216,256.89605913514765,16.411646939999855,
snr,5.0,101,nano_ext[gmm],2,"{""threshold_method"": ""gmm"", ""sublevel_method"": ""gmm"", ""min_event_duration_sec"": null, ""filter_cutoff"": 60000.0}",180,370,60,0.3333333333333333,0.16216216216216217,0.2181818181818182,0.64,0.2832493024712496,0.050222778320312494,0.85,,13.057500169999912,
snr,5.0,101,nano_ext[gmm],3,"{""threshold_method"": ""gmm"", ""sublevel_method"": ""gmm"", ""min_event_duration_sec"": 1e-05, ""filter_cutoff"": 10000.0}",180,487,180,1.0,0.36960985626283366,0.5397301349325337,0.5397301349325337,0.03426564585801006,0.064098323923528,0.5111111111111111,11.857408756199561,15.972666979999985,
snr,5.0,101,nano_ext[gmm],4,"{""threshold_method"": ""gmm"", ""sublevel_method"": ""gmm"", ""min_event_duration_sec"": 1e-05, ""filter_cutoff"": null}",180,333,148,0.8222222222222222,0.4444444444444444,0.5769980506822612,0.7017543859649124,0.022671423479463763,0.05914150873819987,0.6216216216216216,256.89605913514765,15.76490687799992,
snr,5.0,101,nano_ext[gmm],5,"{""threshold_method"": ""gmm"", ""sublevel_method"": ""gmm"", ""min_event_duration_sec"": 1e-05, ""filter_cutoff"": 60000.0}",180,680,60,0.3333333333333333,0.08823529411764706,0.13953488372093023,0.4186046511627907,0.2832493024712496,0.050222778320312494,0.85,,12.177233549999983,
snr,5.0,101,nano_ext[gmm],6,"{""threshold_method"": ""gmm"", ""sublevel_method"": ""gmm"", ""min_event_duration_sec"": 3e-05, ""filter_cutoff"": 10000.0}",180,410,180,1.0,0.43902439024390244,0.6101694915254238,0.6101694915254238,0.03426564585801006,0.064098323923528,0.5111111111111111,11.857408756199561,15.75729519499987,
snr,5.0,101,nano_ext[gmm],7,"{""threshold_method"": ""gmm"", ""sublevel_method"": ""gmm"", ""min_event_duration_sec"": 3e-05, ""filter_cutoff"": null}",180,293,148,0.8222222222222222,0.5051194539249146,0.6257928118393234,0.7610993657505286,0.022671423479463763,0.05914150873819987,0.6216216216216216,256.89605913514765,15.751266072999897,
snr,5.0,101,nano_ext[gmm],8,"{""threshold_method"": ""gmm"", ""sublevel_method"": ""gmm"", ""min_event_duration_sec"": 3e-05, ""filter_cutoff"": 60000.0}",180,489,60,0.3333333333333333,0.12269938650306748,0.17937219730941703,0.538116591928251,0.2832493024712496,0.050222778320312494,0.85,,13.172171176999882,
snr,5.0,101,nano_ext[gmm],9,"{""threshold_method"": ""gmm"", ""sublevel_method"": ""gmm"", ""min_event_duration_sec"": 0.0001, ""filter_cutoff"": 10000.0}",180,211,180,1.0,0.8530805687203792,0.9207161125319694,0.9207161125319694,0.03426564585801006,0.064098323923528,0.5111111111111111,11.857408756199561,16.262916641999936,
snr,5.0,101,nano_ext[gmm],10,"{""threshold_method"": ""gmm"", ""sublevel_method"": ""gmm"", ""min_event_duration_sec"": 0.0001, ""filter_cutoff"": null}",180,224,148,0.8222222222222222,0.6607142857142857,0.7326732673267325,0.8861386138613861,0.022671423479463763,0.05914150873819987,0.6216216216216216,256.89605913514765,16.156991817000062,
snr,5.0,101,nano_ext[gmm],11,"{""threshold_method"": ""gmm"", ""sublevel_method"": ""gmm"", ""min_event_duration_sec"": 0.0001, ""filter_cutoff"": 60000.0}",180,337,60,0.3333333333333333,0.17804154302670624,0.2321083172147002,0.6692456479690522,0.2832493024712496,0.050222778320312494,0.85,,12.88920629900008,
snr,8.0,100,nano_ext[gmm],0,"{""threshold_method"": ""gmm"", ""sublevel_method"": ""gmm"", ""min_event_duration_sec"": null, ""filter_cutoff"": 10000.0}",162,148,148,0.9135802469135802,1.0,0.9548387096774192,0.9548387096774192,0.024405333196295877,0.04367170333862311,0.4189189189189189,15.256788244766284,14.569208061000154,
snr,8.0,100,nano_ext[gmm],1,"{""threshold_method"": ""gmm"", ""sublevel_method"": ""gmm"", ""min_event_duration_sec"": null, ""filter_cutoff"": null}",162,162,162,1.0,1.0,1.0,1.0,0.006065562040691912,0.031390367967642135,0.6419753086419753,3.8809394347083526,17.2326850689999,
snr,8.0,100,nano_ext[gmm],2,"{""threshold_method"": ""gmm"", ""sublevel_method"": ""gmm"", ""min_event_duration_sec"": null, ""filter_cutoff"": 60000.0}",162,190,159,0.9814814814814815,0.8368421052631579,0.9034090909090909,0.9204545454545454,0.003455736458539374,0.029193814595540366,0.7421383647798742,2.2781872885957455,17.378547685000058,
snr,8.0,100,nano_ext[gmm],3,"{""threshold_method"": ""gmm"", ""sublevel_method"": ""gmm"", ""min_event_duration_sec"": 1e-05, ""filter_cutoff"": 10000.0}",162,162,162,1.0,1.0,1.0,1.0,0.024934574616722924,0.04653161366780599,0.43209876543209874,15.256788244766284,15.443470858000182,
snr,8.0,100,nano_ext[gmm],4,"{""threshold_method"": ""gmm"", ""sublevel_method"": ""gmm"", ""min_event_duration_sec"": 1e-05, ""filter_cutoff"": null}",162,162,162,1.0,1.0,1.0,1.0,0.006065562040691912,0.031390367967642135,0.6419753086419753,3.8809394347083526,16.148353302000032,
snr,8.0,100,nano_ext[gmm],5,"{""threshold_method"": ""gmm"", ""sublevel_method"": ""gmm"", ""min_event_duration_sec"": 1e-05, ""filter_cutoff"": 60000.0}",162,203,159,0.9814814814814815,0.7832512315270936,0.8712328767123287,0.8876712328767122,0.003455736458539374,0.029193814595540366,0.7421383647798742,2.2781872885957455,17.098735372999954,
snr,8.0,100,nano_ext[gmm],6,"{""threshold_method"": ""gmm"", ""sublevel_method"": ""gmm"", ""min_event_duration_sec"": 3e-05, ""filter_cutoff"": 10000.0}",162,162,162,1.0,1.0,1.0,1.0,0.024934574616722924,0.04653161366780599,0.43209876543209874,15.256788244766284,15.226598729999978,
snr,8.0,100,nano_ext[gmm],7,"{""threshold_method"": ""gmm"", ""sublevel_method"": ""gmm"", ""min_event_duration_sec"": 3e-05, ""filter_cutoff"": null}",162,162,162,1.0,1.0,1.0,1.0,0.006065562040691912,0.031390367967642135,0.6419753086419753,3.8809394347083526,17.823564939000107,
snr,8.0,100,nano_ext[gmm],8,"{""threshold_method"": ""gmm"", ""sublevel_method"": ""gmm"", ""min_event_duration_sec"": 3e-05, ""filter_cutoff"": 60000.0}",162,197,159,0.9814814814814815,0.8071065989847716,0.8857938718662952,0.9025069637883009,0.003455736458539374,0.029193814595540366,0.7421383647798742,2.2781872885957455,17.94600510400005,
snr,8.0,100,nano_ext[gmm],9,"{""threshold_method"": ""gmm"", ""sublevel_method"": ""gmm"", ""min_event_duration_sec"": 0.0001, ""filter_cutoff"": 10000.0}",162,162,162,1.0,1.0,1.0,1.0,0.024934574616722924,0.04653161366780599,0.43209876543209874,15.256788244766284,15.617095016000121,
snr,8.0,100,nano_ext[gmm],10,"{""threshold_method"": ""gmm"", ""sublevel_method"": ""gmm"", ""min_event_duration_sec"": 0.0001, ""filter_cutoff"": null}",162,162,162,1.0,1.0,1.0,1.0,0.006065562040691912,0.031390367967642135,0.6419753086419753,3.8809394347083526,17.851694985999984,
snr,8.0,100,nano_ext[gmm],11,"{""threshold_method"": ""gmm"", ""sublevel_method"": ""gmm"", ""min_event_duration_sec"": 0.0001, ""filter_cutoff"": 60000.0}",162,187,159,0.9814814814814815,0.8502673796791443,0.9111747851002865,0.9283667621776505,0.003455736458539374,0.029193814595540366,0.7421383647798742,2.2781872885957455,17.867697507999992,
snr,8.0,101,nano_ext[gmm],0,"{""threshold_method"": ""gmm"", ""sublevel_method"": ""gmm"", ""min_event_duration_sec"": null, ""filter_cutoff"": 10000.0}",180,159,159,0.8833333333333333,1.0,0.9380530973451328,0.9380530973451328,0.025256692714701573,0.049410247802734376,0.559748427672956,14.429855008851744,16.159328524000102,
snr,8.0,101,nano_ext[gmm],1,"{""threshold_method"": ""gmm"", ""sublevel_method"": ""gmm"", ""min_event_duration_sec"": null, ""filter_cutoff"": null}",180,180,180,1.0,1.0,1.0,1.0,0.012508107358867461,0.0329622294488854,0.7611111111111111,4.293524704657159,17.708702867000056,
snr,8.0,101,nano_ext[gmm],2,"{""threshold_method"": ""gmm"", ""sublevel_method"": ""gmm"", ""min_event_duration_sec"": null, ""filter_cutoff"": 60000.0}",180,229,177,0.9833333333333333,0.7729257641921398,0.8655256723716381,0.8801955990220048,0.005588338419856849,0.03400151029339674,0.7401129943502824,4.4851393055100885,17.88498583699993,
snr,8.0,101,nano_ext[gmm],3,"{""threshold_method"": ""gmm"", ""sublevel_method"": ""gmm"", ""min_event_duration_sec"": 1e-05, ""filter_cutoff"": 10000.0}",180,180,180,1.0,1.0,1.0,1.0,0.026527642275711465,0.05264088312784831,0.55,14.429855008851744,16.13258087600002,
snr,8.0,101,nano_ext[gmm],4,"{""threshold_method"": ""gmm"", ""sublevel_method"": ""gmm"", ""min_event_duration_sec"": 1e-05, ""filter_cutoff"": null}",180,263,180,1.0,0.6844106463878327,0.8126410835214446,0.8126410835214446,0.012508107358867461,0.0329622294488854,0.7611111111111111,4.293524704657159,17.760239813,
snr,8.0,101,nano_ext[gmm],5,"{""threshold_method"": ""gmm"", ""sublevel_method"": ""gmm"", ""min_event_duration_sec"": 1e-05, ""filter_cutoff"": 60000.0}",180,252,177,0.9833333333333333,0.7023809523809523,0.8194444444444444,0.8333333333333333,0.005588338419856849,0.03400151029339674,0.7401129943502824,4.4851393055100885,18.789843352999924,
snr,8.0,101,nano_ext[gmm],6,"{""threshold_method"": ""gmm"", ""sublevel_method"": ""gmm"", ""min_event_duration_sec"": 3e-05, ""filter_cutoff"": 10000.0}",180,180,180,1.0,1.0,1.0,1.0,0.026527642275711465,0.05264088312784831,0.55,14.429855008851744,16.65747783300003,
snr,8.0,101,nano_ext[gmm],7,"{""threshold_method"": ""gmm"", ""sublevel_method"": ""gmm"", ""min_event_duration_sec"": 3e-05, ""filter_cutoff"": null}",180,189,180,1.0,0.9523809523809523,0.975609756097561,0.975609756097561,0.012508107358867461,0.0329622294488854,0.7611111111111111,4.293524704657159,18.12707927700012,
snr,8.0,101,nano_ext[gmm],8,"{""threshold_method"": ""gmm"", ""sublevel_method"": ""gmm"", ""min_event_duration_sec"": 3e-05, ""filter_cutoff"": 60000.0}",180,243,177,0.9833333333333333,0.7283950617283951,0.8368794326241135,0.851063829787234,0.005588338419856849,0.03400151029339674,0.7401129943502824,4.4851393055100885,18.907025084999987,
snr,8.0,101,nano_ext[gmm],9,"{""threshold_method"": ""gmm"", ""sublevel_method"": ""gmm"", ""min_event_duration_sec"": 0.0001, ""filter_cutoff"": 10000.0}",180,180,180,1.0,1.0,1.0,1.0,0.026527642275711465,0.05264088312784831,0.55,14.429855008851744,16.522474310999996,
snr,8.0,101,nano_ext[gmm],10,"{""threshold_method"": ""gmm"", ""sublevel_method"": ""gmm"", ""min_event_duration_sec"": 0.0001, ""filter_cutoff"": null}",180,181,180,1.0,0.994475138121547,0.9972299168975068,0.9972299168975068,0.012508107358867461,0.0329622294488854,0.7611111111111111,4.293524704657159,20.383179859000165,
snr,8.0,101,nano_ext[gmm],11,"{""threshold_method"": ""gmm"", ""sublevel_method"": ""gmm"", ""min_event_duration_sec"": 0.0001, ""filter_cutoff"": 60000.0}",180,223,177,0.9833333333333333,0.7937219730941704,0.8784119106699751,0.8933002481389578,0.005588338419856849,0.03400151029339674,0.7401129943502824,4.4851393055100885,19.651665298000125,
snr,15.0,100,nano_ext[gmm],0,"{""threshold_method"": ""gmm"", ""sublevel_method"": ""gmm"", ""min_event_duration_sec"": null, ""filter_cutoff"": 10000.0}",162,151,151,0.9320987654320988,1.0,0.9648562300319489,0.9648562300319489,0.05444273317873307,0.06278705596923828,0.4966887417218543,22.44100570536478,16.769801473999905,
snr,15.0,100,nano_ext[gmm],1,"{""threshold_method"": ""gmm"", ""sublevel_method"": ""gmm"", ""min_event_duration_sec"": null, ""filter_cutoff"": null}",162,162,162,1.0,1.0,1.0,1.0,0.0167740706244771,0.0249142328898112,0.6666666666666666,4.394498266169222,18.028397636000136,
snr,15.0,100,nano_ext[gmm],2,"{""threshold_method"": ""gmm"", ""sublevel_method"": ""gmm"", ""min_event_duration_sec"": null, ""filter_cutoff"": 60000.0}",162,162,162,1.0,1.0,1.0,1.0,0.009654047527325446,0.01868969745311592,0.8395061728395061,1.952271255323268,19.849601558999893,
snr,15.0,100,nano_ext[gmm],3,"{""threshold_method"": ""gmm"", ""sublevel_method"": ""gmm"", ""min_event_duration_sec"": 1e-05, ""filter_cutoff"": 10000.0}",162,162,162,1.0,1.0,1.0,1.0,0.05799242641336734,0.06682224273681636,0.5061728395061729,22.44100570536478,17.764175617999854,
snr,15.0,100,nano_ext[gmm],4,"{""threshold_method"": ""gmm"", ""sublevel_method"": ""gmm"", ""min_event_duration_sec"": 1e-05, ""filter_cutoff"": null}",162,162,162,1.0,1.0,1.0,1.0,0.0167740706244771,0.0249142328898112,0.6666666666666666,4.394498266169222,18.595233780999934,
snr,15.0,100,nano_ext[gmm],5,"{""threshold_method"": ""gmm"", ""sublevel_method"": ""gmm"", ""min_event_duration_sec"": 1e-05, ""filter_cutoff"": 60000.0}",162,262,162,1.0,0.6183206106870229,0.7641509433962265,0.7641509433962265,0.009654047527325446,0.01868969745311592,0.8395061728395061,1.952271255323268,21.157800583000153,
snr,15.0,100,nano_ext[gmm],6,"{""threshold_method"": ""gmm"", ""sublevel_method"": ""gmm"", ""min_event_duration_sec"": 3e-05, ""filter_cutoff"": 10000.0}",162,162,162,1.0,1.0,1.0,1.0,0.05799242641336734,0.06682224273681636,0.5061728395061729,22.44100570536478,17.662111704999916,
snr,15.0,100,nano_ext[gmm],7,"{""threshold_method"": ""gmm"", ""sublevel_method"": ""gmm"", ""min_event_duration_sec"": 3e-05, ""filter_cutoff"": null}",162,162,162,1.0,1.0,1.0,1.0,0.0167740706244771,0.0249142328898112,0.6666666666666666,4.394498266169222,17.96295041899998,
snr,15.0,100,nano_ext[gmm],8,"{""threshold_method"": ""gmm"", ""sublevel_method"": ""gmm"", ""min_event_duration_sec"": 3e-05, ""filter_cutoff"": 60000.0}",162,162,162,1.0,1.0,1.0,1.0,0.009654047527325446,0.01868969745311592,0.8395061728395061,1.952271255323268,18.58885223900006,
snr,15.0,100,nano_ext[gmm],9,"{""threshold_method"": ""gmm"", ""sublevel_method"": ""gmm"", ""min_event_duration_sec"": 0.0001, ""filter_cutoff"": 10000.0}",162,162,162,1.0,1.0,1.0,1.0,0.05799242641336734,0.06682224273681636,0.5061728395061729,22.44100570536478,15.381440067000085,
snr,15.0,100,nano_ext[gmm],10,"{""threshold_method"": ""gmm"", ""sublevel_method"": ""gmm"", ""min_event_duration_sec"": 0.0001, ""filter_cutoff"": null}",162,162,162,1.0,1.0,1.0,1.0,0.0167740706244771,0.0249142328898112,0.6666666666666666,4.394498266169222,18.468755474999853,
snr,15.0,100,nano_ext[gmm],11,"{""threshold_method"": ""gmm"", ""sublevel_method"": ""gmm"", ""min_event_duration_sec"": 0.0001, ""filter_cutoff"": 60000.0}",162,162,162,1.0,1.0,1.0,1.0,0.009654047527325446,0.01868969745311592,0.8395061728395061,1.952271255323268,19.803660273999867,
snr,15.0,101,nano_ext[gmm],0,"{""threshold_method"": ""gmm"", ""sublevel_method"": ""gmm"", ""min_event_duration_sec"": null, ""filter_cutoff"": 10000.0}",180,166,166,0.9222222222222223,1.0,0.9595375722543353,0.9595375722543353,0.0847787444917028,0.08561461766560872,0.536144578313253,25.73409310446806,16.49875509100002,
snr,15.0,101,nano_ext[gmm],1,"{""threshold_method"": ""gmm"", ""sublevel_method"": ""gmm"", ""min_event_duration_sec"": null, ""filter_cutoff"": null}",180,180,180,1.0,1.0,1.0,1.0,0.016217778339035028,0.02718830108642578,0.7611111111111111,2.463874307689906,19.062998432000086,
snr,15.0,101,nano_ext[gmm],2,"{""threshold_method"": ""gmm"", ""sublevel_method"": ""gmm"", ""min_event_duration_sec"": null, ""filter_cutoff"": 60000.0}",180,180,180,1.0,1.0,1.0,1.0,0.004505132825509763,0.01619930093648965,0.8333333333333334,2.263776972988296,19.75309031400002,
snr,15.0,101,nano_ext[gmm],3,"{""threshold_method"": ""gmm"", ""sublevel_method"": ""gmm"", ""min_event_duration_sec"": 1e-05, ""filter_cutoff"": 10000.0}",180,526,180,1.0,0.34220532319391633,0.509915014164306,0.509915014164306,0.08895761911679428,0.09080922969156069,0.5222222222222223,25.73409310446806,17.49951057499993,
snr,15.0,101,nano_ext[gmm],4,"{""threshold_method"": ""gmm"", ""sublevel_method"": ""gmm"", ""min_event_duration_sec"": 1e-05, ""filter_cutoff"": null}",180,180,180,1.0,1.0,1.0,1.0,0.016217778339035028,0.02718830108642578,0.7611111111111111,2.463874307689906,19.919046423000054,
snr,15.0,101,nano_ext[gmm],5,"{""threshold_method"": ""gmm"", ""sublevel_method"": ""gmm"", ""min_event_duration_sec"": 1e-05, ""filter_cutoff"": 60000.0}",180,180,180,1.0,1.0,1.0,1.0,0.004505132825509763,0.01619930093648965,0.8333333333333334,2.263776972988296,20.97509387199989,
snr,15.0,101,nano_ext[gmm],6,"{""threshold_method"": ""gmm"", ""sublevel_method"": ""gmm"", ""min_event_duration_sec"": 3e-05, ""filter_cutoff"": 10000.0}",180,433,180,1.0,0.41570438799076215,0.5872756933115825,0.5872756933115825,0.08895761911679428,0.09080922969156069,0.5222222222222223,25.73409310446806,17.715534884999897,
snr,15.0,101,nano_ext[gmm],7,"{""threshold_method"": ""gmm"", ""sublevel_method"": ""gmm"", ""min_event_duration_sec"": 3e-05, ""filter_cutoff"": null}",180,180,180,1.0,1.0,1.0,1.0,0.016217778339035028,0.02718830108642578,0.7611111111111111,2.463874307689906,18.490944363999915,
snr,15.0,101,nano_ext[gmm],8,"{""threshold_method"": ""gmm"", ""sublevel_method"": ""gmm"", ""min_event_duration_sec"": 3e-05, ""filter_cutoff"": 60000.0}",180,180,180,1.0,1.0,1.0,1.0,0.004505132825509763,0.01619930093648965,0.8333333333333334,2.263776972988296,18.062423765999938,
snr,15.0,101,nano_ext[gmm],9,"{""threshold_method"": ""gmm"", ""sublevel_method"": ""gmm"", ""min_event_duration_sec"": 0.0001, ""filter_cutoff"": 10000.0}",180,216,180,1.0,0.8333333333333334,0.9090909090909091,0.9090909090909091,0.08895761911679428,0.09080922969156069,0.5222222222222223,25.73409310446806,17.02654285899962,
snr,15.0,101,nano_ext[gmm],10,"{""threshold_method"": ""gmm"", ""sublevel_method"": ""gmm"", ""min_event_duration_sec"": 0.0001, ""filter_cutoff"": null}",180,180,180,1.0,1.0,1.0,1.0,0.016217778339035028,0.02718830108642578,0.7611111111111111,2.463874307689906,18.932196904000193,
snr,15.0,101,nano_ext[gmm],11,"{""threshold_method"": ""gmm"", ""sublevel_method"": ""gmm"", ""min_event_duration_sec"": 0.0001, ""filter_cutoff"": 60000.0}",180,180,180,1.0,1.0,1.0,1.0,0.004505132825509763,0.01619930093648965,0.8333333333333334,2.263776972988296,20.23045456800037,
dwell,1e-05,100,nano_ext[gmm],0,"{""threshold_method"": ""gmm"", ""sublevel_method"": ""gmm"", ""min_event_duration_sec"": null, ""filter_cutoff"": 10000.0}",171,0,0,0.0,0.0,0.0,0.0,,,,,12.677895820999993,
dwell,1e-05,100,nano_ext[gmm],1,"{""threshold_method"": ""gmm"", ""sublevel_method"": ""gmm"", ""min_event_duration_sec"": null, ""filter_cutoff"": null}",171,0,0,0.0,0.0,0.0,0.0,,,,,12.029744256999948,
dwell,1e-05,100,nano_ext[gmm],2,"{""threshold_method"": ""gmm"", ""sublevel_method"": ""gmm"", ""min_event_duration_sec"": null, ""filter_cutoff"": 60000.0}",171,0,0,0.0,0.0,0.0,0.0,,,,,13.285616999000013,
dwell,1e-05,100,nano_ext[gmm],3,"{""threshold_method"": ""gmm"", ""sublevel_method"": ""gmm"", ""min_event_duration_sec"": 1e-05, ""filter_cutoff"": 10000.0}",171,4,1,0.005847953216374269,0.25,0.011428571428571429,0.045714285714285714,0.01082583279571653,0.5887326407614283,0.0,,12.299793038999951,
dwell,1e-05,100,nano_ext[gmm],4,"{""threshold_method"": ""gmm"", ""sublevel_method"": ""gmm"", ""min_event_duration_sec"": 1e-05, ""filter_cutoff"": null}",171,37,32,0.1871345029239766,0.8648648648648649,0.3076923076923077,0.34615384615384615,0.2983746800729105,0.52780179977417,0.75,,13.245104690000062,
dwell,1e-05,100,nano_ext[gmm],5,"{""threshold_method"": ""gmm"", ""sublevel_method"": ""gmm"", ""min_event_duration_sec"": 1e-05, ""filter_cutoff"": 60000.0}",171,54,49,0.28654970760233917,0.9074074074074074,0.43555555555555553,0.4799999999999999,0.12287083884249667,0.26559696197509775,0.7346938775510204,,13.328729616999908,
dwell,1e-05,100,nano_ext[gmm],6,"{""threshold_method"": ""gmm"", ""sublevel_method"": ""gmm"", ""min_event_duration_sec"": 3e-05, ""filter_cutoff"": 10000.0}",171,2,1,0.005847953216374269,0.5,0.011560693641618498,0.023121387283236997,0.01082583279571653,0.5887326407614283,0.0,,11.85713504599994,
dwell,1e-05,100,nano_ext[gmm],7,"{""threshold_method"": ""gmm"", ""sublevel_method"": ""gmm"", ""min_event_duration_sec"": 3e-05, ""filter_cutoff"": null}",171,3,2,0.011695906432748537,0.6666666666666666,0.022988505747126436,0.034482758620689655,0.1788437353203049,0.334010243286026,0.5,,12.677322347999961,
dwell,1e-05,100,nano_ext[gmm],8,"{""threshold_method"": ""gmm"", ""sublevel_method"": ""gmm"", ""min_event_duration_sec"": 3e-05, ""filter_cutoff"": 60000.0}",171,1,1,0.005847953216374269,1.0,0.011627906976744186,0.011627906976744186,0.01082583279571653,0.03494226634301773,0.0,,12.334095987000183,
dwell,1e-05,100,nano_ext[gmm],9,"{""threshold_method"": ""gmm"", ""sublevel_method"": ""gmm"", ""min_event_duration_sec"": 0.0001, ""filter_cutoff"": 10000.0}",171,0,0,0.0,0.0,0.0,0.0,,,,,11.423680663999903,
dwell,1e-05,100,nano_ext[gmm],10,"{""threshold_method"": ""gmm"", ""sublevel_method"": ""gmm"", ""min_event_duration_sec"": 0.0001, ""filter_cutoff"": null}",171,0,0,0.0,0.0,0.0,0.0,,,,,11.319096073999845,
dwell,1e-05,100,nano_ext[gmm],11,"{""threshold_method"": ""gmm"", ""sublevel_method"": ""gmm"", ""min_event_duration_sec"": 0.0001, ""filter_cutoff"": 60000.0}",171,0,0,0.0,0.0,0.0,0.0,,,,,12.315131688999827,
dwell,1e-05,101,nano_ext[gmm],0,"{""threshold_method"": ""gmm"", ""sublevel_method"": ""gmm"", ""min_event_duration_sec"": null, ""filter_cutoff"": 10000.0}",187,0,0,0.0,0.0,0.0,0.0,,,,,13.022939018999978,
dwell,1e-05,101,nano_ext[gmm],1,"{""threshold_method"": ""gmm"", ""sublevel_method"": ""gmm"", ""min_event_duration_sec"": null, ""filter_cutoff"": null}",187,0,0,0.0,0.0,0.0,0.0,,,,,13.301051009000048,
dwell,1e-05,101,nano_ext[gmm],2,"{""threshold_method"": ""gmm"", ""sublevel_method"": ""gmm"", ""min_event_duration_sec"": null, ""filter_cutoff"": 60000.0}",187,0,0,0.0,0.0,0.0,0.0,,,,,13.541671704999999,
dwell,1e-05,101,nano_ext[gmm],3,"{""threshold_method"": ""gmm"", ""sublevel_method"": ""gmm"", ""min_event_duration_sec"": 1e-05, ""filter_cutoff"": 10000.0}",187,5,4,0.0213903743315508,0.8,0.041666666666666664,0.05208333333333333,0.513168452167992,0.6492774100083663,0.5,,12.367225720000079,
dwell,1e-05,101,nano_ext[gmm],4,"{""threshold_method"": ""gmm"", ""sublevel_method"": ""gmm"", ""min_event_duration_sec"": 1e-05, ""filter_cutoff"": null}",187,38,34,0.18181818181818182,0.8947368421052632,0.3022222222222223,0.3377777777777778,0.29594706227151746,0.4911891500372644,0.5588235294117647,,12.62535694799999,
dwell,1e-05,101,nano_ext[gmm],5,"{""threshold_method"": ""gmm"", ""sublevel_method"": ""gmm"", ""min_event_duration_sec"": 1e-05, ""filter_cutoff"": 60000.0}",187,65,65,0.34759358288770054,1.0,0.5158730158730158,0.5158730158730158,0.22359252302759267,0.2793603261311849,0.6153846153846154,,13.164094388999956,
dwell,1e-05,101,nano_ext[gmm],6,"{""threshold_method"": ""gmm"", ""sublevel_method"": ""gmm"", ""min_event_duration_sec"": 3e-05, ""filter_cutoff"": 10000.0}",187,3,2,0.0106951871657754,0.6666666666666666,0.021052631578947368,0.031578947368421054,0.513168452167992,0.6485566661659034,0.5,,11.63439977500002,
dwell,1e-05,101,nano_ext[gmm],7,"{""threshold_method"": ""gmm"", ""sublevel_method"": ""gmm"", ""min_event_duration_sec"": 3e-05, ""filter_cutoff"": null}",187,4,3,0.016042780748663103,0.75,0.03141361256544503,0.0418848167539267,0.4109792132523855,0.35754955900738505,0.3333333333333333,,11.749700573000155,
dwell,1e-05,101,nano_ext[gmm],8,"{""threshold_method"": ""gmm"", ""sublevel_method"": ""gmm"", ""min_event_duration_sec"": 3e-05, ""filter_cutoff"": 60000.0}",187,0,0,0.0,0.0,0.0,0.0,,,,,12.634783299999981,
dwell,1e-05,101,nano_ext[gmm],9,"{""threshold_method"": ""gmm"", ""sublevel_method"": ""gmm"", ""min_event_duration_sec"": 0.0001, ""filter_cutoff"": 10000.0}",187,0,0,0.0,0.0,0.0,0.0,,,,,12.219767803000195,
dwell,1e-05,101,nano_ext[gmm],10,"{""threshold_method"": ""gmm"", ""sublevel_method"": ""gmm"", ""min_event_duration_sec"": 0.0001, ""filter_cutoff"": null}",187,0,0,0.0,0.0,0.0,0.0,,,,,12.228508736000094,
dwell,1e-05,101,nano_ext[gmm],11,"{""threshold_method"": ""gmm"", ""sublevel_method"": ""gmm"", ""min_event_duration_sec"": 0.0001, ""filter_cutoff"": 60000.0}",187,0,0,0.0,0.0,0.0,0.0,,,,,13.300254289999884,
dwell,3e-05,100,nano_ext[gmm],0,"{""threshold_method"": ""gmm"", ""sublevel_method"": ""gmm"", ""min_event_duration_sec"": null, ""filter_cutoff"": 10000.0}",171,55,0,0.0,0.0,0.0,0.061946902654867256,,,,,14.306611515999975,
dwell,3e-05,100,nano_ext[gmm],1,"{""threshold_method"": ""gmm"", ""sublevel_method"": ""gmm"", ""min_event_duration_sec"": null, ""filter_cutoff"": null}",171,1,0,0.0,0.0,0.0,0.0,,,,,13.73455801199998,
dwell,3e-05,100,nano_ext[gmm],2,"{""threshold_method"": ""gmm"", ""sublevel_method"": ""gmm"", ""min_event_duration_sec"": null, ""filter_cutoff"": 60000.0}",171,2,2,0.011695906432748537,1.0,0.023121387283236997,0.023121387283236997,0.11493677516438197,0.13074054777322175,0.5,,14.060566481000023,
dwell,3e-05,100,nano_ext[gmm],3,"{""threshold_method"": ""gmm"", ""sublevel_method"": ""gmm"", ""min_event_duration_sec"": 1e-05, ""filter_cutoff"": 10000.0}",171,3209,4,0.023391812865497075,0.0012464942349641633,0.002366863905325444,0.0970414201183432,0.8315806087153442,0.6224521525176245,0.25,,14.706221816999914,
dwell,3e-05,100,nano_ext[gmm],4,"{""threshold_method"": ""gmm"", ""sublevel_method"": ""gmm"", ""min_event_duration_sec"": 1e-05, ""filter_cutoff"": null}",171,1584,126,0.7368421052631579,0.07954545454545454,0.14358974358974358,0.19259259259259257,0.5708779919373128,0.4155918653951799,0.4365079365079365,,14.339371469999605,
dwell,3e-05,100,nano_ext[gmm],5,"{""threshold_method"": ""gmm"", ""sublevel_method"": ""gmm"", ""min_event_duration_sec"": 1e-05, ""filter_cutoff"": 60000.0}",171,1469,161,0.9415204678362573,0.10959836623553437,0.19634146341463415,0.2073170731707317,0.19765501013657852,0.2292181096281333,0.4720496894409938,,13.624557447999905,
dwell,3e-05,100,nano_ext[gmm],6,"{""threshold_method"": ""gmm"", ""sublevel_method"": ""gmm"", ""min_event_duration_sec"": 3e-05, ""filter_cutoff"": 10000.0}",171,2792,4,0.023391812865497075,0.0014326647564469914,0.0026999662504218693,0.11069861626729666,0.8315806087153442,0.6224521525176245,0.25,,14.872766889000104,
dwell,3e-05,100,nano_ext[gmm],7,"{""threshold_method"": ""gmm"", ""sublevel_method"": ""gmm"", ""min_event_duration_sec"": 3e-05, ""filter_cutoff"": null}",171,436,117,0.6842105263157895,0.268348623853211,0.385502471169687,0.514003294892916,0.5877090844360949,0.40111990153667576,0.46153846153846156,,13.952426538999589,
dwell,3e-05,100,nano_ext[gmm],8,"{""threshold_method"": ""gmm"", ""sublevel_method"": ""gmm"", ""min_event_duration_sec"": 3e-05, ""filter_cutoff"": 60000.0}",171,150,118,0.6900584795321637,0.7866666666666666,0.735202492211838,0.7601246105919004,0.18577247622425616,0.20318501374680803,0.5254237288135594,,13.111232075000316,
dwell,3e-05,100,nano_ext[gmm],9,"{""threshold_method"": ""gmm"", ""sublevel_method"": ""gmm"", ""min_event_duration_sec"": 0.0001, ""filter_cutoff"": 10000.0}",171,933,2,0.011695906432748537,0.0021436227224008574,0.003623188405797101,0.18840579710144925,0.926336656957574,0.5437846312598389,0.5,,14.237576786000318,
dwell,3e-05,100,nano_ext[gmm],10,"{""threshold_method"": ""gmm"", ""sublevel_method"": ""gmm"", ""min_event_duration_sec"": 0.0001, ""filter_cutoff"": null}",171,13,1,0.005847953216374269,0.07692307692307693,0.010869565217391304,0.05434782608695652,0.20336408666876152,0.13082556136470397,0.0,,12.796324372000072,
dwell,3e-05,100,nano_ext[gmm],11,"{""threshold_method"": ""gmm"", ""sublevel_method"": ""gmm"", ""min_event_duration_sec"": 0.0001, ""filter_cutoff"": 60000.0}",171,0,0,0.0,0.0,0.0,0.0,,,,,12.786463383999944,
dwell,3e-05,101,nano_ext[gmm],0,"{""threshold_method"": ""gmm"", ""sublevel_method"": ""gmm"", ""min_event_duration_sec"": null, ""filter_cutoff"": 10000.0}",187,1,0,0.0,0.0,0.0,0.0,,,,,14.900293150999914,
dwell,3e-05,101,nano_ext[gmm],1,"{""threshold_method"": ""gmm"", ""sublevel_method"": ""gmm"", ""min_event_duration_sec"": null, ""filter_cutoff"": null}",187,128,0,0.0,0.0,0.0,0.09523809523809523,,,,,14.768584052999813,
dwell,3e-05,101,nano_ext[gmm],2,"{""threshold_method"": ""gmm"", ""sublevel_method"": ""gmm"", ""min_event_duration_sec"": null, ""filter_cutoff"": 60000.0}",187,9,7,0.0374331550802139,0.7777777777777778,0.07142857142857141,0.08163265306122448,0.16775463435856983,0.17923936561473558,0.14285714285714285,,14.139565504000075,
dwell,3e-05,101,nano_ext[gmm],3,"{""threshold_method"": ""gmm"", ""sublevel_method"": ""gmm"", ""min_event_duration_sec"": 1e-05, ""filter_cutoff"": 10000.0}",187,729,24,0.12834224598930483,0.03292181069958848,0.05240174672489083,0.3777292576419214,0.7603787442671093,0.6417262849646517,0.2916666666666667,,14.70462799400002,
dwell,3e-05,101,nano_ext[gmm],4,"{""threshold_method"": ""gmm"", ""sublevel_method"": ""gmm"", ""min_event_duration_sec"": 1e-05, ""filter_cutoff"": null}",187,8150,64,0.3422459893048128,0.00785276073619632,0.01535324457238815,0.04486026148494663,0.5955496809041769,0.4122288386027018,0.5,,15.306981785000062,
dwell,3e-05,101,nano_ext[gmm],5,"{""threshold_method"": ""gmm"", ""sublevel_method"": ""gmm"", ""min_event_duration_sec"": 1e-05, ""filter_cutoff"": 60000.0}",187,2483,174,0.93048128342246,0.07007652033830045,0.13033707865168542,0.1400749063670412,0.2716235207084544,0.2503061294555664,0.5057471264367817,,13.605272314000104,
dwell,3e-05,101,nano_ext[gmm],6,"{""threshold_method"": ""gmm"", ""sublevel_method"": ""gmm"", ""min_event_duration_sec"": 3e-05, ""filter_cutoff"": 10000.0}",187,598,22,0.11764705882352941,0.03678929765886288,0.05605095541401275,0.4331210191082802,0.7812949436346078,0.6298899714817789,0.3181818181818182,,13.306178181999712,
dwell,3e-05,101,nano_ext[gmm],7,"{""threshold_method"": ""gmm"", ""sublevel_method"": ""gmm"", ""min_event_duration_sec"": 3e-05, ""filter_cutoff"": null}",187,3898,64,0.3422459893048128,0.016418676244227808,0.03133414932680538,0.09155446756425949,0.5955496809041769,0.4122288386027018,0.5,,13.641316776999702,
dwell,3e-05,101,nano_ext[gmm],8,"{""threshold_method"": ""gmm"", ""sublevel_method"": ""gmm"", ""min_event_duration_sec"": 3e-05, ""filter_cutoff"": 60000.0}",187,226,126,0.6737967914438503,0.5575221238938053,0.6101694915254238,0.6537530266343825,0.22831001767022724,0.20678531807034756,0.5634920634920635,,13.172962526000447,
dwell,3e-05,101,nano_ext[gmm],9,"{""threshold_method"": ""gmm"", ""sublevel_method"": ""gmm"", ""min_event_duration_sec"": 0.0001, ""filter_cutoff"": 10000.0}",187,115,5,0.026737967914438502,0.043478260869565216,0.033112582781456956,0.3973509933774834,0.8301863869810353,0.49732255815064885,0.2,,13.111649199000112,
dwell,3e-05,101,nano_ext[gmm],10,"{""threshold_method"": ""gmm"", ""sublevel_method"": ""gmm"", ""min_event_duration_sec"": 0.0001, ""filter_cutoff"": null}",187,732,1,0.0053475935828877,0.001366120218579235,0.002176278563656148,0.11099020674646352,0.42983311482417147,0.20145289346012268,0.0,,12.690940081999997,
dwell,3e-05,101,nano_ext[gmm],11,"{""threshold_method"": ""gmm"", ""sublevel_method"": ""gmm"", ""min_event_duration_sec"": 0.0001, ""filter_cutoff"": 60000.0}",187,1,1,0.0053475935828877,1.0,0.010638297872340425,0.010638297872340425,0.9589004267960586,0.4381486256917318,1.0,,13.126928835999934,
dwell,0.0001,100,nano_ext[gmm],0,"{""threshold_method"": ""gmm"", ""sublevel_method"": ""gmm"", ""min_event_duration_sec"": null, ""filter_cutoff"": 10000.0}",171,0,0,0.0,0.0,0.0,0.0,,,,,12.585875915000088,
dwell,0.0001,100,nano_ext[gmm],1,"{""threshold_method"": ""gmm"", ""sublevel_method"": ""gmm"", ""min_event_duration_sec"": null, ""filter_cutoff"": null}",171,6,6,0.03508771929824561,1.0,0.06779661016949151,0.06779661016949151,0.05251017492298689,0.04654763753641553,0.6666666666666666,,13.2773918339999,
dwell,0.0001,100,nano_ext[gmm],2,"{""threshold_method"": ""gmm"", ""sublevel_method"": ""gmm"", ""min_event_duration_sec"": null, ""filter_cutoff"": 60000.0}",171,87,85,0.49707602339181284,0.9770114942528736,0.6589147286821706,0.6666666666666666,0.02800340108183121,0.03862889607747407,0.5764705882352941,,15.78541855200001,
dwell,0.0001,100,nano_ext[gmm],3,"{""threshold_method"": ""gmm"", ""sublevel_method"": ""gmm"", ""min_event_duration_sec"": 1e-05, ""filter_cutoff"": 10000.0}",171,168,164,0.9590643274853801,0.9761904761904762,0.967551622418879,0.9911504424778761,0.278150286859363,0.32535240875270405,0.47560975609756095,,12.586763745000098,
dwell,0.0001,100,nano_ext[gmm],4,"{""threshold_method"": ""gmm"", ""sublevel_method"": ""gmm"", ""min_event_duration_sec"": 1e-05, ""filter_cutoff"": null}",171,171,171,1.0,1.0,1.0,1.0,0.053321350919627794,0.11953328450520843,0.47953216374269003,,13.156439328000033,
dwell,0.0001,100,nano_ext[gmm],5,"{""threshold_method"": ""gmm"", ""sublevel_method"": ""gmm"", ""min_event_duration_sec"": 1e-05, ""filter_cutoff"": 60000.0}",171,177,163,0.9532163742690059,0.9209039548022598,0.9367816091954022,0.9827586206896551,0.05750942868225871,0.051934589134042655,0.5030674846625767,,15.462411360999795,
dwell,0.0001,100,nano_ext[gmm],6,"{""threshold_method"": ""gmm"", ""sublevel_method"": ""gmm"", ""min_event_duration_sec"": 3e-05, ""filter_cutoff"": 10000.0}",171,166,163,0.9532163742690059,0.9819277108433735,0.9673590504451038,0.9851632047477744,0.2774673633763722,0.32497532023164505,0.4785276073619632,,11.847965677000047,
dwell,0.0001,100,nano_ext[gmm],7,"{""threshold_method"": ""gmm"", ""sublevel_method"": ""gmm"", ""min_event_duration_sec"": 3e-05, ""filter_cutoff"": null}",171,169,169,0.9883040935672515,1.0,0.9941176470588234,0.9941176470588234,0.052585215526413154,0.11918226877848308,0.47928994082840237,,12.253066828000101,
dwell,0.0001,100,nano_ext[gmm],8,"{""threshold_method"": ""gmm"", ""sublevel_method"": ""gmm"", ""min_event_duration_sec"": 3e-05, ""filter_cutoff"": 60000.0}",171,166,159,0.9298245614035088,0.9578313253012049,0.9436201780415431,0.9792284866468842,0.057293076732624584,0.048985514978364536,0.5094339622641509,,15.293163797000034,
dwell,0.0001,100,nano_ext[gmm],9,"{""threshold_method"": ""gmm"", ""sublevel_method"": ""gmm"", ""min_event_duration_sec"": 0.0001, ""filter_cutoff"": 10000.0}",171,109,109,0.6374269005847953,1.0,0.7785714285714287,0.7785714285714287,0.2550085626333676,0.27608030591449406,0.5688073394495413,,10.916304905999823,
dwell,0.0001,100,nano_ext[gmm],10,"{""threshold_method"": ""gmm"", ""sublevel_method"": ""gmm"", ""min_event_duration_sec"": 0.0001, ""filter_cutoff"": null}",171,71,71,0.4152046783625731,1.0,0.5867768595041322,0.5867768595041322,0.041830067508958284,0.06868152618408215,0.5915492957746479,,12.069550787000026,
dwell,0.0001,100,nano_ext[gmm],11,"{""threshold_method"": ""gmm"", ""sublevel_method"": ""gmm"", ""min_event_duration_sec"": 0.0001, ""filter_cutoff"": 60000.0}",171,62,61,0.3567251461988304,0.9838709677419355,0.5236051502145923,0.5321888412017167,0.025650887358609067,0.045921007792154946,0.6557377049180327,,15.149331233999874,
dwell,0.0001,101,nano_ext[gmm],0,"{""threshold_method"": ""gmm"", ""sublevel_method"": ""gmm"", ""min_event_duration_sec"": null, ""filter_cutoff"": 10000.0}",187,0,0,0.0,0.0,0.0,0.0,,,,,12.780911769999875,
dwell,0.0001,101,nano_ext[gmm],1,"{""threshold_method"": ""gmm"", ""sublevel_method"": ""gmm"", ""min_event_duration_sec"": null, ""filter_cutoff"": null}",187,7,7,0.0374331550802139,1.0,0.07216494845360824,0.07216494845360824,0.023683448838802815,0.030588703720665338,0.14285714285714285,,13.300040298999647,
dwell,0.0001,101,nano_ext[gmm],2,"{""threshold_method"": ""gmm"", ""sublevel_method"": ""gmm"", ""min_event_duration_sec"": null, ""filter_cutoff"": 60000.0}",187,95,93,0.49732620320855614,0.9789473684210527,0.6595744680851063,0.6666666666666667,0.042867760859774576,0.05121173858642578,0.5591397849462365,,14.265755459000047,
dwell,0.0001,101,nano_ext[gmm],3,"{""threshold_method"": ""gmm"", ""sublevel_method"": ""gmm"", ""min_event_duration_sec"": 1e-05, ""filter_cutoff"": 10000.0}",187,185,182,0.9732620320855615,0.9837837837837838,0.978494623655914,0.9946236559139785,0.26885650132588435,0.3395148344645532,0.5164835164835165,,12.415423819999887,
dwell,0.0001,101,nano_ext[gmm],4,"{""threshold_method"": ""gmm"", ""sublevel_method"": ""gmm"", ""min_event_duration_sec"": 1e-05, ""filter_cutoff"": null}",187,187,186,0.9946524064171123,0.9946524064171123,0.9946524064171123,1.0,0.04899817437922323,0.10960630691074069,0.521505376344086,,13.608035734000168,
dwell,0.0001,101,nano_ext[gmm],5,"{""threshold_method"": ""gmm"", ""sublevel_method"": ""gmm"", ""min_event_duration_sec"": 1e-05, ""filter_cutoff"": 60000.0}",187,194,180,0.9625668449197861,0.9278350515463918,0.9448818897637795,0.9763779527559054,0.0534031749378492,0.05311186762061566,0.5388888888888889,,13.769675215999996,
dwell,0.0001,101,nano_ext[gmm],6,"{""threshold_method"": ""gmm"", ""sublevel_method"": ""gmm"", ""min_event_duration_sec"": 3e-05, ""filter_cutoff"": 10000.0}",187,182,180,0.9625668449197861,0.989010989010989,0.9756097560975611,0.986449864498645,0.26885650132588435,0.3389634835530949,0.5166666666666667,,11.89280726700008,
dwell,0.0001,101,nano_ext[gmm],7,"{""threshold_method"": ""gmm"", ""sublevel_method"": ""gmm"", ""min_event_duration_sec"": 3e-05, ""filter_cutoff"": null}",187,185,185,0.9893048128342246,1.0,0.9946236559139785,0.9946236559139785,0.04892132781258989,0.1072907947703747,0.5243243243243243,,12.476816183999745,
dwell,0.0001,101,nano_ext[gmm],8,"{""threshold_method"": ""gmm"", ""sublevel_method"": ""gmm"", ""min_event_duration_sec"": 3e-05, ""filter_cutoff"": 60000.0}",187,186,177,0.946524064171123,0.9516129032258065,0.9490616621983914,0.9758713136729223,0.052343424668192855,0.051375325520833334,0.536723163841808,,13.226103975000115,
dwell,0.0001,101,nano_ext[gmm],9,"{""threshold_method"": ""gmm"", ""sublevel_method"": ""gmm"", ""min_event_duration_sec"": 0.0001, ""filter_cutoff"": 10000.0}",187,122,122,0.6524064171122995,1.0,0.7896440129449839,0.7896440129449839,0.23033526542308055,0.2504708290100098,0.5983606557377049,,11.19767002899971,
dwell,0.0001,101,nano_ext[gmm],10,"{""threshold_method"": ""gmm"", ""sublevel_method"": ""gmm"", ""min_event_duration_sec"": 0.0001, ""filter_cutoff"": null}",187,77,77,0.4117647058823529,1.0,0.5833333333333334,0.5833333333333334,0.02880092492708307,0.06704457600911458,0.4805194805194805,,11.749914767000064,
dwell,0.0001,101,nano_ext[gmm],11,"{""threshold_method"": ""gmm"", ""sublevel_method"": ""gmm"", ""min_event_duration_sec"": 0.0001, ""filter_cutoff"": 60000.0}",187,61,61,0.32620320855614976,1.0,0.4919354838709678,0.4919354838709678,0.03944884725985228,0.0452243169148763,0.5409836065573771,,13.37051019699993,
dwell,0.0003,100,nano_ext[gmm],0,"{""threshold_method"": ""gmm"", ""sublevel_method"": ""gmm"", ""min_event_duration_sec"": null, ""filter_cutoff"": 10000.0}",168,20,20,0.11904761904761904,1.0,0.21276595744680848,0.21276595744680848,0.0634816373697362,0.06146150510121441,0.65,,10.606207189000088,
dwell,0.0003,100,nano_ext[gmm],1,"{""threshold_method"": ""gmm"", ""sublevel_method"": ""gmm"", ""min_event_duration_sec"": null, ""filter_cutoff"": null}",168,117,117,0.6964285714285714,1.0,0.8210526315789474,0.8210526315789474,0.014014575247041472,0.035579681396484375,0.5470085470085471,5.102987190586106,10.781259696999768,
dwell,0.0003,100,nano_ext[gmm],2,"{""threshold_method"": ""gmm"", ""sublevel_method"": ""gmm"", ""min_event_duration_sec"": null, ""filter_cutoff"": 60000.0}",168,174,165,0.9821428571428571,0.9482758620689655,0.9649122807017544,0.976608187134503,0.012598293851904844,0.03505846963028253,0.4909090909090909,3.6396959210982516,11.944274168999982,
dwell,0.0003,100,nano_ext[gmm],3,"{""threshold_method"": ""gmm"", ""sublevel_method"": ""gmm"", ""min_event_duration_sec"": 1e-05, ""filter_cutoff"": 10000.0}",168,168,168,1.0,1.0,1.0,1.0,0.10436917662535461,0.1457511372209802,0.48214285714285715,,10.793095924000227,
dwell,0.0003,100,nano_ext[gmm],4,"{""threshold_method"": ""gmm"", ""sublevel_method"": ""gmm"", ""min_event_duration_sec"": 1e-05, ""filter_cutoff"": null}",168,168,168,1.0,1.0,1.0,1.0,0.018698463143823833,0.03981814057633928,0.49404761904761907,5.102987190586106,10.514672572000109,
dwell,0.0003,100,nano_ext[gmm],5,"{""threshold_method"": ""gmm"", ""sublevel_method"": ""gmm"", ""min_event_duration_sec"": 1e-05, ""filter_cutoff"": 60000.0}",168,179,166,0.9880952380952381,0.9273743016759777,0.9567723342939483,0.9682997118155621,0.012662883430660795,0.03511583089606195,0.4939759036144578,3.6396959210982516,12.678311952000058,
dwell,0.0003,100,nano_ext[gmm],6,"{""threshold_method"": ""gmm"", ""sublevel_method"": ""gmm"", ""min_event_duration_sec"": 3e-05, ""filter_cutoff"": 10000.0}",168,168,168,1.0,1.0,1.0,1.0,0.10436917662535461,0.1457511372209802,0.48214285714285715,,11.129564244999983,
dwell,0.0003,100,nano_ext[gmm],7,"{""threshold_method"": ""gmm"", ""sublevel_method"": ""gmm"", ""min_event_duration_sec"": 3e-05, ""filter_cutoff"": null}",168,168,168,1.0,1.0,1.0,1.0,0.018698463143823833,0.03981814057633928,0.49404761904761907,5.102987190586106,11.725216090000231,
dwell,0.0003,100,nano_ext[gmm],8,"{""threshold_method"": ""gmm"", ""sublevel_method"": ""gmm"", ""min_event_duration_sec"": 3e-05, ""filter_cutoff"": 60000.0}",168,177,166,0.9880952380952381,0.9378531073446328,0.9623188405797102,0.9739130434782608,0.012662883430660795,0.03511583089606195,0.4939759036144578,3.6396959210982516,12.368524007999895,
dwell,0.0003,100,nano_ext[gmm],9,"{""threshold_method"": ""gmm"", ""sublevel_method"": ""gmm"", ""min_event_duration_sec"": 0.0001, ""filter_cutoff"": 10000.0}",168,167,167,0.9940476190476191,1.0,0.9970149253731343,0.9970149253731343,0.10393835836653642,0.1453679402669271,0.47904191616766467,,10.913664472999699,
dwell,0.0003,100,nano_ext[gmm],10,"{""threshold_method"": ""gmm"", ""sublevel_method"": ""gmm"", ""min_event_duration_sec"": 0.0001, ""filter_cutoff"": null}",168,163,163,0.9702380952380952,1.0,0.984894259818731,0.984894259818731,0.018603530421298652,0.039315189312254986,0.49079754601226994,5.102987190586106,10.28080174600018,
dwell,0.0003,100,nano_ext[gmm],11,"{""threshold_method"": ""gmm"", ""sublevel_method"": ""gmm"", ""min_event_duration_sec"": 0.0001, ""filter_cutoff"": 60000.0}",168,167,158,0.9404761904761905,0.9461077844311377,0.9432835820895523,0.9552238805970149,0.011086691309045766,0.03511583089606195,0.4936708860759494,3.6396959210982516,11.598367385000074,
dwell,0.0003,101,nano_ext[gmm],0,"{""threshold_method"": ""gmm"", ""sublevel_method"": ""gmm"", ""min_event_duration_sec"": null, ""filter_cutoff"": 10000.0}",185,27,27,0.14594594594594595,1.0,0.25471698113207547,0.25471698113207547,0.055089461865612935,0.06528147927863541,0.37037037037037035,,10.4634330519998,
dwell,0.0003,101,nano_ext[gmm],1,"{""threshold_method"": ""gmm"", ""sublevel_method"": ""gmm"", ""min_event_duration_sec"": null, ""filter_cutoff"": null}",185,126,126,0.6810810810810811,1.0,0.8102893890675241,0.8102893890675241,0.016336771024048697,0.03930945533943035,0.5634920634920635,1.9008291650690623,11.076163417999851,
dwell,0.0003,101,nano_ext[gmm],2,"{""threshold_method"": ""gmm"", ""sublevel_method"": ""gmm"", ""min_event_duration_sec"": null, ""filter_cutoff"": 60000.0}",185,193,172,0.9297297297297298,0.8911917098445595,0.9100529100529101,0.9576719576719577,0.015547075928374775,0.038132349650065164,0.5755813953488372,3.7148843770040685,12.594105210999714,
dwell,0.0003,101,nano_ext[gmm],3,"{""threshold_method"": ""gmm"", ""sublevel_method"": ""gmm"", ""min_event_duration_sec"": 1e-05, ""filter_cutoff"": 10000.0}",185,186,185,1.0,0.9946236559139785,0.9973045822102425,0.9973045822102425,0.10743861384711775,0.14389451344807944,0.518918918918919,,10.87903158500012,
dwell,0.0003,101,nano_ext[gmm],4,"{""threshold_method"": ""gmm"", ""sublevel_method"": ""gmm"", ""min_event_duration_sec"": 1e-05, ""filter_cutoff"": null}",185,185,185,1.0,1.0,1.0,1.0,0.019410566588611317,0.04178962707519531,0.5297297297297298,1.9008291650690623,12.490591427999789,
dwell,0.0003,101,nano_ext[gmm],5,"{""threshold_method"": ""gmm"", ""sublevel_method"": ""gmm"", ""min_event_duration_sec"": 1e-05, ""filter_cutoff"": 60000.0}",185,218,175,0.9459459459459459,0.8027522935779816,0.8684863523573202,0.9181141439205955,0.01573153484585334,0.039157725372575905,0.5714285714285714,3.7148843770040685,12.020128680999733,
dwell,0.0003,101,nano_ext[gmm],6,"{""threshold_method"": ""gmm"", ""sublevel_method"": ""gmm"", ""min_event_duration_sec"": 3e-05, ""filter_cutoff"": 10000.0}",185,186,185,1.0,0.9946236559139785,0.9973045822102425,0.9973045822102425,0.10743861384711775,0.14389451344807944,0.518918918918919,,10.791557875000308,
dwell,0.0003,101,nano_ext[gmm],7,"{""threshold_method"": ""gmm"", ""sublevel_method"": ""gmm"", ""min_event_duration_sec"": 3e-05, ""filter_cutoff"": null}",185,185,185,1.0,1.0,1.0,1.0,0.019410566588611317,0.04178962707519531,0.5297297297297298,1.9008291650690623,10.514422577999994,
dwell,0.0003,101,nano_ext[gmm],8,"{""threshold_method"": ""gmm"", ""sublevel_method"": ""gmm"", ""min_event_duration_sec"": 3e-05, ""filter_cutoff"": 60000.0}",185,210,175,0.9459459459459459,0.8333333333333334,0.8860759493670887,0.9367088607594937,0.01573153484585334,0.039157725372575905,0.5714285714285714,3.7148843770040685,11.521459292000145,
dwell,0.0003,101,nano_ext[gmm],9,"{""threshold_method"": ""gmm"", ""sublevel_method"": ""gmm"", ""min_event_duration_sec"": 0.0001, ""filter_cutoff"": 10000.0}",185,184,184,0.9945945945945946,1.0,0.997289972899729,0.997289972899729,0.10777603046989284,0.14385941823323567,0.5217391304347826,,11.116710177999721,
dwell,0.0003,101,nano_ext[gmm],10,"{""threshold_method"": ""gmm"", ""sublevel_method"": ""gmm"", ""min_event_duration_sec"": 0.0001, ""filter_cutoff"": null}",185,180,180,0.972972972972973,1.0,0.9863013698630138,0.9863013698630138,0.01796627532008499,0.04082921451202313,0.5277777777777778,1.9008291650690623,10.903802731000269,
dwell,0.0003,101,nano_ext[gmm],11,"{""threshold_method"": ""gmm"", ""sublevel_method"": ""gmm"", ""min_event_duration_sec"": 0.0001, ""filter_cutoff"": 60000.0}",185,186,170,0.918918918918919,0.9139784946236559,0.9164420485175202,0.9541778975741241,0.015279976622922721,0.03800017615414607,0.5705882352941176,3.7148843770040685,12.325826633999895,
dwell,0.001,100,nano_ext[gmm],0,"{""threshold_method"": ""gmm"", ""sublevel_method"": ""gmm"", ""min_event_duration_sec"": null, ""filter_cutoff"": 10000.0}",162,148,148,0.9135802469135802,1.0,0.9548387096774192,0.9548387096774192,0.024405333196295877,0.04367170333862311,0.4189189189189189,15.256788244766284,15.209921021000355,
dwell,0.001,100,nano_ext[gmm],1,"{""threshold_method"": ""gmm"", ""sublevel_method"": ""gmm"", ""min_event_duration_sec"": null, ""filter_cutoff"": null}",162,162,162,1.0,1.0,1.0,1.0,0.006065562040691912,0.031390367967642135,0.6419753086419753,3.8809394347083526,17.150931035000212,
dwell,0.001,100,nano_ext[gmm],2,"{""threshold_method"": ""gmm"", ""sublevel_method"": ""gmm"", ""min_event_duration_sec"": null, ""filter_cutoff"": 60000.0}",162,190,159,0.9814814814814815,0.8368421052631579,0.9034090909090909,0.9204545454545454,0.003455736458539374,0.029193814595540366,0.7421383647798742,2.2781872885957455,19.1707605659999,
dwell,0.001,100,nano_ext[gmm],3,"{""threshold_method"": ""gmm"", ""sublevel_method"": ""gmm"", ""min_event_duration_sec"": 1e-05, ""filter_cutoff"": 10000.0}",162,162,162,1.0,1.0,1.0,1.0,0.024934574616722924,0.04653161366780599,0.43209876543209874,15.256788244766284,15.424514749000082,
dwell,0.001,100,nano_ext[gmm],4,"{""threshold_method"": ""gmm"", ""sublevel_method"": ""gmm"", ""min_event_duration_sec"": 1e-05, ""filter_cutoff"": null}",162,162,162,1.0,1.0,1.0,1.0,0.006065562040691912,0.031390367967642135,0.6419753086419753,3.8809394347083526,17.48488632899989,
dwell,0.001,100,nano_ext[gmm],5,"{""threshold_method"": ""gmm"", ""sublevel_method"": ""gmm"", ""min_event_duration_sec"": 1e-05, ""filter_cutoff"": 60000.0}",162,203,159,0.9814814814814815,0.7832512315270936,0.8712328767123287,0.8876712328767122,0.003455736458539374,0.029193814595540366,0.7421383647798742,2.2781872885957455,16.11764180299997,
dwell,0.001,100,nano_ext[gmm],6,"{""threshold_method"": ""gmm"", ""sublevel_method"": ""gmm"", ""min_event_duration_sec"": 3e-05, ""filter_cutoff"": 10000.0}",162,162,162,1.0,1.0,1.0,1.0,0.024934574616722924,0.04653161366780599,0.43209876543209874,15.256788244766284,15.324321841000256,
dwell,0.001,100,nano_ext[gmm],7,"{""threshold_method"": ""gmm"", ""sublevel_method"": ""gmm"", ""min_event_duration_sec"": 3e-05, ""filter_cutoff"": null}",162,162,162,1.0,1.0,1.0,1.0,0.006065562040691912,0.031390367967642135,0.6419753086419753,3.8809394347083526,16.875149528000293,
dwell,0.001,100,nano_ext[gmm],8,"{""threshold_method"": ""gmm"", ""sublevel_method"": ""gmm"", ""min_event_duration_sec"": 3e-05, ""filter_cutoff"": 60000.0}",162,197,159,0.9814814814814815,0.8071065989847716,0.8857938718662952,0.9025069637883009,0.003455736458539374,0.029193814595540366,0.7421383647798742,2.2781872885957455,17.488808696999968,
dwell,0.001,100,nano_ext[gmm],9,"{""threshold_method"": ""gmm"", ""sublevel_method"": ""gmm"", ""min_event_duration_sec"": 0.0001, ""filter_cutoff"": 10000.0}",162,162,162,1.0,1.0,1.0,1.0,0.024934574616722924,0.04653161366780599,0.43209876543209874,15.256788244766284,14.415337515999909,
dwell,0.001,100,nano_ext[gmm],10,"{""threshold_method"": ""gmm"", ""sublevel_method"": ""gmm"", ""min_event_duration_sec"": 0.0001, ""filter_cutoff"": null}",162,162,162,1.0,1.0,1.0,1.0,0.006065562040691912,0.031390367967642135,0.6419753086419753,3.8809394347083526,18.52126388700026,
dwell,0.001,100,nano_ext[gmm],11,"{""threshold_method"": ""gmm"", ""sublevel_method"": ""gmm"", ""min_event_duration_sec"": 0.0001, ""filter_cutoff"": 60000.0}",162,187,159,0.9814814814814815,0.8502673796791443,0.9111747851002865,0.9283667621776505,0.003455736458539374,0.029193814595540366,0.7421383647798742,2.2781872885957455,16.68015221299993,
dwell,0.001,101,nano_ext[gmm],0,"{""threshold_method"": ""gmm"", ""sublevel_method"": ""gmm"", ""min_event_duration_sec"": null, ""filter_cutoff"": 10000.0}",180,159,159,0.8833333333333333,1.0,0.9380530973451328,0.9380530973451328,0.025256692714701573,0.049410247802734376,0.559748427672956,14.429855008851744,15.748982352999974,
dwell,0.001,101,nano_ext[gmm],1,"{""threshold_method"": ""gmm"", ""sublevel_method"": ""gmm"", ""min_event_duration_sec"": null, ""filter_cutoff"": null}",180,180,180,1.0,1.0,1.0,1.0,0.012508107358867461,0.0329622294488854,0.7611111111111111,4.293524704657159,18.008518133000052,
dwell,0.001,101,nano_ext[gmm],2,"{""threshold_method"": ""gmm"", ""sublevel_method"": ""gmm"", ""min_event_duration_sec"": null, ""filter_cutoff"": 60000.0}",180,229,177,0.9833333333333333,0.7729257641921398,0.8655256723716381,0.8801955990220048,0.005588338419856849,0.03400151029339674,0.7401129943502824,4.4851393055100885,19.702719852999962,
dwell,0.001,101,nano_ext[gmm],3,"{""threshold_method"": ""gmm"", ""sublevel_method"": ""gmm"", ""min_event_duration_sec"": 1e-05, ""filter_cutoff"": 10000.0}",180,180,180,1.0,1.0,1.0,1.0,0.026527642275711465,0.05264088312784831,0.55,14.429855008851744,15.85417459700011,
dwell,0.001,101,nano_ext[gmm],4,"{""threshold_method"": ""gmm"", ""sublevel_method"": ""gmm"", ""min_event_duration_sec"": 1e-05, ""filter_cutoff"": null}",180,263,180,1.0,0.6844106463878327,0.8126410835214446,0.8126410835214446,0.012508107358867461,0.0329622294488854,0.7611111111111111,4.293524704657159,16.882097242000327,
dwell,0.001,101,nano_ext[gmm],5,"{""threshold_method"": ""gmm"", ""sublevel_method"": ""gmm"", ""min_event_duration_sec"": 1e-05, ""filter_cutoff"": 60000.0}",180,252,177,0.9833333333333333,0.7023809523809523,0.8194444444444444,0.8333333333333333,0.005588338419856849,0.03400151029339674,0.7401129943502824,4.4851393055100885,18.09968367800002,
dwell,0.001,101,nano_ext[gmm],6,"{""threshold_method"": ""gmm"", ""sublevel_method"": ""gmm"", ""min_event_duration_sec"": 3e-05, ""filter_cutoff"": 10000.0}",180,180,180,1.0,1.0,1.0,1.0,0.026527642275711465,0.05264088312784831,0.55,14.429855008851744,15.836077250000017,
dwell,0.001,101,nano_ext[gmm],7,"{""threshold_method"": ""gmm"", ""sublevel_method"": ""gmm"", ""min_event_duration_sec"": 3e-05, ""filter_cutoff"": null}",180,189,180,1.0,0.9523809523809523,0.975609756097561,0.975609756097561,0.012508107358867461,0.0329622294488854,0.7611111111111111,4.293524704657159,17.880443816000025,
dwell,0.001,101,nano_ext[gmm],8,"{""threshold_method"": ""gmm"", ""sublevel_method"": ""gmm"", ""min_event_duration_sec"": 3e-05, ""filter_cutoff"": 60000.0}",180,243,177,0.9833333333333333,0.7283950617283951,0.8368794326241135,0.851063829787234,0.005588338419856849,0.03400151029339674,0.7401129943502824,4.4851393055100885,17.701877161000084,
dwell,0.001,101,nano_ext[gmm],9,"{""threshold_method"": ""gmm"", ""sublevel_method"": ""gmm"", ""min_event_duration_sec"": 0.0001, ""filter_cutoff"": 10000.0}",180,180,180,1.0,1.0,1.0,1.0,0.026527642275711465,0.05264088312784831,0.55,14.429855008851744,16.60657580799989,
dwell,0.001,101,nano_ext[gmm],10,"{""threshold_method"": ""gmm"", ""sublevel_method"": ""gmm"", ""min_event_duration_sec"": 0.0001, ""filter_cutoff"": null}",180,181,180,1.0,0.994475138121547,0.9972299168975068,0.9972299168975068,0.012508107358867461,0.0329622294488854,0.7611111111111111,4.293524704657159,17.646536213999752,
dwell,0.001,101,nano_ext[gmm],11,"{""threshold_method"": ""gmm"", ""sublevel_method"": ""gmm"", ""min_event_duration_sec"": 0.0001, ""filter_cutoff"": 60000.0}",180,223,177,0.9833333333333333,0.7937219730941704,0.8784119106699751,0.8933002481389578,0.005588338419856849,0.03400151029339674,0.7401129943502824,4.4851393055100885,18.02031604600006,
dwell,0.01,100,nano_ext[gmm],0,"{""threshold_method"": ""gmm"", ""sublevel_method"": ""gmm"", ""min_event_duration_sec"": null, ""filter_cutoff"": 10000.0}",88,88,88,1.0,1.0,1.0,1.0,0.0019574002514048928,0.016805489857991476,0.5568181818181818,5.274630187734886,21.87983630100007,
dwell,0.01,100,nano_ext[gmm],1,"{""threshold_method"": ""gmm"", ""sublevel_method"": ""gmm"", ""min_event_duration_sec"": null, ""filter_cutoff"": null}",88,90,87,0.9886363636363636,0.9666666666666667,0.9775280898876404,0.9887640449438202,0.0005840994805142877,0.016292167319650167,0.9195402298850575,3.4386631546645674,22.105591587999697,
dwell,0.01,100,nano_ext[gmm],2,"{""threshold_method"": ""gmm"", ""sublevel_method"": ""gmm"", ""min_event_duration_sec"": null, ""filter_cutoff"": 60000.0}",88,311,78,0.8863636363636364,0.2508038585209003,0.39097744360902253,0.44110275689223055,0.0010327843260746262,0.032412267607064865,0.8076923076923077,3.0804545281259976,26.77766895800005,
dwell,0.01,100,nano_ext[gmm],3,"{""threshold_method"": ""gmm"", ""sublevel_method"": ""gmm"", ""min_event_duration_sec"": 1e-05, ""filter_cutoff"": 10000.0}",88,88,88,1.0,1.0,1.0,1.0,0.0019574002514048928,0.016805489857991476,0.5568181818181818,5.274630187734886,22.4190870540001,
dwell,0.01,100,nano_ext[gmm],4,"{""threshold_method"": ""gmm"", ""sublevel_method"": ""gmm"", ""min_event_duration_sec"": 1e-05, ""filter_cutoff"": null}",88,90,87,0.9886363636363636,0.9666666666666667,0.9775280898876404,0.9887640449438202,0.0005840994805142877,0.016292167319650167,0.9195402298850575,3.4386631546645674,22.09561454200002,
dwell,0.01,100,nano_ext[gmm],5,"{""threshold_method"": ""gmm"", ""sublevel_method"": ""gmm"", ""min_event_duration_sec"": 1e-05, ""filter_cutoff"": 60000.0}",88,351,78,0.8863636363636364,0.2222222222222222,0.3553530751708428,0.4009111617312073,0.0010327843260746262,0.032412267607064865,0.8076923076923077,3.0804545281259976,27.207497174999844,
dwell,0.01,100,nano_ext[gmm],6,"{""threshold_method"": ""gmm"", ""sublevel_method"": ""gmm"", ""min_event_duration_sec"": 3e-05, ""filter_cutoff"": 10000.0}",88,88,88,1.0,1.0,1.0,1.0,0.0019574002514048928,0.016805489857991476,0.5568181818181818,5.274630187734886,22.224877389000085,
dwell,0.01,100,nano_ext[gmm],7,"{""threshold_method"": ""gmm"", ""sublevel_method"": ""gmm"", ""min_event_duration_sec"": 3e-05, ""filter_cutoff"": null}",88,90,87,0.9886363636363636,0.9666666666666667,0.9775280898876404,0.9887640449438202,0.0005840994805142877,0.016292167319650167,0.9195402298850575,3.4386631546645674,21.917375596000056,
dwell,0.01,100,nano_ext[gmm],8,"{""threshold_method"": ""gmm"", ""sublevel_method"": ""gmm"", ""min_event_duration_sec"": 3e-05, ""filter_cutoff"": 60000.0}",88,337,78,0.8863636363636364,0.2314540059347181,0.3670588235294117,0.41411764705882353,0.0010327843260746262,0.032412267607064865,0.8076923076923077,3.0804545281259976,26.244506622000245,
dwell,0.01,100,nano_ext[gmm],9,"{""threshold_method"": ""gmm"", ""sublevel_method"": ""gmm"", ""min_event_duration_sec"": 0.0001, ""filter_cutoff"": 10000.0}",88,88,88,1.0,1.0,1.0,1.0,0.0019574002514048928,0.016805489857991476,0.5568181818181818,5.274630187734886,21.369053359999725,
dwell,0.01,100,nano_ext[gmm],10,"{""threshold_method"": ""gmm"", ""sublevel_method"": ""gmm"", ""min_event_duration_sec"": 0.0001, ""filter_cutoff"": null}",88,90,87,0.9886363636363636,0.9666666666666667,0.9775280898876404,0.9887640449438202,0.0005840994805142877,0.016292167319650167,0.9195402298850575,3.4386631546645674,22.19729992700013,
dwell,0.01,100,nano_ext[gmm],11,"{""threshold_method"": ""gmm"", ""sublevel_method"": ""gmm"", ""min_event_duration_sec"": 0.0001, ""filter_cutoff"": 60000.0}",88,298,78,0.8863636363636364,0.26174496644295303,0.40414507772020725,0.45595854922279794,0.0010327843260746262,0.032412267607064865,0.8076923076923077,3.0804545281259976,29.374235833000057,
dwell,0.01,101,nano_ext[gmm],0,"{""threshold_method"": ""gmm"", ""sublevel_method"": ""gmm"", ""min_event_duration_sec"": null, ""filter_cutoff"": 10000.0}",91,91,91,1.0,1.0,1.0,1.0,0.0022948396834240633,0.017627716064453125,0.5164835164835165,7.0289857845295955,22.508248224,
dwell,0.01,101,nano_ext[gmm],1,"{""threshold_method"": ""gmm"", ""sublevel_method"": ""gmm"", ""min_event_duration_sec"": null, ""filter_cutoff"": null}",91,91,91,1.0,1.0,1.0,1.0,0.001179617080627354,0.018059781293263813,0.8791208791208791,4.477907800559677,23.797193036999943,
dwell,0.01,101,nano_ext[gmm],2,"{""threshold_method"": ""gmm"", ""sublevel_method"": ""gmm"", ""min_event_duration_sec"": null, ""filter_cutoff"": 60000.0}",91,413,74,0.8131868131868132,0.1791767554479419,0.29365079365079366,0.3611111111111111,0.000596502524434239,0.030751800537109436,0.8243243243243243,4.728317495317214,30.360731202000352,
dwell,0.01,101,nano_ext[gmm],3,"{""threshold_method"": ""gmm"", ""sublevel_method"": ""gmm"", ""min_event_duration_sec"": 1e-05, ""filter_cutoff"": 10000.0}",91,91,91,1.0,1.0,1.0,1.0,0.0022948396834240633,0.017627716064453125,0.5164835164835165,7.0289857845295955,22.957760181999674,
dwell,0.01,101,nano_ext[gmm],4,"{""threshold_method"": ""gmm"", ""sublevel_method"": ""gmm"", ""min_event_duration_sec"": 1e-05, ""filter_cutoff"": null}",91,195,91,1.0,0.4666666666666667,0.6363636363636364,0.6363636363636364,0.001179617080627354,0.018059781293263813,0.8791208791208791,4.477907800559677,22.513109417999658,
dwell,0.01,101,nano_ext[gmm],5,"{""threshold_method"": ""gmm"", ""sublevel_method"": ""gmm"", ""min_event_duration_sec"": 1e-05, ""filter_cutoff"": 60000.0}",91,482,74,0.8131868131868132,0.15352697095435686,0.25828970331588136,0.31762652705061084,0.000596502524434239,0.030751800537109436,0.8243243243243243,4.728317495317214,30.254363979000118,
dwell,0.01,101,nano_ext[gmm],6,"{""threshold_method"": ""gmm"", ""sublevel_method"": ""gmm"", ""min_event_duration_sec"": 3e-05, ""filter_cutoff"": 10000.0}",91,91,91,1.0,1.0,1.0,1.0,0.0022948396834240633,0.017627716064453125,0.5164835164835165,7.0289857845295955,22.628646757000297,
dwell,0.01,101,nano_ext[gmm],7,"{""threshold_method"": ""gmm"", ""sublevel_method"": ""gmm"", ""min_event_duration_sec"": 3e-05, ""filter_cutoff"": null}",91,100,91,1.0,0.91,0.9528795811518325,0.9528795811518325,0.001179617080627354,0.018059781293263813,0.8791208791208791,4.477907800559677,22.366366299999754,
dwell,0.01,101,nano_ext[gmm],8,"{""threshold_method"": ""gmm"", ""sublevel_method"": ""gmm"", ""min_event_duration_sec"": 3e-05, ""filter_cutoff"": 60000.0}",91,459,74,0.8131868131868132,0.16122004357298475,0.2690909090909091,0.33090909090909093,0.000596502524434239,0.030751800537109436,0.8243243243243243,4.728317495317214,31.569734285000322,
dwell,0.01,101,nano_ext[gmm],9,"{""threshold_method"": ""gmm"", ""sublevel_method"": ""gmm"", ""min_event_duration_sec"": 0.0001, ""filter_cutoff"": 10000.0}",91,91,91,1.0,1.0,1.0,1.0,0.0022948396834240633,0.017627716064453125,0.5164835164835165,7.0289857845295955,24.651287083999705,
dwell,0.01,101,nano_ext[gmm],10,"{""threshold_method"": ""gmm"", ""sublevel_method"": ""gmm"", ""min_event_duration_sec"": 0.0001, ""filter_cutoff"": null}",91,91,91,1.0,1.0,1.0,1.0,0.001179617080627354,0.018059781293263813,0.8791208791208791,4.477907800559677,22.931826222999916,
dwell,0.01,101,nano_ext[gmm],11,"{""threshold_method"": ""gmm"", ""sublevel_method"": ""gmm"", ""min_event_duration_sec"": 0.0001, ""filter_cutoff"": 60000.0}",91,398,74,0.8131868131868132,0.18592964824120603,0.30265848670756645,0.3721881390593047,0.000596502524434239,0.030751800537109436,0.8243243243243243,4.728317495317214,30.08350052600008,
dwell,0.1,100,nano_ext[gmm],0,"{""threshold_method"": ""gmm"", ""sublevel_method"": ""gmm"", ""min_event_duration_sec"": null, ""filter_cutoff"": 10000.0}",15,15,15,1.0,1.0,1.0,1.0,0.00019563320313893226,0.014192469735650736,0.8,9.882325511245682,23.511709569999766,
dwell,0.1,100,nano_ext[gmm],1,"{""threshold_method"": ""gmm"", ""sublevel_method"": ""gmm"", ""min_event_duration_sec"": null, ""filter_cutoff"": null}",15,15,15,1.0,1.0,1.0,1.0,7.639416078358431e-05,0.013725345785734162,1.0,3.521792608207619,23.46862150900006,
dwell,0.1,100,nano_ext[gmm],2,"{""threshold_method"": ""gmm"", ""sublevel_method"": ""gmm"", ""min_event_duration_sec"": null, ""filter_cutoff"": 60000.0}",15,19,15,1.0,0.7894736842105263,0.8823529411764706,0.8823529411764706,4.010407222093694e-05,0.017430241902669272,1.0,2.2761616725874845,23.05446420599992,
dwell,0.1,100,nano_ext[gmm],3,"{""threshold_method"": ""gmm"", ""sublevel_method"": ""gmm"", ""min_event_duration_sec"": 1e-05, ""filter_cutoff"": 10000.0}",15,15,15,1.0,1.0,1.0,1.0,0.00019563320313893226,0.014192469735650736,0.8,9.882325511245682,22.808172957999886,
dwell,0.1,100,nano_ext[gmm],4,"{""threshold_method"": ""gmm"", ""sublevel_method"": ""gmm"", ""min_event_duration_sec"": 1e-05, ""filter_cutoff"": null}",15,15,15,1.0,1.0,1.0,1.0,7.639416078358431e-05,0.013725345785734162,1.0,3.521792608207619,22.411611190999793,
dwell,0.1,100,nano_ext[gmm],5,"{""threshold_method"": ""gmm"", ""sublevel_method"": ""gmm"", ""min_event_duration_sec"": 1e-05, ""filter_cutoff"": 60000.0}",15,230,15,1.0,0.06521739130434782,0.12244897959183672,0.12244897959183672,4.010407222093694e-05,0.017430241902669272,1.0,2.2761616725874845,22.875323868000123,
dwell,0.1,100,nano_ext[gmm],6,"{""threshold_method"": ""gmm"", ""sublevel_method"": ""gmm"", ""min_event_duration_sec"": 3e-05, ""filter_cutoff"": 10000.0}",15,15,15,1.0,1.0,1.0,1.0,0.00019563320313893226,0.014192469735650736,0.8,9.882325511245682,23.920711349999692,
dwell,0.1,100,nano_ext[gmm],7,"{""threshold_method"": ""gmm"", ""sublevel_method"": ""gmm"", ""min_event_duration_sec"": 3e-05, ""filter_cutoff"": null}",15,15,15,1.0,1.0,1.0,1.0,7.639416078358431e-05,0.013725345785734162,1.0,3.521792608207619,24.10385287400004,
dwell,0.1,100,nano_ext[gmm],8,"{""threshold_method"": ""gmm"", ""sublevel_method"": ""gmm"", ""min_event_duration_sec"": 3e-05, ""filter_cutoff"": 60000.0}",15,19,15,1.0,0.7894736842105263,0.8823529411764706,0.8823529411764706,4.010407222093694e-05,0.017430241902669272,1.0,2.2761616725874845,22.945439926999825,
dwell,0.1,100,nano_ext[gmm],9,"{""threshold_method"": ""gmm"", ""sublevel_method"": ""gmm"", ""min_event_duration_sec"": 0.0001, ""filter_cutoff"": 10000.0}",15,15,15,1.0,1.0,1.0,1.0,0.00019563320313893226,0.014192469735650736,0.8,9.882325511245682,23.082590443999834,
dwell,0.1,100,nano_ext[gmm],10,"{""threshold_method"": ""gmm"", ""sublevel_method"": ""gmm"", ""min_event_duration_sec"": 0.0001, ""filter_cutoff"": null}",15,15,15,1.0,1.0,1.0,1.0,7.639416078358431e-05,0.013725345785734162,1.0,3.521792608207619,22.008234770999934,
dwell,0.1,100,nano_ext[gmm],11,"{""threshold_method"": ""gmm"", ""sublevel_method"": ""gmm"", ""min_event_duration_sec"": 0.0001, ""filter_cutoff"": 60000.0}",15,19,15,1.0,0.7894736842105263,0.8823529411764706,0.8823529411764706,4.010407222093694e-05,0.017430241902669272,1.0,2.2761616725874845,22.959836503000133,
dwell,0.1,101,nano_ext[gmm],0,"{""threshold_method"": ""gmm"", ""sublevel_method"": ""gmm"", ""min_event_duration_sec"": null, ""filter_cutoff"": 10000.0}",14,14,14,1.0,1.0,1.0,1.0,0.0002044978998068009,0.011887327829996745,1.0,8.280649198333379,23.239797582000392,
dwell,0.1,101,nano_ext[gmm],1,"{""threshold_method"": ""gmm"", ""sublevel_method"": ""gmm"", ""min_event_duration_sec"": null, ""filter_cutoff"": null}",14,14,14,1.0,1.0,1.0,1.0,3.3614623533439156e-05,0.012226191664703383,1.0,3.8579503449653885,22.4056483520003,
dwell,0.1,101,nano_ext[gmm],2,"{""threshold_method"": ""gmm"", ""sublevel_method"": ""gmm"", ""min_event_duration_sec"": null, ""filter_cutoff"": 60000.0}",14,862,9,0.6428571428571429,0.010440835266821345,0.02054794520547945,0.0319634703196347,3.679304937744125e-05,0.014284769694010416,0.6666666666666666,,37.39702050999995,
dwell,0.1,101,nano_ext[gmm],3,"{""threshold_method"": ""gmm"", ""sublevel_method"": ""gmm"", ""min_event_duration_sec"": 1e-05, ""filter_cutoff"": 10000.0}",14,14,14,1.0,1.0,1.0,1.0,0.0002044978998068009,0.011887327829996745,1.0,8.280649198333379,22.394596594000177,
dwell,0.1,101,nano_ext[gmm],4,"{""threshold_method"": ""gmm"", ""sublevel_method"": ""gmm"", ""min_event_duration_sec"": 1e-05, ""filter_cutoff"": null}",14,14,14,1.0,1.0,1.0,1.0,3.3614623533439156e-05,0.012226191664703383,1.0,3.8579503449653885,22.24747603900005,
dwell,0.1,101,nano_ext[gmm],5,"{""threshold_method"": ""gmm"", ""sublevel_method"": ""gmm"", ""min_event_duration_sec"": 1e-05, ""filter_cutoff"": 60000.0}",14,1041,9,0.6428571428571429,0.008645533141210375,0.017061611374407582,0.02654028436018957,3.679304937744125e-05,0.014284769694010416,0.6666666666666666,,41.38147464800022,
dwell,0.1,101,nano_ext[gmm],6,"{""threshold_method"": ""gmm"", ""sublevel_method"": ""gmm"", ""min_event_duration_sec"": 3e-05, ""filter_cutoff"": 10000.0}",14,14,14,1.0,1.0,1.0,1.0,0.0002044978998068009,0.011887327829996745,1.0,8.280649198333379,23.393364912999914,
dwell,0.1,101,nano_ext[gmm],7,"{""threshold_method"": ""gmm"", ""sublevel_method"": ""gmm"", ""min_event_duration_sec"": 3e-05, ""filter_cutoff"": null}",14,14,14,1.0,1.0,1.0,1.0,3.3614623533439156e-05,0.012226191664703383,1.0,3.8579503449653885,21.701576460999604,
dwell,0.1,101,nano_ext[gmm],8,"{""threshold_method"": ""gmm"", ""sublevel_method"": ""gmm"", ""min_event_duration_sec"": 3e-05, ""filter_cutoff"": 60000.0}",14,993,9,0.6428571428571429,0.00906344410876133,0.01787487586891758,0.027805362462760677,3.679304937744125e-05,0.014284769694010416,0.6666666666666666,,37.67367861399998,
dwell,0.1,101,nano_ext[gmm],9,"{""threshold_method"": ""gmm"", ""sublevel_method"": ""gmm"", ""min_event_duration_sec"": 0.0001, ""filter_cutoff"": 10000.0}",14,14,14,1.0,1.0,1.0,1.0,0.0002044978998068009,0.011887327829996745,1.0,8.280649198333379,21.94193724800016,
dwell,0.1,101,nano_ext[gmm],10,"{""threshold_method"": ""gmm"", ""sublevel_method"": ""gmm"", ""min_event_duration_sec"": 0.0001, ""filter_cutoff"": null}",14,14,14,1.0,1.0,1.0,1.0,3.3614623533439156e-05,0.012226191664703383,1.0,3.8579503449653885,21.53700029899983,
dwell,0.1,101,nano_ext[gmm],11,"{""threshold_method"": ""gmm"", ""sublevel_method"": ""gmm"", ""min_event_duration_sec"": 0.0001, ""filter_cutoff"": 60000.0}",14,813,9,0.6428571428571429,0.01107011070110701,0.02176541717049577,0.03385731559854897,3.679304937744125e-05,0.014284769694010416,0.6666666666666666,,36.81260932499981,
snr,2.0,100,threshold,0,"{""k_sigma"": 3.0, ""k_exit"": 0.5}",162,1649,40,0.24691358024691357,0.02425712553062462,0.04417448923246824,0.1789066813914964,0.37602873144758864,0.24772251508687582,,,0.11168442000007417,
snr,2.0,100,threshold,1,"{""k_sigma"": 3.0, ""k_exit"": 1.0}",162,1956,8,0.04938271604938271,0.00408997955010225,0.007554296506137867,0.15297450424929177,0.4302512163231562,0.3050338949247344,,,0.09889050300034796,
snr,2.0,100,threshold,2,"{""k_sigma"": 3.0, ""k_exit"": 2.0}",162,2576,0,0.0,0.0,0.0,0.11833455076698318,,,,,0.11359343499998431,
snr,2.0,100,threshold,3,"{""k_sigma"": 4.0, ""k_exit"": 0.5}",162,268,31,0.19135802469135801,0.11567164179104478,0.1441860465116279,0.5767441860465116,0.3559700398838926,0.26154006211656966,,,0.07635518799997953,
snr,2.0,100,threshold,4,"{""k_sigma"": 4.0, ""k_exit"": 1.0}",162,321,7,0.043209876543209874,0.021806853582554516,0.02898550724637681,0.5134575569358178,0.4484854391296754,0.31515847434982286,,,0.07709989800014228,
snr,2.0,100,threshold,5,"{""k_sigma"": 4.0, ""k_exit"": 2.0}",162,397,0,0.0,0.0,0.0,0.4436493738819321,,,,,0.07588199199972223,
snr,2.0,100,threshold,6,"{""k_sigma"": 5.0, ""k_exit"": 0.5}",162,31,7,0.043209876543209874,0.22580645161290322,0.07253886010362694,0.27979274611398963,0.2921427266422823,0.37338082989056903,,,0.07117192799978511,
snr,2.0,100,threshold,7,"{""k_sigma"": 5.0, ""k_exit"": 1.0}",162,31,3,0.018518518518518517,0.0967741935483871,0.0310880829015544,0.27979274611398963,0.4507076986502641,0.6539984029617655,,,0.06962843700011945,
snr,2.0,100,threshold,8,"{""k_sigma"": 5.0, ""k_exit"": 2.0}",162,32,0,0.0,0.0,0.0,0.2783505154639175,,,,,0.07087388099989766,
snr,2.0,100,threshold,9,"{""k_sigma"": 6.0, ""k_exit"": 0.5}",162,0,0,0.0,0.0,0.0,0.0,,,,,0.0814191149997896,
snr,2.0,100,threshold,10,"{""k_sigma"": 6.0, ""k_exit"": 1.0}",162,0,0,0.0,0.0,0.0,0.0,,,,,0.07820808400038004,
snr,2.0,100,threshold,11,"{""k_sigma"": 6.0, ""k_exit"": 2.0}",162,0,0,0.0,0.0,0.0,0.0,,,,,0.06405274300004749,
snr,2.0,101,threshold,0,"{""k_sigma"": 3.0, ""k_exit"": 0.5}",180,1773,54,0.3,0.030456852791878174,0.05529953917050692,0.18433179723502302,0.3334890278706347,0.2193166223767959,,,0.11758192800016332,
snr,2.0,101,threshold,1,"{""k_sigma"": 3.0, ""k_exit"": 1.0}",180,2114,18,0.1,0.008514664143803218,0.015693112467306015,0.15693112467306014,0.3316835101120203,0.2831262971533247,,,0.11199454500001593,
snr,2.0,101,threshold,2,"{""k_sigma"": 3.0, ""k_exit"": 2.0}",180,2713,0,0.0,0.0,0.0,0.12443829934324231,,,,,0.10869468800001414,
snr,2.0,101,threshold,3,"{""k_sigma"": 4.0, ""k_exit"": 0.5}",180,273,35,0.19444444444444445,0.1282051282051282,0.1545253863134658,0.6136865342163356,0.33194423739182377,0.2524213768585383,,,0.08097216700025456,
snr,2.0,101,threshold,4,"{""k_sigma"": 4.0, ""k_exit"": 1.0}",180,334,9,0.05,0.02694610778443114,0.03501945525291829,0.5408560311284047,0.33982820901861793,0.3390505044609583,,,0.07303803900003913,
snr,2.0,101,threshold,5,"{""k_sigma"": 4.0, ""k_exit"": 2.0}",180,402,0,0.0,0.0,0.0,0.4776632302405498,,,,,0.07368094799994651,
snr,2.0,101,threshold,6,"{""k_sigma"": 5.0, ""k_exit"": 0.5}",180,28,9,0.05,0.32142857142857145,0.08653846153846155,0.2596153846153846,0.3311717899429429,0.27703699897781914,,,0.07034411299991916,
snr,2.0,101,threshold,7,"{""k_sigma"": 5.0, ""k_exit"": 1.0}",180,33,3,0.016666666666666666,0.09090909090909091,0.028169014084507043,0.2535211267605634,0.33982820901861793,0.4189939041932424,,,0.06920900900013294,
snr,2.0,101,threshold,8,"{""k_sigma"": 5.0, ""k_exit"": 2.0}",180,34,0,0.0,0.0,0.0,0.2523364485981308,,,,,0.09094026299999314,
snr,2.0,101,threshold,9,"{""k_sigma"": 6.0, ""k_exit"": 0.5}",180,1,1,0.005555555555555556,1.0,0.011049723756906079,0.011049723756906079,0.4123136100384667,0.4453726560407477,,,0.10318604400026743,
snr,2.0,101,threshold,10,"{""k_sigma"": 6.0, ""k_exit"": 1.0}",180,1,0,0.0,0.0,0.0,0.011049723756906079,,,,,0.06817025100008323,
snr,2.0,101,threshold,11,"{""k_sigma"": 6.0, ""k_exit"": 2.0}",180,1,0,0.0,0.0,0.0,0.011049723756906079,,,,,0.06311089799964975,
snr,3.0,100,threshold,0,"{""k_sigma"": 3.0, ""k_exit"": 0.5}",162,1250,135,0.8333333333333334,0.108,0.19121813031161472,0.22946175637393768,0.13268410457845342,0.10467606578935264,,,0.08929072899991297,
snr,3.0,100,threshold,1,"{""k_sigma"": 3.0, ""k_exit"": 1.0}",162,1503,86,0.5308641975308642,0.057218895542248835,0.10330330330330331,0.1945945945945946,0.31088417011182745,0.14196461869978233,,,0.09122824599990054,
snr,3.0,100,threshold,2,"{""k_sigma"": 3.0, ""k_exit"": 2.0}",162,2447,6,0.037037037037037035,0.002451982018798529,0.0045994633959371405,0.12418551169030279,0.4495965688899698,0.2389102374466263,,,0.1057690669999829,
snr,3.0,100,threshold,3,"{""k_sigma"": 4.0, ""k_exit"": 0.5}",162,281,135,0.8333333333333334,0.4804270462633452,0.6094808126410836,0.7313769751693002,0.13268410457845342,0.10467606578935264,,,0.08835949600006643,
snr,3.0,100,threshold,4,"{""k_sigma"": 4.0, ""k_exit"": 1.0}",162,410,86,0.5308641975308642,0.2097560975609756,0.30069930069930073,0.5664335664335665,0.31088417011182745,0.14196461869978233,,,0.08088887699977931,
snr,3.0,100,threshold,5,"{""k_sigma"": 4.0, ""k_exit"": 2.0}",162,905,6,0.037037037037037035,0.0066298342541436465,0.011246485473289599,0.3036551077788191,0.4495965688899698,0.2389102374466263,,,0.08087887100009539,
snr,3.0,100,threshold,6,"{""k_sigma"": 5.0, ""k_exit"": 0.5}",162,136,103,0.6358024691358025,0.7573529411764706,0.6912751677852349,0.785234899328859,0.11755318780807378,0.120515554137681,,,0.06934607899984258,
snr,3.0,100,threshold,7,"{""k_sigma"": 5.0, ""k_exit"": 1.0}",162,168,67,0.41358024691358025,0.39880952380952384,0.4060606060606061,0.7090909090909091,0.28457555035674126,0.14935544982592053,,,0.07093181199979881,
snr,3.0,100,threshold,8,"{""k_sigma"": 5.0, ""k_exit"": 2.0}",162,259,5,0.030864197530864196,0.019305019305019305,0.023752969121140142,0.5558194774346793,0.4507076986502641,0.2812142214310244,,,0.07030527599999914,
snr,3.0,100,threshold,9,"{""k_sigma"": 6.0, ""k_exit"": 0.5}",162,27,21,0.12962962962962962,0.7777777777777778,0.2222222222222222,0.26455026455026454,0.026372968298943946,0.16142258912790244,,,0.07096797400026844,
snr,3.0,100,threshold,10,"{""k_sigma"": 6.0, ""k_exit"": 1.0}",162,28,15,0.09259259259259259,0.5357142857142857,0.15789473684210525,0.26315789473684215,0.2921427266422823,0.16865478606226805,,,0.0707832180000878,
snr,3.0,100,threshold,11,"{""k_sigma"": 6.0, ""k_exit"": 2.0}",162,28,2,0.012345679012345678,0.07142857142857142,0.021052631578947368,0.26315789473684215,0.3772752727566743,0.3825268659501083,,,0.06742370099982509,
snr,3.0,101,threshold,0,"{""k_sigma"": 3.0, ""k_exit"": 0.5}",180,1384,142,0.7888888888888889,0.10260115606936417,0.18158567774936063,0.23017902813299232,0.10219571948789098,0.09592869457530856,,,0.10760269899992636,
snr,3.0,101,threshold,1,"{""k_sigma"": 3.0, ""k_exit"": 1.0}",180,1667,104,0.5777777777777777,0.0623875224955009,0.11261505143475907,0.19491066594477532,0.2906793579149902,0.12534051260532794,,,0.10397156699991683,
snr,3.0,101,threshold,2,"{""k_sigma"": 3.0, ""k_exit"": 2.0}",180,2670,17,0.09444444444444444,0.006367041198501872,0.011929824561403507,0.12631578947368421,0.34224188581287246,0.1834760353390107,,,0.11542470199992749,
snr,3.0,101,threshold,3,"{""k_sigma"": 4.0, ""k_exit"": 0.5}",180,295,140,0.7777777777777778,0.4745762711864407,0.5894736842105264,0.7536842105263158,0.10016304963245082,0.09764859307643028,,,0.07886640900005659,
snr,3.0,101,threshold,4,"{""k_sigma"": 4.0, ""k_exit"": 1.0}",180,426,103,0.5722222222222222,0.24178403755868544,0.33993399339933994,0.5907590759075908,0.2912071617301275,0.1289999173630572,,,0.07283756200013158,
snr,3.0,101,threshold,5,"{""k_sigma"": 4.0, ""k_exit"": 2.0}",180,915,16,0.08888888888888889,0.017486338797814208,0.029223744292237445,0.32694063926940636,0.34164350521964437,0.18957055114351828,,,0.08044801500000176,
snr,3.0,101,threshold,6,"{""k_sigma"": 5.0, ""k_exit"": 0.5}",180,139,94,0.5222222222222223,0.6762589928057554,0.5893416927899686,0.7836990595611285,0.09362904231550176,0.1237460885596569,,,0.06906936700033839,
snr,3.0,101,threshold,7,"{""k_sigma"": 5.0, ""k_exit"": 1.0}",180,161,67,0.37222222222222223,0.4161490683229814,0.39296187683284456,0.7331378299120235,0.27803082931544604,0.155151477502145,,,0.0903268609999941,
snr,3.0,101,threshold,8,"{""k_sigma"": 5.0, ""k_exit"": 2.0}",180,244,8,0.044444444444444446,0.03278688524590164,0.03773584905660378,0.5896226415094339,0.34043666682251716,0.21920798696332883,,,0.10280532200022208,
snr,3.0,101,threshold,9,"{""k_sigma"": 6.0, ""k_exit"": 0.5}",180,18,16,0.08888888888888889,0.8888888888888888,0.16161616161616163,0.18181818181818182,0.02994357541341594,0.18530026091458401,,,0.0668669769997905,
snr,3.0,101,threshold,10,"{""k_sigma"": 6.0, ""k_exit"": 1.0}",180,18,14,0.07777777777777778,0.7777777777777778,0.1414141414141414,0.18181818181818182,0.17966265325114716,0.18198640608767414,,,0.06812270299997181,
snr,3.0,101,threshold,11,"{""k_sigma"": 6.0, ""k_exit"": 2.0}",180,20,1,0.005555555555555556,0.05,0.009999999999999998,0.18000000000000002,0.33982820901861793,0.27703476349512735,,,0.06634889599990856,
snr,5.0,100,threshold,0,"{""k_sigma"": 3.0, ""k_exit"": 0.5}",162,1060,162,1.0,0.15283018867924528,0.26513911620294595,0.26513911620294595,0.02068754674794724,0.04586147602154643,,,0.09303306699985114,
snr,5.0,100,threshold,1,"{""k_sigma"": 3.0, ""k_exit"": 1.0}",162,1103,160,0.9876543209876543,0.14505893019038985,0.2529644268774704,0.2561264822134387,0.015225618957894581,0.05663882891897186,,,0.08553545499989923,
snr,5.0,100,threshold,2,"{""k_sigma"": 3.0, ""k_exit"": 2.0}",162,1378,139,0.8580246913580247,0.10087082728592163,0.1805194805194805,0.21038961038961038,0.022563268535556666,0.07309474887861593,,,0.08998457000006965,
snr,5.0,100,threshold,3,"{""k_sigma"": 4.0, ""k_exit"": 0.5}",162,199,162,1.0,0.8140703517587939,0.8975069252077562,0.8975069252077562,0.02068754674794724,0.04586147602154643,,,0.07415146699986508,
snr,5.0,100,threshold,4,"{""k_sigma"": 4.0, ""k_exit"": 1.0}",162,228,160,0.9876543209876543,0.7017543859649122,0.8205128205128205,0.8307692307692308,0.015225618957894581,0.05663882891897186,,,0.07143820600003892,
snr,5.0,100,threshold,5,"{""k_sigma"": 4.0, ""k_exit"": 2.0}",162,413,139,0.8580246913580247,0.3365617433414044,0.4834782608695652,0.5634782608695652,0.022563268535556666,0.07309474887861593,,,0.07541673100013213,
snr,5.0,100,threshold,6,"{""k_sigma"": 5.0, ""k_exit"": 0.5}",162,169,161,0.9938271604938271,0.9526627218934911,0.972809667673716,0.9788519637462235,0.020584760393935444,0.04559439400208807,,,0.08399129800000082,
snr,5.0,100,threshold,7,"{""k_sigma"": 5.0, ""k_exit"": 1.0}",162,180,158,0.9753086419753086,0.8777777777777778,0.9239766081871346,0.9473684210526316,0.015110637498683905,0.05464533911067028,,,0.08556918899967059,
snr,5.0,100,threshold,8,"{""k_sigma"": 5.0, ""k_exit"": 2.0}",162,239,139,0.8580246913580247,0.5815899581589958,0.6932668329177057,0.8079800498753118,0.022563268535556666,0.07309474887861593,,,0.0875811870000689,
snr,5.0,100,threshold,9,"{""k_sigma"": 6.0, ""k_exit"": 0.5}",162,162,160,0.9876543209876543,0.9876543209876543,0.9876543209876543,1.0,0.020220506161876532,0.04555057767156944,,,0.0853930630000832,
snr,5.0,100,threshold,10,"{""k_sigma"": 6.0, ""k_exit"": 1.0}",162,162,158,0.9753086419753086,0.9753086419753086,0.9753086419753086,1.0,0.015110637498683905,0.05464533911067028,,,0.07395443599989449,
snr,5.0,100,threshold,11,"{""k_sigma"": 6.0, ""k_exit"": 2.0}",162,175,139,0.8580246913580247,0.7942857142857143,0.8249258160237389,0.9614243323442137,0.022563268535556666,0.07309474887861593,,,0.08273964299996805,
snr,5.0,101,threshold,0,"{""k_sigma"": 3.0, ""k_exit"": 0.5}",180,1126,180,1.0,0.15985790408525755,0.27565084226646247,0.27565084226646247,0.02387576928071692,0.044144296784182045,,,0.09403126000006523,
snr,5.0,101,threshold,1,"{""k_sigma"": 3.0, ""k_exit"": 1.0}",180,1204,169,0.9388888888888889,0.1403654485049834,0.24421965317919073,0.2601156069364162,0.01689831744462026,0.05665241271500355,,,0.0883822309997413,
snr,5.0,101,threshold,2,"{""k_sigma"": 3.0, ""k_exit"": 2.0}",180,1581,142,0.7888888888888889,0.08981657179000632,0.16127200454287335,0.20442930153321975,0.013482084574261817,0.07499055043281798,,,0.11954819899983704,
snr,5.0,101,threshold,3,"{""k_sigma"": 4.0, ""k_exit"": 0.5}",180,224,180,1.0,0.8035714285714286,0.8910891089108911,0.8910891089108911,0.02387576928071692,0.044144296784182045,,,0.07535371099993426,
snr,5.0,101,threshold,4,"{""k_sigma"": 4.0, ""k_exit"": 1.0}",180,284,169,0.9388888888888889,0.5950704225352113,0.728448275862069,0.7758620689655172,0.01689831744462026,0.05665241271500355,,,0.0667070459999195,
snr,5.0,101,threshold,5,"{""k_sigma"": 4.0, ""k_exit"": 2.0}",180,509,142,0.7888888888888889,0.27897838899803534,0.41219158200290273,0.5224963715529753,0.013482084574261817,0.07499055043281798,,,0.07061933099976159,
snr,5.0,101,threshold,6,"{""k_sigma"": 5.0, ""k_exit"": 0.5}",180,191,178,0.9888888888888889,0.9319371727748691,0.9595687331536388,0.9703504043126685,0.023651521982090154,0.0430695692124268,,,0.06676052800003163,
snr,5.0,101,threshold,7,"{""k_sigma"": 5.0, ""k_exit"": 1.0}",180,209,169,0.9388888888888889,0.8086124401913876,0.8688946015424164,0.9254498714652957,0.01689831744462026,0.05665241271500355,,,0.06723288199964372,
snr,5.0,101,threshold,8,"{""k_sigma"": 5.0, ""k_exit"": 2.0}",180,270,142,0.7888888888888889,0.5259259259259259,0.6311111111111111,0.8,0.013482084574261817,0.07499055043281798,,,0.06979904499985423,
snr,5.0,101,threshold,9,"{""k_sigma"": 6.0, ""k_exit"": 0.5}",180,179,173,0.9611111111111111,0.9664804469273743,0.9637883008356547,0.9972144846796658,0.02269252523139329,0.041884027607549196,,,0.07611950199998319,
snr,5.0,101,threshold,10,"{""k_sigma"": 6.0, ""k_exit"": 1.0}",180,182,163,0.9055555555555556,0.8956043956043956,0.9005524861878453,0.9889502762430938,0.016093207716581837,0.05597131039614969,,,0.07903142199984359,
snr,5.0,101,threshold,11,"{""k_sigma"": 6.0, ""k_exit"": 2.0}",180,196,141,0.7833333333333333,0.7193877551020408,0.75,0.9521276595744681,0.013317496398903231,0.0757056808256743,,,0.06643676300018342,
snr,8.0,100,threshold,0,"{""k_sigma"": 3.0, ""k_exit"": 0.5}",162,1041,162,1.0,0.15561959654178675,0.26932668329177056,0.26932668329177056,0.02152288399061895,0.022314682484849985,,,0.09436339300009422,
snr,8.0,100,threshold,1,"{""k_sigma"": 3.0, ""k_exit"": 1.0}",162,1048,162,1.0,0.15458015267175573,0.2677685950413223,0.2677685950413223,0.01388843092979223,0.025606759399456974,,,0.08301782700027616,
snr,8.0,100,threshold,2,"{""k_sigma"": 3.0, ""k_exit"": 2.0}",162,1064,162,1.0,0.15225563909774437,0.2642740619902121,0.2642740619902121,0.008112676803454776,0.030160445439934222,,,0.082533785999658,
snr,8.0,100,threshold,3,"{""k_sigma"": 4.0, ""k_exit"": 0.5}",162,184,162,1.0,0.8804347826086957,0.9364161849710982,0.9364161849710982,0.02152288399061895,0.022314682484849985,,,0.07059639499993864,
snr,8.0,100,threshold,4,"{""k_sigma"": 4.0, ""k_exit"": 1.0}",162,184,162,1.0,0.8804347826086957,0.9364161849710982,0.9364161849710982,0.01388843092979223,0.025606759399456974,,,0.07217945200000031,
snr,8.0,100,threshold,5,"{""k_sigma"": 4.0, ""k_exit"": 2.0}",162,197,162,1.0,0.8223350253807107,0.9025069637883009,0.9025069637883009,0.008112676803454776,0.030160445439934222,,,0.07014465100019152,
snr,8.0,100,threshold,6,"{""k_sigma"": 5.0, ""k_exit"": 0.5}",162,162,162,1.0,1.0,1.0,1.0,0.02152288399061895,0.022314682484849985,,,0.07088778399975126,
snr,8.0,100,threshold,7,"{""k_sigma"": 5.0, ""k_exit"": 1.0}",162,162,162,1.0,1.0,1.0,1.0,0.01388843092979223,0.025606759399456974,,,0.07088748100022713,
snr,8.0,100,threshold,8,"{""k_sigma"": 5.0, ""k_exit"": 2.0}",162,175,162,1.0,0.9257142857142857,0.9614243323442137,0.9614243323442137,0.008112676803454776,0.030160445439934222,,,0.06639957700008381,
snr,8.0,100,threshold,9,"{""k_sigma"": 6.0, ""k_exit"": 0.5}",162,162,162,1.0,1.0,1.0,1.0,0.02152288399061895,0.022314682484849985,,,0.06908204299998033,
snr,8.0,100,threshold,10,"{""k_sigma"": 6.0, ""k_exit"": 1.0}",162,162,162,1.0,1.0,1.0,1.0,0.01388843092979223,0.025606759399456974,,,0.07541812199997366,
snr,8.0,100,threshold,11,"{""k_sigma"": 6.0, ""k_exit"": 2.0}",162,174,162,1.0,0.9310344827586207,0.9642857142857143,0.9642857142857143,0.008112676803454776,0.030160445439934222,,,0.06861647400000948,
snr,8.0,101,threshold,0,"{""k_sigma"": 3.0, ""k_exit"": 0.5}",180,1095,180,1.0,0.1643835616438356,0.2823529411764706,0.2823529411764706,0.024052272552352816,0.024202565255946412,,,0.0850819400002365,
snr,8.0,101,threshold,1,"{""k_sigma"": 3.0, ""k_exit"": 1.0}",180,1100,180,1.0,0.16363636363636364,0.28125,0.28125,0.015285893910855695,0.02400762975393758,,,0.08144283000001451,
snr,8.0,101,threshold,2,"{""k_sigma"": 3.0, ""k_exit"": 2.0}",180,1121,180,1.0,0.16057091882247992,0.2767102229054573,0.2767102229054573,0.007960749719908162,0.03116510053556218,,,0.07932642599962492,
snr,8.0,101,threshold,3,"{""k_sigma"": 4.0, ""k_exit"": 0.5}",180,201,180,1.0,0.8955223880597015,0.9448818897637796,0.9448818897637796,0.024052272552352816,0.024202565255946412,,,0.06919656900026894,
snr,8.0,101,threshold,4,"{""k_sigma"": 4.0, ""k_exit"": 1.0}",180,201,180,1.0,0.8955223880597015,0.9448818897637796,0.9448818897637796,0.015285893910855695,0.02400762975393758,,,0.07674582799972995,
snr,8.0,101,threshold,5,"{""k_sigma"": 4.0, ""k_exit"": 2.0}",180,218,180,1.0,0.8256880733944955,0.9045226130653267,0.9045226130653267,0.007960749719908162,0.03116510053556218,,,0.06968064000011509,
snr,8.0,101,threshold,6,"{""k_sigma"": 5.0, ""k_exit"": 0.5}",180,181,180,1.0,0.994475138121547,0.9972299168975068,0.9972299168975068,0.024052272552352816,0.024202565255946412,,,0.06569915199997922,
snr,8.0,101,threshold,7,"{""k_sigma"": 5.0, ""k_exit"": 1.0}",180,181,180,1.0,0.994475138121547,0.9972299168975068,0.9972299168975068,0.015285893910855695,0.02400762975393758,,,0.06402330800028722,
snr,8.0,101,threshold,8,"{""k_sigma"": 5.0, ""k_exit"": 2.0}",180,197,180,1.0,0.9137055837563451,0.9549071618037135,0.9549071618037135,0.007960749719908162,0.03116510053556218,,,0.06263712700001633,
snr,8.0,101,threshold,9,"{""k_sigma"": 6.0, ""k_exit"": 0.5}",180,180,180,1.0,1.0,1.0,1.0,0.024052272552352816,0.024202565255946412,,,0.07573161899972547,
snr,8.0,101,threshold,10,"{""k_sigma"": 6.0, ""k_exit"": 1.0}",180,180,180,1.0,1.0,1.0,1.0,0.015285893910855695,0.02400762975393758,,,0.06568475000040053,
snr,8.0,101,threshold,11,"{""k_sigma"": 6.0, ""k_exit"": 2.0}",180,195,180,1.0,0.9230769230769231,0.9600000000000001,0.9600000000000001,0.007960749719908162,0.03116510053556218,,,0.07038930299995627,
snr,15.0,100,threshold,0,"{""k_sigma"": 3.0, ""k_exit"": 0.5}",162,1040,162,1.0,0.15576923076923077,0.2695507487520799,0.2695507487520799,0.025536058153454305,0.018111110456362454,,,0.10543104499993206,
snr,15.0,100,threshold,1,"{""k_sigma"": 3.0, ""k_exit"": 1.0}",162,1047,162,1.0,0.15472779369627507,0.2679900744416874,0.2679900744416874,0.017608188351947697,0.014524321064281934,,,0.07856627099999969,
snr,15.0,100,threshold,2,"{""k_sigma"": 3.0, ""k_exit"": 2.0}",162,1049,162,1.0,0.1544327931363203,0.26754748142031376,0.26754748142031376,0.010915184579973718,0.014459652212341467,,,0.08125820299983388,
snr,15.0,100,threshold,3,"{""k_sigma"": 4.0, ""k_exit"": 0.5}",162,184,162,1.0,0.8804347826086957,0.9364161849710982,0.9364161849710982,0.025536058153454305,0.018111110456362454,,,0.07493436200002179,
snr,15.0,100,threshold,4,"{""k_sigma"": 4.0, ""k_exit"": 1.0}",162,184,162,1.0,0.8804347826086957,0.9364161849710982,0.9364161849710982,0.017608188351947697,0.014524321064281934,,,0.0716771110000991,
snr,15.0,100,threshold,5,"{""k_sigma"": 4.0, ""k_exit"": 2.0}",162,184,162,1.0,0.8804347826086957,0.9364161849710982,0.9364161849710982,0.010915184579973718,0.014459652212341467,,,0.09646245599969916,
snr,15.0,100,threshold,6,"{""k_sigma"": 5.0, ""k_exit"": 0.5}",162,162,162,1.0,1.0,1.0,1.0,0.025536058153454305,0.018111110456362454,,,0.07708249600000272,
snr,15.0,100,threshold,7,"{""k_sigma"": 5.0, ""k_exit"": 1.0}",162,162,162,1.0,1.0,1.0,1.0,0.017608188351947697,0.014524321064281934,,,0.08490065999967555,
snr,15.0,100,threshold,8,"{""k_sigma"": 5.0, ""k_exit"": 2.0}",162,162,162,1.0,1.0,1.0,1.0,0.010915184579973718,0.014459652212341467,,,0.07933759899970028,
snr,15.0,100,threshold,9,"{""k_sigma"": 6.0, ""k_exit"": 0.5}",162,162,162,1.0,1.0,1.0,1.0,0.025536058153454305,0.018111110456362454,,,0.06930128700014393,
snr,15.0,100,threshold,10,"{""k_sigma"": 6.0, ""k_exit"": 1.0}",162,162,162,1.0,1.0,1.0,1.0,0.017608188351947697,0.014524321064281934,,,0.06826613800012638,
snr,15.0,100,threshold,11,"{""k_sigma"": 6.0, ""k_exit"": 2.0}",162,162,162,1.0,1.0,1.0,1.0,0.010915184579973718,0.014459652212341467,,,0.07841447800001333,
snr,15.0,101,threshold,0,"{""k_sigma"": 3.0, ""k_exit"": 0.5}",180,1094,180,1.0,0.16453382084095064,0.282574568288854,0.282574568288854,0.02542557478320618,0.019794306190236893,,,0.19429643500006932,
snr,15.0,101,threshold,1,"{""k_sigma"": 3.0, ""k_exit"": 1.0}",180,1099,180,1.0,0.1637852593266606,0.2814698983580923,0.2814698983580923,0.018522942562045425,0.016672312896053164,,,0.08361302599996634,
snr,15.0,101,threshold,2,"{""k_sigma"": 3.0, ""k_exit"": 2.0}",180,1103,180,1.0,0.1631912964641886,0.2805923616523773,0.2805923616523773,0.011892626382954406,0.013100794108739024,,,0.08144185199989806,
snr,15.0,101,threshold,3,"{""k_sigma"": 4.0, ""k_exit"": 0.5}",180,201,180,1.0,0.8955223880597015,0.9448818897637796,0.9448818897637796,0.02542557478320618,0.019794306190236893,,,0.06830042700039485,
snr,15.0,101,threshold,4,"{""k_sigma"": 4.0, ""k_exit"": 1.0}",180,201,180,1.0,0.8955223880597015,0.9448818897637796,0.9448818897637796,0.018522942562045425,0.016672312896053164,,,0.06625870300013048,
snr,15.0,101,threshold,5,"{""k_sigma"": 4.0, ""k_exit"": 2.0}",180,201,180,1.0,0.8955223880597015,0.9448818897637796,0.9448818897637796,0.011892626382954406,0.013100794108739024,,,0.05999091099965881,
snr,15.0,101,threshold,6,"{""k_sigma"": 5.0, ""k_exit"": 0.5}",180,181,180,1.0,0.994475138121547,0.9972299168975068,0.9972299168975068,0.02542557478320618,0.019794306190236893,,,0.06270683100001406,
snr,15.0,101,threshold,7,"{""k_sigma"": 5.0, ""k_exit"": 1.0}",180,181,180,1.0,0.994475138121547,0.9972299168975068,0.9972299168975068,0.018522942562045425,0.016672312896053164,,,0.06531505500015555,
snr,15.0,101,threshold,8,"{""k_sigma"": 5.0, ""k_exit"": 2.0}",180,181,180,1.0,0.994475138121547,0.9972299168975068,0.9972299168975068,0.011892626382954406,0.013100794108739024,,,0.06658525100010593,
snr,15.0,101,threshold,9,"{""k_sigma"": 6.0, ""k_exit"": 0.5}",180,180,180,1.0,1.0,1.0,1.0,0.02542557478320618,0.019794306190236893,,,0.09533302299996649,
snr,15.0,101,threshold,10,"{""k_sigma"": 6.0, ""k_exit"": 1.0}",180,180,180,1.0,1.0,1.0,1.0,0.018522942562045425,0.016672312896053164,,,0.08530730300026335,
snr,15.0,101,threshold,11,"{""k_sigma"": 6.0, ""k_exit"": 2.0}",180,180,180,1.0,1.0,1.0,1.0,0.011892626382954406,0.013100794108739024,,,0.08136709799964592,
dwell,1e-05,100,threshold,0,"{""k_sigma"": 3.0, ""k_exit"": 0.5}",171,1616,19,0.1111111111111111,0.011757425742574257,0.021264689423614997,0.15332960268606605,0.5884405943955591,0.43758554876952704,,,0.1114012369998818,
dwell,1e-05,100,threshold,1,"{""k_sigma"": 3.0, ""k_exit"": 1.0}",171,1628,39,0.22807017543859648,0.023955773955773956,0.0433574207893274,0.15230683713173987,0.6470430626503024,0.417005447631262,,,0.09473415499996918,
dwell,1e-05,100,threshold,2,"{""k_sigma"": 3.0, ""k_exit"": 2.0}",171,1633,91,0.5321637426900585,0.05572565829761176,0.1008869179600887,0.15188470066518847,0.526741555400523,0.3852219522246049,,,0.09744920499997534,
dwell,1e-05,100,threshold,3,"{""k_sigma"": 4.0, ""k_exit"": 0.5}",171,159,19,0.1111111111111111,0.11949685534591195,0.11515151515151514,0.6727272727272728,0.5884405943955591,0.43758554876952704,,,0.076066255999649,
dwell,1e-05,100,threshold,4,"{""k_sigma"": 4.0, ""k_exit"": 1.0}",171,159,35,0.2046783625730994,0.22012578616352202,0.2121212121212121,0.6727272727272728,0.6431982308310895,0.4047286373045709,,,0.07574074900003325,
dwell,1e-05,100,threshold,5,"{""k_sigma"": 4.0, ""k_exit"": 2.0}",171,159,79,0.4619883040935672,0.4968553459119497,0.4787878787878788,0.6727272727272728,0.5340406388642983,0.3636696248450094,,,0.09226673599960122,
dwell,1e-05,100,threshold,6,"{""k_sigma"": 5.0, ""k_exit"": 0.5}",171,74,17,0.09941520467836257,0.22972972972972974,0.1387755102040816,0.6040816326530613,0.6470430626503024,0.4353256861368815,,,0.07525078900016524,
dwell,1e-05,100,threshold,7,"{""k_sigma"": 5.0, ""k_exit"": 1.0}",171,74,29,0.1695906432748538,0.3918918918918919,0.23673469387755103,0.6040816326530613,0.6470430626503024,0.3815238078435262,,,0.08080143000006501,
dwell,1e-05,100,threshold,8,"{""k_sigma"": 5.0, ""k_exit"": 2.0}",171,74,58,0.3391812865497076,0.7837837837837838,0.47346938775510206,0.6040816326530613,0.5344804675127395,0.3343362757894728,,,0.07035893700003726,
dwell,1e-05,100,threshold,9,"{""k_sigma"": 6.0, ""k_exit"": 0.5}",171,56,13,0.07602339181286549,0.23214285714285715,0.11453744493392069,0.4933920704845815,0.5884405943955591,0.38943246867921616,,,0.07161073699990084,
dwell,1e-05,100,threshold,10,"{""k_sigma"": 6.0, ""k_exit"": 1.0}",171,56,25,0.14619883040935672,0.44642857142857145,0.22026431718061676,0.4933920704845815,0.629892454656204,0.3793724483913845,,,0.07335061300000234,
dwell,1e-05,100,threshold,11,"{""k_sigma"": 6.0, ""k_exit"": 2.0}",171,56,46,0.26900584795321636,0.8214285714285714,0.40528634361233484,0.4933920704845815,0.5366881398744765,0.3131525695891071,,,0.06572680700037381,
dwell,1e-05,101,threshold,0,"{""k_sigma"": 3.0, ""k_exit"": 0.5}",187,1771,28,0.1497326203208556,0.015810276679841896,0.02860061287027579,0.16751787538304394,0.7603902018264778,0.43447651820666183,,,0.12821755699997084,
dwell,1e-05,101,threshold,1,"{""k_sigma"": 3.0, ""k_exit"": 1.0}",187,1783,53,0.28342245989304815,0.029725182277061134,0.05380710659898478,0.16649746192893403,0.6200075520385283,0.410983167375837,,,0.11167801100009456,
dwell,1e-05,101,threshold,2,"{""k_sigma"": 3.0, ""k_exit"": 2.0}",187,1795,99,0.5294117647058824,0.05515320334261838,0.09989909182643794,0.16548940464177597,0.4791885024454498,0.37181904887253786,,,0.1035345589998542,
dwell,1e-05,101,threshold,3,"{""k_sigma"": 4.0, ""k_exit"": 0.5}",187,192,27,0.1443850267379679,0.140625,0.14248021108179418,0.7018469656992085,0.7768652472751367,0.4320247032812663,,,0.07596283300017603,
dwell,1e-05,101,threshold,4,"{""k_sigma"": 4.0, ""k_exit"": 1.0}",187,192,51,0.2727272727272727,0.265625,0.26912928759894456,0.7018469656992085,0.678551416611018,0.4056578805758839,,,0.07348331000002872,
dwell,1e-05,101,threshold,5,"{""k_sigma"": 4.0, ""k_exit"": 2.0}",187,192,91,0.48663101604278075,0.4739583333333333,0.4802110817941952,0.7018469656992085,0.4791885024454498,0.3583636393127398,,,0.06510013600018283,
dwell,1e-05,101,threshold,6,"{""k_sigma"": 5.0, ""k_exit"": 0.5}",187,110,22,0.11764705882352941,0.2,0.14814814814814817,0.7272727272727273,0.7228227117038317,0.3997818398888672,,,0.06554077999999208,
dwell,1e-05,101,threshold,7,"{""k_sigma"": 5.0, ""k_exit"": 1.0}",187,110,42,0.22459893048128343,0.38181818181818183,0.2828282828282829,0.7272727272727273,0.6901408418204313,0.38046740929736317,,,0.06469138700003896,
dwell,1e-05,101,threshold,8,"{""k_sigma"": 5.0, ""k_exit"": 2.0}",187,110,75,0.40106951871657753,0.6818181818181818,0.5050505050505051,0.7272727272727273,0.49349725744479794,0.3362712012396918,,,0.06530855799974233,
dwell,1e-05,101,threshold,9,"{""k_sigma"": 6.0, ""k_exit"": 0.5}",187,65,18,0.0962566844919786,0.27692307692307694,0.14285714285714285,0.5158730158730158,0.7603902018264778,0.38821626194048997,,,0.07937248700000055,
dwell,1e-05,101,threshold,10,"{""k_sigma"": 6.0, ""k_exit"": 1.0}",187,65,29,0.15508021390374332,0.4461538461538462,0.23015873015873017,0.5158730158730158,0.678551416611018,0.3356740497407459,,,0.06293207499993514,
dwell,1e-05,101,threshold,11,"{""k_sigma"": 6.0, ""k_exit"": 2.0}",187,65,50,0.26737967914438504,0.7692307692307693,0.3968253968253968,0.5158730158730158,0.49839907539862094,0.29721085531844027,,,0.06394328199985466,
dwell,3e-05,100,threshold,0,"{""k_sigma"": 3.0, ""k_exit"": 0.5}",171,1639,112,0.6549707602339181,0.06833435021354485,0.12375690607734807,0.18895027624309393,0.5526259655427102,0.3235091967202781,,,0.12260294299994712,
dwell,3e-05,100,threshold,1,"{""k_sigma"": 3.0, ""k_exit"": 1.0}",171,1651,146,0.8538011695906432,0.08843125378558449,0.1602634467618002,0.1877058177826564,0.4276426834410827,0.2659615536671492,,,0.11675248200026545,
dwell,3e-05,100,threshold,2,"{""k_sigma"": 3.0, ""k_exit"": 2.0}",171,1659,163,0.9532163742690059,0.09825195901145269,0.17814207650273223,0.18688524590163935,0.25609160076744947,0.1961864021602158,,,0.12675277499965887,
dwell,3e-05,100,threshold,3,"{""k_sigma"": 4.0, ""k_exit"": 0.5}",171,216,111,0.6491228070175439,0.5138888888888888,0.5736434108527132,0.8733850129198966,0.554600852885797,0.32203487554505655,,,0.0924664109998048,
dwell,3e-05,100,threshold,4,"{""k_sigma"": 4.0, ""k_exit"": 1.0}",171,216,145,0.847953216374269,0.6712962962962963,0.7493540051679586,0.8733850129198966,0.4229923944888704,0.2658195182410547,,,0.08625944100003835,
dwell,3e-05,100,threshold,5,"{""k_sigma"": 4.0, ""k_exit"": 2.0}",171,217,162,0.9473684210526315,0.7465437788018433,0.8350515463917525,0.8711340206185567,0.2564201165628526,0.19567979046948505,,,0.07817009900008998,
dwell,3e-05,100,threshold,6,"{""k_sigma"": 5.0, ""k_exit"": 0.5}",171,164,107,0.6257309941520468,0.6524390243902439,0.6388059701492538,0.9791044776119403,0.5478647474485794,0.3193188800675954,,,0.07406951500024661,
dwell,3e-05,100,threshold,7,"{""k_sigma"": 5.0, ""k_exit"": 1.0}",171,164,140,0.8187134502923976,0.8536585365853658,0.835820895522388,0.9791044776119403,0.419430757450011,0.26238170729743115,,,0.06976642300014646,
dwell,3e-05,100,threshold,8,"{""k_sigma"": 5.0, ""k_exit"": 2.0}",171,164,157,0.9181286549707602,0.9573170731707317,0.9373134328358208,0.9791044776119403,0.25609160076744947,0.1949855422959883,,,0.06474817099979191,
dwell,3e-05,100,threshold,9,"{""k_sigma"": 6.0, ""k_exit"": 0.5}",171,152,102,0.5964912280701754,0.6710526315789473,0.6315789473684209,0.9411764705882353,0.5441194006633812,0.3097948471097305,,,0.0701555499999813,
dwell,3e-05,100,threshold,10,"{""k_sigma"": 6.0, ""k_exit"": 1.0}",171,152,132,0.7719298245614035,0.868421052631579,0.8173374613003096,0.9411764705882353,0.412303887818935,0.2556315177560712,,,0.06826946599994699,
dwell,3e-05,100,threshold,11,"{""k_sigma"": 6.0, ""k_exit"": 2.0}",171,152,149,0.8713450292397661,0.9802631578947368,0.9226006191950464,0.9411764705882353,0.257233801614715,0.19054824383485897,,,0.0636751639999602,
dwell,3e-05,101,threshold,0,"{""k_sigma"": 3.0, ""k_exit"": 0.5}",187,1775,112,0.5989304812834224,0.06309859154929577,0.11416921508664628,0.19062181447502546,0.5011598643017253,0.2883158519789711,,,0.1018367550000221,
dwell,3e-05,101,threshold,1,"{""k_sigma"": 3.0, ""k_exit"": 1.0}",187,1788,141,0.7540106951871658,0.07885906040268456,0.14278481012658228,0.18936708860759494,0.3726397902357764,0.24189211327858612,,,0.11159642199982045,
dwell,3e-05,101,threshold,2,"{""k_sigma"": 3.0, ""k_exit"": 2.0}",187,1800,179,0.9572192513368984,0.09944444444444445,0.1801711122294917,0.18822345244086564,0.25746877979115995,0.20614713033040363,,,0.09494515300002604,
dwell,3e-05,101,threshold,3,"{""k_sigma"": 4.0, ""k_exit"": 0.5}",187,243,112,0.5989304812834224,0.4609053497942387,0.5209302325581396,0.8558139534883721,0.5011598643017253,0.2883158519789711,,,0.06841760599991176,
dwell,3e-05,101,threshold,4,"{""k_sigma"": 4.0, ""k_exit"": 1.0}",187,243,140,0.7486631016042781,0.5761316872427984,0.6511627906976746,0.8558139534883721,0.37221195682388797,0.24164015985215898,,,0.06645230899994203,
dwell,3e-05,101,threshold,5,"{""k_sigma"": 4.0, ""k_exit"": 2.0}",187,243,177,0.946524064171123,0.7283950617283951,0.8232558139534885,0.8558139534883721,0.25746877979115995,0.20393600463867187,,,0.06368293499963329,
dwell,3e-05,101,threshold,6,"{""k_sigma"": 5.0, ""k_exit"": 0.5}",187,181,111,0.5935828877005348,0.6132596685082873,0.6032608695652174,0.9728260869565218,0.4994159534358104,0.2857811017831166,,,0.08130892700000913,
dwell,3e-05,101,threshold,7,"{""k_sigma"": 5.0, ""k_exit"": 1.0}",187,181,137,0.732620320855615,0.7569060773480663,0.7445652173913043,0.9728260869565218,0.3744646239920745,0.23593353953200022,,,0.06749537899986535,
dwell,3e-05,101,threshold,8,"{""k_sigma"": 5.0, ""k_exit"": 2.0}",187,181,172,0.9197860962566845,0.9502762430939227,0.9347826086956523,0.9728260869565218,0.2612297621138627,0.19714575469809237,,,0.06605901800003267,
dwell,3e-05,101,threshold,9,"{""k_sigma"": 6.0, ""k_exit"": 0.5}",187,165,104,0.5561497326203209,0.6303030303030303,0.5909090909090908,0.9375,0.49170507081944304,0.27594848798495797,,,0.066004907000206,
dwell,3e-05,101,threshold,10,"{""k_sigma"": 6.0, ""k_exit"": 1.0}",187,165,130,0.6951871657754011,0.7878787878787878,0.7386363636363636,0.9375,0.3752954109690547,0.22822943016497213,,,0.06506562200002008,
dwell,3e-05,101,threshold,11,"{""k_sigma"": 6.0, ""k_exit"": 2.0}",187,165,161,0.8609625668449198,0.9757575757575757,0.9147727272727273,0.9375,0.2582531410462869,0.1902265558522263,,,0.06352980300016497,
dwell,0.0001,100,threshold,0,"{""k_sigma"": 3.0, ""k_exit"": 0.5}",171,1597,159,0.9298245614035088,0.09956167814652474,0.17986425339366516,0.1934389140271493,0.18667827373876258,0.14261106326256273,,,0.09654655799977263,
dwell,0.0001,100,threshold,1,"{""k_sigma"": 3.0, ""k_exit"": 1.0}",171,1610,167,0.9766081871345029,0.10372670807453416,0.1875350926445817,0.19202695115103874,0.13434858050734663,0.10097427675605473,,,0.09542949900014719,
dwell,0.0001,100,threshold,2,"{""k_sigma"": 3.0, ""k_exit"": 2.0}",171,1616,171,1.0,0.10581683168316831,0.19138220481253498,0.19138220481253498,0.07052563632703492,0.05489202741481056,,,0.09468009200008964,
dwell,0.0001,100,threshold,3,"{""k_sigma"": 4.0, ""k_exit"": 0.5}",171,218,159,0.9298245614035088,0.7293577981651376,0.8174807197943444,0.8791773778920309,0.18667827373876258,0.14261106326256273,,,0.07184640600007697,
dwell,0.0001,100,threshold,4,"{""k_sigma"": 4.0, ""k_exit"": 1.0}",171,218,167,0.9766081871345029,0.7660550458715596,0.858611825192802,0.8791773778920309,0.13434858050734663,0.10097427675605473,,,0.06945452600029967,
dwell,0.0001,100,threshold,5,"{""k_sigma"": 4.0, ""k_exit"": 2.0}",171,220,171,1.0,0.7772727272727272,0.8746803069053708,0.8746803069053708,0.07052563632703492,0.05489202741481056,,,0.06887366999990263,
dwell,0.0001,100,threshold,6,"{""k_sigma"": 5.0, ""k_exit"": 0.5}",171,171,159,0.9298245614035088,0.9298245614035088,0.9298245614035088,1.0,0.18667827373876258,0.14261106326256273,,,0.08083411300003718,
dwell,0.0001,100,threshold,7,"{""k_sigma"": 5.0, ""k_exit"": 1.0}",171,171,167,0.9766081871345029,0.9766081871345029,0.9766081871345029,1.0,0.13434858050734663,0.10097427675605473,,,0.07690271700039375,
dwell,0.0001,100,threshold,8,"{""k_sigma"": 5.0, ""k_exit"": 2.0}",171,172,171,1.0,0.9941860465116279,0.9970845481049563,0.9970845481049563,0.07052563632703492,0.05489202741481056,,,0.0685079339996264,
dwell,0.0001,100,threshold,9,"{""k_sigma"": 6.0, ""k_exit"": 0.5}",171,171,159,0.9298245614035088,0.9298245614035088,0.9298245614035088,1.0,0.18667827373876258,0.14261106326256273,,,0.06853033700008382,
dwell,0.0001,100,threshold,10,"{""k_sigma"": 6.0, ""k_exit"": 1.0}",171,171,167,0.9766081871345029,0.9766081871345029,0.9766081871345029,1.0,0.13434858050734663,0.10097427675605473,,,0.07160811799985822,
dwell,0.0001,100,threshold,11,"{""k_sigma"": 6.0, ""k_exit"": 2.0}",171,172,171,1.0,0.9941860465116279,0.9970845481049563,0.9970845481049563,0.07052563632703492,0.05489202741481056,,,0.07575271599989719,
dwell,0.0001,101,threshold,0,"{""k_sigma"": 3.0, ""k_exit"": 0.5}",187,1713,173,0.9251336898395722,0.10099241097489783,0.18210526315789474,0.1968421052631579,0.18377550757935884,0.13384515444437664,,,0.1015486950000195,
dwell,0.0001,101,threshold,1,"{""k_sigma"": 3.0, ""k_exit"": 1.0}",187,1725,185,0.9893048128342246,0.1072463768115942,0.19351464435146445,0.19560669456066945,0.13862478792352081,0.1017778941563197,,,0.09238332999984777,
dwell,0.0001,101,threshold,2,"{""k_sigma"": 3.0, ""k_exit"": 2.0}",187,1737,187,1.0,0.10765687967760507,0.1943866943866944,0.1943866943866944,0.07578758728430783,0.06026885421187795,,,0.09662258599973939,
dwell,0.0001,101,threshold,3,"{""k_sigma"": 4.0, ""k_exit"": 0.5}",187,243,173,0.9251336898395722,0.7119341563786008,0.8046511627906977,0.8697674418604651,0.18377550757935884,0.13384515444437664,,,0.07034298500002478,
dwell,0.0001,101,threshold,4,"{""k_sigma"": 4.0, ""k_exit"": 1.0}",187,243,185,0.9893048128342246,0.7613168724279835,0.8604651162790697,0.8697674418604651,0.13862478792352081,0.1017778941563197,,,0.08372746699978961,
dwell,0.0001,101,threshold,5,"{""k_sigma"": 4.0, ""k_exit"": 2.0}",187,244,187,1.0,0.7663934426229508,0.8677494199535963,0.8677494199535963,0.07578758728430783,0.06026885421187795,,,0.08555615199975364,
dwell,0.0001,101,threshold,6,"{""k_sigma"": 5.0, ""k_exit"": 0.5}",187,188,172,0.9197860962566845,0.9148936170212766,0.9173333333333333,0.9919999999999999,0.1828815922344793,0.13298304080963136,,,0.08151414899975862,
dwell,0.0001,101,threshold,7,"{""k_sigma"": 5.0, ""k_exit"": 1.0}",187,188,184,0.983957219251337,0.9787234042553191,0.9813333333333334,0.9919999999999999,0.13790633916084472,0.10158126583407029,,,0.07158229099968594,
dwell,0.0001,101,threshold,8,"{""k_sigma"": 5.0, ""k_exit"": 2.0}",187,189,186,0.9946524064171123,0.9841269841269841,0.9893617021276594,0.9893617021276594,0.07686538531412543,0.05968423120656249,,,0.07152079799971034,
dwell,0.0001,101,threshold,9,"{""k_sigma"": 6.0, ""k_exit"": 0.5}",187,186,172,0.9197860962566845,0.9247311827956989,0.9222520107238605,0.9973190348525469,0.1828815922344793,0.13298304080963136,,,0.07858146900025531,
dwell,0.0001,101,threshold,10,"{""k_sigma"": 6.0, ""k_exit"": 1.0}",187,186,184,0.983957219251337,0.989247311827957,0.9865951742627346,0.9973190348525469,0.13790633916084472,0.10158126583407029,,,0.08314086900008988,
dwell,0.0001,101,threshold,11,"{""k_sigma"": 6.0, ""k_exit"": 2.0}",187,187,186,0.9946524064171123,0.9946524064171123,0.9946524064171123,0.9946524064171123,0.07686538531412543,0.05968423120656249,,,0.07644886099978976,
dwell,0.0003,100,threshold,0,"{""k_sigma"": 3.0, ""k_exit"": 0.5}",168,1439,167,0.9940476190476191,0.11605281445448228,0.20784069695084004,0.209085252022402,0.07087642963296077,0.05191907722340972,,,0.10007730000006632,
dwell,0.0003,100,threshold,1,"{""k_sigma"": 3.0, ""k_exit"": 1.0}",168,1450,168,1.0,0.11586206896551725,0.20766378244746603,0.20766378244746603,0.04609518545960912,0.033524419386735824,,,0.09138685200014152,
dwell,0.0003,100,threshold,2,"{""k_sigma"": 3.0, ""k_exit"": 2.0}",168,1456,168,1.0,0.11538461538461539,0.20689655172413793,0.20689655172413793,0.022955912012868125,0.03090355148417837,,,0.08819258199991964,
dwell,0.0003,100,threshold,3,"{""k_sigma"": 4.0, ""k_exit"": 0.5}",168,205,167,0.9940476190476191,0.8146341463414634,0.8954423592493298,0.900804289544236,0.07087642963296077,0.05191907722340972,,,0.07292797199988854,
dwell,0.0003,100,threshold,4,"{""k_sigma"": 4.0, ""k_exit"": 1.0}",168,205,168,1.0,0.8195121951219512,0.900804289544236,0.900804289544236,0.04609518545960912,0.033524419386735824,,,0.09166665499969895,
dwell,0.0003,100,threshold,5,"{""k_sigma"": 4.0, ""k_exit"": 2.0}",168,207,168,1.0,0.8115942028985508,0.896,0.896,0.022955912012868125,0.03090355148417837,,,0.07282468500034156,
dwell,0.0003,100,threshold,6,"{""k_sigma"": 5.0, ""k_exit"": 0.5}",168,168,167,0.9940476190476191,0.9940476190476191,0.9940476190476191,1.0,0.07087642963296077,0.05191907722340972,,,0.07746022699984678,
dwell,0.0003,100,threshold,7,"{""k_sigma"": 5.0, ""k_exit"": 1.0}",168,168,168,1.0,1.0,1.0,1.0,0.04609518545960912,0.033524419386735824,,,0.07387275400014914,
dwell,0.0003,100,threshold,8,"{""k_sigma"": 5.0, ""k_exit"": 2.0}",168,170,168,1.0,0.9882352941176471,0.9940828402366864,0.9940828402366864,0.022955912012868125,0.03090355148417837,,,0.0727020059998722,
dwell,0.0003,100,threshold,9,"{""k_sigma"": 6.0, ""k_exit"": 0.5}",168,168,167,0.9940476190476191,0.9940476190476191,0.9940476190476191,1.0,0.07087642963296077,0.05191907722340972,,,0.07243823999988308,
dwell,0.0003,100,threshold,10,"{""k_sigma"": 6.0, ""k_exit"": 1.0}",168,168,168,1.0,1.0,1.0,1.0,0.04609518545960912,0.033524419386735824,,,0.06849727999997413,
dwell,0.0003,100,threshold,11,"{""k_sigma"": 6.0, ""k_exit"": 2.0}",168,170,168,1.0,0.9882352941176471,0.9940828402366864,0.9940828402366864,0.022955912012868125,0.03090355148417837,,,0.06832814800009146,
dwell,0.0003,101,threshold,0,"{""k_sigma"": 3.0, ""k_exit"": 0.5}",185,1543,184,0.9945945945945946,0.11924821775761503,0.21296296296296294,0.21412037037037035,0.07085414461134304,0.04941964803906919,,,0.08636493299991344,
dwell,0.0003,101,threshold,1,"{""k_sigma"": 3.0, ""k_exit"": 1.0}",185,1554,185,1.0,0.11904761904761904,0.21276595744680848,0.21276595744680848,0.04781496419194597,0.036364036229633155,,,0.09067260500023622,
dwell,0.0003,101,threshold,2,"{""k_sigma"": 3.0, ""k_exit"": 2.0}",185,1565,185,1.0,0.1182108626198083,0.2114285714285714,0.2114285714285714,0.026324410579033418,0.0321858179102018,,,0.08646260300020003,
dwell,0.0003,101,threshold,3,"{""k_sigma"": 4.0, ""k_exit"": 0.5}",185,233,184,0.9945945945945946,0.7896995708154506,0.8803827751196172,0.8851674641148326,0.07085414461134304,0.04941964803906919,,,0.06834295799990286,
dwell,0.0003,101,threshold,4,"{""k_sigma"": 4.0, ""k_exit"": 1.0}",185,233,185,1.0,0.7939914163090128,0.8851674641148326,0.8851674641148326,0.04781496419194597,0.036364036229633155,,,0.06581360599966501,
dwell,0.0003,101,threshold,5,"{""k_sigma"": 4.0, ""k_exit"": 2.0}",185,236,185,1.0,0.7838983050847458,0.8788598574821853,0.8788598574821853,0.026324410579033418,0.0321858179102018,,,0.06492764999984502,
dwell,0.0003,101,threshold,6,"{""k_sigma"": 5.0, ""k_exit"": 0.5}",185,187,184,0.9945945945945946,0.983957219251337,0.9892473118279571,0.9946236559139785,0.07085414461134304,0.04941964803906919,,,0.06553587200005495,
dwell,0.0003,101,threshold,7,"{""k_sigma"": 5.0, ""k_exit"": 1.0}",185,187,185,1.0,0.9893048128342246,0.9946236559139785,0.9946236559139785,0.04781496419194597,0.036364036229633155,,,0.06598944699999265,
dwell,0.0003,101,threshold,8,"{""k_sigma"": 5.0, ""k_exit"": 2.0}",185,189,185,1.0,0.9788359788359788,0.9893048128342246,0.9893048128342246,0.026324410579033418,0.0321858179102018,,,0.06681593800021801,
dwell,0.0003,101,threshold,9,"{""k_sigma"": 6.0, ""k_exit"": 0.5}",185,185,184,0.9945945945945946,0.9945945945945946,0.9945945945945946,1.0,0.07085414461134304,0.04941964803906919,,,0.06903141500015408,
dwell,0.0003,101,threshold,10,"{""k_sigma"": 6.0, ""k_exit"": 1.0}",185,185,185,1.0,1.0,1.0,1.0,0.04781496419194597,0.036364036229633155,,,0.06727851899995585,
dwell,0.0003,101,threshold,11,"{""k_sigma"": 6.0, ""k_exit"": 2.0}",185,187,185,1.0,0.9893048128342246,0.9946236559139785,0.9946236559139785,0.026324410579033418,0.0321858179102018,,,0.06329986599985205,
dwell,0.001,100,threshold,0,"{""k_sigma"": 3.0, ""k_exit"": 0.5}",162,1041,162,1.0,0.15561959654178675,0.26932668329177056,0.26932668329177056,0.02152288399061895,0.022314682484849985,,,0.08728726499975892,
dwell,0.001,100,threshold,1,"{""k_sigma"": 3.0, ""k_exit"": 1.0}",162,1048,162,1.0,0.15458015267175573,0.2677685950413223,0.2677685950413223,0.01388843092979223,0.025606759399456974,,,0.09090539199996783,
dwell,0.001,100,threshold,2,"{""k_sigma"": 3.0, ""k_exit"": 2.0}",162,1064,162,1.0,0.15225563909774437,0.2642740619902121,0.2642740619902121,0.008112676803454776,0.030160445439934222,,,0.08562181199977204,
dwell,0.001,100,threshold,3,"{""k_sigma"": 4.0, ""k_exit"": 0.5}",162,184,162,1.0,0.8804347826086957,0.9364161849710982,0.9364161849710982,0.02152288399061895,0.022314682484849985,,,0.06957895599998665,
dwell,0.001,100,threshold,4,"{""k_sigma"": 4.0, ""k_exit"": 1.0}",162,184,162,1.0,0.8804347826086957,0.9364161849710982,0.9364161849710982,0.01388843092979223,0.025606759399456974,,,0.07242035499984922,
dwell,0.001,100,threshold,5,"{""k_sigma"": 4.0, ""k_exit"": 2.0}",162,197,162,1.0,0.8223350253807107,0.9025069637883009,0.9025069637883009,0.008112676803454776,0.030160445439934222,,,0.08270814299976337,
dwell,0.001,100,threshold,6,"{""k_sigma"": 5.0, ""k_exit"": 0.5}",162,162,162,1.0,1.0,1.0,1.0,0.02152288399061895,0.022314682484849985,,,0.09519608299979154,
dwell,0.001,100,threshold,7,"{""k_sigma"": 5.0, ""k_exit"": 1.0}",162,162,162,1.0,1.0,1.0,1.0,0.01388843092979223,0.025606759399456974,,,0.07007861100009904,
dwell,0.001,100,threshold,8,"{""k_sigma"": 5.0, ""k_exit"": 2.0}",162,175,162,1.0,0.9257142857142857,0.9614243323442137,0.9614243323442137,0.008112676803454776,0.030160445439934222,,,0.07280424900000071,
dwell,0.001,100,threshold,9,"{""k_sigma"": 6.0, ""k_exit"": 0.5}",162,162,162,1.0,1.0,1.0,1.0,0.02152288399061895,0.022314682484849985,,,0.0797294620001594,
dwell,0.001,100,threshold,10,"{""k_sigma"": 6.0, ""k_exit"": 1.0}",162,162,162,1.0,1.0,1.0,1.0,0.01388843092979223,0.025606759399456974,,,0.0698515789999874,
dwell,0.001,100,threshold,11,"{""k_sigma"": 6.0, ""k_exit"": 2.0}",162,174,162,1.0,0.9310344827586207,0.9642857142857143,0.9642857142857143,0.008112676803454776,0.030160445439934222,,,0.06464242800029751,
dwell,0.001,101,threshold,0,"{""k_sigma"": 3.0, ""k_exit"": 0.5}",180,1095,180,1.0,0.1643835616438356,0.2823529411764706,0.2823529411764706,0.024052272552352816,0.024202565255946412,,,0.09890576500038151,
dwell,0.001,101,threshold,1,"{""k_sigma"": 3.0, ""k_exit"": 1.0}",180,1100,180,1.0,0.16363636363636364,0.28125,0.28125,0.015285893910855695,0.02400762975393758,,,0.09398761600004946,
dwell,0.001,101,threshold,2,"{""k_sigma"": 3.0, ""k_exit"": 2.0}",180,1121,180,1.0,0.16057091882247992,0.2767102229054573,0.2767102229054573,0.007960749719908162,0.03116510053556218,,,0.08674710100012817,
dwell,0.001,101,threshold,3,"{""k_sigma"": 4.0, ""k_exit"": 0.5}",180,201,180,1.0,0.8955223880597015,0.9448818897637796,0.9448818897637796,0.024052272552352816,0.024202565255946412,,,0.06868832600002861,
dwell,0.001,101,threshold,4,"{""k_sigma"": 4.0, ""k_exit"": 1.0}",180,201,180,1.0,0.8955223880597015,0.9448818897637796,0.9448818897637796,0.015285893910855695,0.02400762975393758,,,0.07627595099984319,
dwell,0.001,101,threshold,5,"{""k_sigma"": 4.0, ""k_exit"": 2.0}",180,218,180,1.0,0.8256880733944955,0.9045226130653267,0.9045226130653267,0.007960749719908162,0.03116510053556218,,,0.06893779400024869,
dwell,0.001,101,threshold,6,"{""k_sigma"": 5.0, ""k_exit"": 0.5}",180,181,180,1.0,0.994475138121547,0.9972299168975068,0.9972299168975068,0.024052272552352816,0.024202565255946412,,,0.06854316699991614,
dwell,0.001,101,threshold,7,"{""k_sigma"": 5.0, ""k_exit"": 1.0}",180,181,180,1.0,0.994475138121547,0.9972299168975068,0.9972299168975068,0.015285893910855695,0.02400762975393758,,,0.06160155199995643,
dwell,0.001,101,threshold,8,"{""k_sigma"": 5.0, ""k_exit"": 2.0}",180,197,180,1.0,0.9137055837563451,0.9549071618037135,0.9549071618037135,0.007960749719908162,0.03116510053556218,,,0.06470565299969167,
dwell,0.001,101,threshold,9,"{""k_sigma"": 6.0, ""k_exit"": 0.5}",180,180,180,1.0,1.0,1.0,1.0,0.024052272552352816,0.024202565255946412,,,0.06558444100028282,
dwell,0.001,101,threshold,10,"{""k_sigma"": 6.0, ""k_exit"": 1.0}",180,180,180,1.0,1.0,1.0,1.0,0.015285893910855695,0.02400762975393758,,,0.0655818300001556,
dwell,0.001,101,threshold,11,"{""k_sigma"": 6.0, ""k_exit"": 2.0}",180,195,180,1.0,0.9230769230769231,0.9600000000000001,0.9600000000000001,0.007960749719908162,0.03116510053556218,,,0.07465715600028489,
dwell,0.01,100,threshold,0,"{""k_sigma"": 3.0, ""k_exit"": 0.5}",88,258,88,1.0,0.34108527131782945,0.5086705202312138,0.5086705202312138,0.001995682784913485,0.017439822283174623,,,0.09837250300006417,
dwell,0.01,100,threshold,1,"{""k_sigma"": 3.0, ""k_exit"": 1.0}",88,262,88,1.0,0.33587786259541985,0.5028571428571428,0.5028571428571428,0.0010882509601311818,0.018979045958770212,,,0.09690641700035485,
dwell,0.01,100,threshold,2,"{""k_sigma"": 3.0, ""k_exit"": 2.0}",88,412,83,0.9431818181818182,0.20145631067961164,0.332,0.35200000000000004,0.0021882425586549075,0.045302089343139326,,,0.10045571399996334,
dwell,0.01,100,threshold,3,"{""k_sigma"": 4.0, ""k_exit"": 0.5}",88,90,88,1.0,0.9777777777777777,0.9887640449438202,0.9887640449438202,0.001995682784913485,0.017439822283174623,,,0.10341467999978704,
dwell,0.01,100,threshold,4,"{""k_sigma"": 4.0, ""k_exit"": 1.0}",88,94,88,1.0,0.9361702127659575,0.967032967032967,0.967032967032967,0.0010882509601311818,0.018979045958770212,,,0.10532649900005708,
dwell,0.01,100,threshold,5,"{""k_sigma"": 4.0, ""k_exit"": 2.0}",88,240,83,0.9431818181818182,0.3458333333333333,0.5060975609756098,0.5365853658536585,0.0021882425586549075,0.045302089343139326,,,0.10044999100000496,
dwell,0.01,100,threshold,6,"{""k_sigma"": 5.0, ""k_exit"": 0.5}",88,88,88,1.0,1.0,1.0,1.0,0.001995682784913485,0.017439822283174623,,,0.10409302699963519,
dwell,0.01,100,threshold,7,"{""k_sigma"": 5.0, ""k_exit"": 1.0}",88,92,88,1.0,0.9565217391304348,0.9777777777777777,0.9777777777777777,0.0010882509601311818,0.018979045958770212,,,0.14820810900027936,
dwell,0.01,100,threshold,8,"{""k_sigma"": 5.0, ""k_exit"": 2.0}",88,223,83,0.9431818181818182,0.3721973094170404,0.5337620578778135,0.5659163987138263,0.0021882425586549075,0.045302089343139326,,,0.10597581899992292,
dwell,0.01,100,threshold,9,"{""k_sigma"": 6.0, ""k_exit"": 0.5}",88,88,88,1.0,1.0,1.0,1.0,0.001995682784913485,0.017439822283174623,,,0.10142170800008898,
dwell,0.01,100,threshold,10,"{""k_sigma"": 6.0, ""k_exit"": 1.0}",88,89,88,1.0,0.9887640449438202,0.9943502824858756,0.9943502824858756,0.0010882509601311818,0.018979045958770212,,,0.09807867800009262,
dwell,0.01,100,threshold,11,"{""k_sigma"": 6.0, ""k_exit"": 2.0}",88,142,83,0.9431818181818182,0.5845070422535211,0.7217391304347827,0.7652173913043477,0.0021882425586549075,0.045302089343139326,,,0.0996275020002031,
dwell,0.01,101,threshold,0,"{""k_sigma"": 3.0, ""k_exit"": 0.5}",91,228,91,1.0,0.3991228070175439,0.5705329153605015,0.5705329153605015,0.00174245844687046,0.02239074311638844,,,0.10742625900002167,
dwell,0.01,101,threshold,1,"{""k_sigma"": 3.0, ""k_exit"": 1.0}",91,235,91,1.0,0.3872340425531915,0.558282208588957,0.558282208588957,0.0011319271843305133,0.024718835257033236,,,0.13991428700001052,
dwell,0.01,101,threshold,2,"{""k_sigma"": 3.0, ""k_exit"": 2.0}",91,491,77,0.8461538461538461,0.15682281059063136,0.2646048109965636,0.3127147766323024,0.0010156956020460626,0.03921408671715589,,,0.11033181099992362,
dwell,0.01,101,threshold,3,"{""k_sigma"": 4.0, ""k_exit"": 0.5}",91,91,91,1.0,1.0,1.0,1.0,0.00174245844687046,0.02239074311638844,,,0.10368139699994572,
dwell,0.01,101,threshold,4,"{""k_sigma"": 4.0, ""k_exit"": 1.0}",91,98,91,1.0,0.9285714285714286,0.962962962962963,0.962962962962963,0.0011319271843305133,0.024718835257033236,,,0.09809010499975557,
dwell,0.01,101,threshold,5,"{""k_sigma"": 4.0, ""k_exit"": 2.0}",91,344,77,0.8461538461538461,0.2238372093023256,0.3540229885057471,0.41839080459770117,0.0010156956020460626,0.03921408671715589,,,0.100918188000378,
dwell,0.01,101,threshold,6,"{""k_sigma"": 5.0, ""k_exit"": 0.5}",91,91,91,1.0,1.0,1.0,1.0,0.00174245844687046,0.02239074311638844,,,0.10018499499983591,
dwell,0.01,101,threshold,7,"{""k_sigma"": 5.0, ""k_exit"": 1.0}",91,98,91,1.0,0.9285714285714286,0.962962962962963,0.962962962962963,0.0011319271843305133,0.024718835257033236,,,0.09809822100032761,
dwell,0.01,101,threshold,8,"{""k_sigma"": 5.0, ""k_exit"": 2.0}",91,301,77,0.8461538461538461,0.2558139534883721,0.3928571428571428,0.46428571428571425,0.0010156956020460626,0.03921408671715589,,,0.10328880299994125,
dwell,0.01,101,threshold,9,"{""k_sigma"": 6.0, ""k_exit"": 0.5}",91,91,91,1.0,1.0,1.0,1.0,0.00174245844687046,0.02239074311638844,,,0.14435050899965063,
dwell,0.01,101,threshold,10,"{""k_sigma"": 6.0, ""k_exit"": 1.0}",91,95,91,1.0,0.9578947368421052,0.978494623655914,0.978494623655914,0.0011319271843305133,0.024718835257033236,,,0.10862548400018568,
dwell,0.01,101,threshold,11,"{""k_sigma"": 6.0, ""k_exit"": 2.0}",91,171,77,0.8461538461538461,0.4502923976608187,0.5877862595419847,0.6946564885496184,0.0010156956020460626,0.03921408671715589,,,0.10184347899985369,
dwell,0.1,100,threshold,0,"{""k_sigma"": 3.0, ""k_exit"": 0.5}",15,210,15,1.0,0.07142857142857142,0.13333333333333333,0.13333333333333333,0.0002301998011852377,0.03610766111013331,,,0.17616518800014092,
dwell,0.1,100,threshold,1,"{""k_sigma"": 3.0, ""k_exit"": 1.0}",15,212,14,0.9333333333333333,0.0660377358490566,0.12334801762114538,0.13215859030837004,0.00011776905269452777,0.035446477220882865,,,0.16678373700005977,
dwell,0.1,100,threshold,2,"{""k_sigma"": 3.0, ""k_exit"": 2.0}",15,414,13,0.8666666666666667,0.03140096618357488,0.0606060606060606,0.06993006993006994,8.933182369373421e-05,0.04789150267994534,,,0.16582152999990285,
dwell,0.1,100,threshold,3,"{""k_sigma"": 4.0, ""k_exit"": 0.5}",15,15,15,1.0,1.0,1.0,1.0,0.0002301998011852377,0.03610766111013331,,,0.21852322899985666,
dwell,0.1,100,threshold,4,"{""k_sigma"": 4.0, ""k_exit"": 1.0}",15,17,14,0.9333333333333333,0.8235294117647058,0.8749999999999999,0.9375,0.00011776905269452777,0.035446477220882865,,,0.164582929000062,
dwell,0.1,100,threshold,5,"{""k_sigma"": 4.0, ""k_exit"": 2.0}",15,214,13,0.8666666666666667,0.06074766355140187,0.11353711790393015,0.13100436681222707,8.933182369373421e-05,0.04789150267994534,,,0.17508585300038249,
dwell,0.1,100,threshold,6,"{""k_sigma"": 5.0, ""k_exit"": 0.5}",15,15,15,1.0,1.0,1.0,1.0,0.0002301998011852377,0.03610766111013331,,,0.16269693600042956,
dwell,0.1,100,threshold,7,"{""k_sigma"": 5.0, ""k_exit"": 1.0}",15,17,14,0.9333333333333333,0.8235294117647058,0.8749999999999999,0.9375,0.00011776905269452777,0.035446477220882865,,,0.18673097700002472,
dwell,0.1,100,threshold,8,"{""k_sigma"": 5.0, ""k_exit"": 2.0}",15,192,13,0.8666666666666667,0.06770833333333333,0.12560386473429952,0.14492753623188406,8.933182369373421e-05,0.04789150267994534,,,0.1673296769999979,
dwell,0.1,100,threshold,9,"{""k_sigma"": 6.0, ""k_exit"": 0.5}",15,15,15,1.0,1.0,1.0,1.0,0.0002301998011852377,0.03610766111013331,,,0.16412218100003884,
dwell,0.1,100,threshold,10,"{""k_sigma"": 6.0, ""k_exit"": 1.0}",15,17,14,0.9333333333333333,0.8235294117647058,0.8749999999999999,0.9375,0.00011776905269452777,0.035446477220882865,,,0.16692190999992818,
dwell,0.1,100,threshold,11,"{""k_sigma"": 6.0, ""k_exit"": 2.0}",15,103,13,0.8666666666666667,0.1262135922330097,0.22033898305084748,0.2542372881355932,8.933182369373421e-05,0.04789150267994534,,,0.17136594200019317,
dwell,0.1,101,threshold,0,"{""k_sigma"": 3.0, ""k_exit"": 0.5}",14,205,14,1.0,0.06829268292682927,0.1278538812785388,0.1278538812785388,0.00017980931189360102,0.026576204892682073,,,0.18818372199984879,
dwell,0.1,101,threshold,1,"{""k_sigma"": 3.0, ""k_exit"": 1.0}",14,218,14,1.0,0.06422018348623854,0.1206896551724138,0.1206896551724138,0.0955127174773626,0.0588328371109216,,,0.18879863099982686,
dwell,0.1,101,threshold,2,"{""k_sigma"": 3.0, ""k_exit"": 2.0}",14,838,9,0.6428571428571429,0.010739856801909307,0.02112676056338028,0.03286384976525822,0.0001010400567384726,0.03507400194204588,,,0.18670939799994812,
dwell,0.1,101,threshold,3,"{""k_sigma"": 4.0, ""k_exit"": 0.5}",14,14,14,1.0,1.0,1.0,1.0,0.00017980931189360102,0.026576204892682073,,,0.17095236200020736,
dwell,0.1,101,threshold,4,"{""k_sigma"": 4.0, ""k_exit"": 1.0}",14,27,14,1.0,0.5185185185185185,0.6829268292682926,0.6829268292682926,0.0955127174773626,0.0588328371109216,,,0.17754684200008342,
dwell,0.1,101,threshold,5,"{""k_sigma"": 4.0, ""k_exit"": 2.0}",14,625,9,0.6428571428571429,0.0144,0.028169014084507043,0.04381846635367762,0.0001010400567384726,0.03507400194204588,,,0.17499297199992725,
dwell,0.1,101,threshold,6,"{""k_sigma"": 5.0, ""k_exit"": 0.5}",14,14,14,1.0,1.0,1.0,1.0,0.00017980931189360102,0.026576204892682073,,,0.1666868450001857,
dwell,0.1,101,threshold,7,"{""k_sigma"": 5.0, ""k_exit"": 1.0}",14,27,14,1.0,0.5185185185185185,0.6829268292682926,0.6829268292682926,0.0955127174773626,0.0588328371109216,,,0.1695672390001164,
dwell,0.1,101,threshold,8,"{""k_sigma"": 5.0, ""k_exit"": 2.0}",14,525,9,0.6428571428571429,0.017142857142857144,0.033395176252319116,0.05194805194805195,0.0001010400567384726,0.03507400194204588,,,0.17010252699992634,
dwell,0.1,101,threshold,9,"{""k_sigma"": 6.0, ""k_exit"": 0.5}",14,14,14,1.0,1.0,1.0,1.0,0.00017980931189360102,0.026576204892682073,,,0.22252886199976274,
dwell,0.1,101,threshold,10,"{""k_sigma"": 6.0, ""k_exit"": 1.0}",14,27,14,1.0,0.5185185185185185,0.6829268292682926,0.6829268292682926,0.0955127174773626,0.0588328371109216,,,0.16776409199974296,
dwell,0.1,101,threshold,11,"{""k_sigma"": 6.0, ""k_exit"": 2.0}",14,158,9,0.6428571428571429,0.056962025316455694,0.10465116279069768,0.1627906976744186,0.0001010400567384726,0.03507400194204588,,,0.16583745599973554,
snr,2.0,100,pelt,0,"{""penalty_factor"": 0.5, ""k_sigma"": 2.0}",162,860,58,0.35802469135802467,0.06744186046511629,0.11350293542074365,0.2818003913894325,0.2734224627412867,0.2647001057013517,0.39655172413793105,360.70397663784394,2.33021627800008,
snr,2.0,100,pelt,1,"{""penalty_factor"": 0.5, ""k_sigma"": 3.0}",162,122,0,0.0,0.0,0.0,0.4084507042253521,,,,,2.269683627000177,
snr,2.0,100,pelt,2,"{""penalty_factor"": 1.0, ""k_sigma"": 2.0}",162,170,83,0.5123456790123457,0.48823529411764705,0.5,0.7048192771084338,0.04185750737081621,0.20239441239137396,0.6024096385542169,146.6818078054155,12.765455529000064,
snr,2.0,100,pelt,3,"{""penalty_factor"": 1.0, ""k_sigma"": 3.0}",162,21,0,0.0,0.0,0.0,0.12021857923497269,,,,,13.3036672180001,
snr,2.0,100,pelt,4,"{""penalty_factor"": 2.0, ""k_sigma"": 2.0}",162,95,85,0.5246913580246914,0.8947368421052632,0.6614785992217899,0.7315175097276265,0.021086144354236374,0.18380838038569117,0.6823529411764706,,31.125494549999985,
snr,2.0,100,pelt,5,"{""penalty_factor"": 2.0, ""k_sigma"": 3.0}",162,1,0,0.0,0.0,0.0,0.012269938650306747,,,,,30.772387787000298,
snr,2.0,100,pelt,6,"{""penalty_factor"": 4.0, ""k_sigma"": 2.0}",162,86,85,0.5246913580246914,0.9883720930232558,0.685483870967742,0.6935483870967741,0.01949241655874377,0.18380838038569117,0.6823529411764706,,41.239591331000156,
snr,2.0,100,pelt,7,"{""penalty_factor"": 4.0, ""k_sigma"": 3.0}",162,1,1,0.006172839506172839,1.0,0.012269938650306747,0.012269938650306747,0.4746384196230055,0.9514561915341704,0.0,,41.039768534999894,
snr,2.0,100,pelt,8,"{""penalty_factor"": 8.0, ""k_sigma"": 2.0}",162,77,77,0.47530864197530864,1.0,0.6443514644351465,0.6443514644351465,0.015380949178093774,0.18380838038569117,0.7012987012987013,,59.43816860900006,
snr,2.0,100,pelt,9,"{""penalty_factor"": 8.0, ""k_sigma"": 3.0}",162,1,1,0.006172839506172839,1.0,0.012269938650306747,0.012269938650306747,0.4746384196230055,0.9514561915341704,0.0,,60.030085209999925,
snr,2.0,100,pelt,10,"{""penalty_factor"": 16.0, ""k_sigma"": 2.0}",162,50,50,0.30864197530864196,1.0,0.4716981132075471,0.4716981132075471,0.009152334688155201,0.19705876259722743,0.72,,127.89945077399989,
snr,2.0,100,pelt,11,"{""penalty_factor"": 16.0, ""k_sigma"": 3.0}",162,0,0,0.0,0.0,0.0,0.0,,,,,127.40951740999981,
snr,2.0,101,pelt,0,"{""penalty_factor"": 0.5, ""k_sigma"": 2.0}",180,838,77,0.42777777777777776,0.09188544152744631,0.1512770137524558,0.3241650294695481,0.20800935489664513,0.24079249116028242,0.5974025974025974,69.88672238605886,2.1712350349998815,
snr,2.0,101,pelt,1,"{""penalty_factor"": 0.5, ""k_sigma"": 3.0}",180,116,0,0.0,0.0,0.0,0.4121621621621622,,,,,2.2572025870003927,
snr,2.0,101,pelt,2,"{""penalty_factor"": 1.0, ""k_sigma"": 2.0}",180,155,88,0.4888888888888889,0.567741935483871,0.5253731343283582,0.6865671641791045,0.0268521183452299,0.22799542180084686,0.6704545454545454,259.8003491489642,12.009372450000228,
snr,2.0,101,pelt,3,"{""penalty_factor"": 1.0, ""k_sigma"": 3.0}",180,14,0,0.0,0.0,0.0,0.07216494845360825,,,,,12.460127337999893,
snr,2.0,101,pelt,4,"{""penalty_factor"": 2.0, ""k_sigma"": 2.0}",180,102,90,0.5,0.8823529411764706,0.6382978723404256,0.7234042553191489,0.02603427974307313,0.21229969822126593,0.7111111111111111,,30.311512960000073,
snr,2.0,101,pelt,5,"{""penalty_factor"": 2.0, ""k_sigma"": 3.0}",180,1,0,0.0,0.0,0.0,0.011049723756906079,,,,,30.565050336999775,
snr,2.0,101,pelt,6,"{""penalty_factor"": 4.0, ""k_sigma"": 2.0}",180,88,83,0.46111111111111114,0.9431818181818182,0.6194029850746269,0.6567164179104478,0.016880114127579605,0.1981552308359255,0.7590361445783133,,40.2970941679996,
snr,2.0,101,pelt,7,"{""penalty_factor"": 4.0, ""k_sigma"": 3.0}",180,0,0,0.0,0.0,0.0,0.0,,,,,39.3557930259999,
snr,2.0,101,pelt,8,"{""penalty_factor"": 8.0, ""k_sigma"": 2.0}",180,75,74,0.4111111111111111,0.9866666666666667,0.580392156862745,0.5882352941176471,0.016530123367652135,0.19406350716618193,0.8108108108108109,,53.653741138999976,
snr,2.0,101,pelt,9,"{""penalty_factor"": 8.0, ""k_sigma"": 3.0}",180,0,0,0.0,0.0,0.0,0.0,,,,,53.877997049999976,
snr,2.0,101,pelt,10,"{""penalty_factor"": 16.0, ""k_sigma"": 2.0}",180,34,34,0.18888888888888888,1.0,0.3177570093457944,0.3177570093457944,0.009108028897442107,0.2117130796748898,0.7647058823529411,,146.72629341599986,
snr,2.0,101,pelt,11,"{""penalty_factor"": 16.0, ""k_sigma"": 3.0}",180,0,0,0.0,0.0,0.0,0.0,,,,,148.74129991400014,
snr,3.0,100,pelt,0,"{""penalty_factor"": 0.5, ""k_sigma"": 2.0}",162,788,127,0.7839506172839507,0.16116751269035534,0.2673684210526316,0.3410526315789474,0.02483007319009651,0.12286396339573064,0.3228346456692913,50.41200740807383,2.057098649999716,
snr,3.0,100,pelt,1,"{""penalty_factor"": 0.5, ""k_sigma"": 3.0}",162,257,52,0.32098765432098764,0.20233463035019456,0.2482100238663484,0.6778042959427207,0.2607051650686837,0.17935894691538082,0.4230769230769231,286.6818078053335,2.1647149979999085,
snr,3.0,100,pelt,2,"{""penalty_factor"": 1.0, ""k_sigma"": 2.0}",162,210,144,0.8888888888888888,0.6857142857142857,0.7741935483870968,0.870967741935484,0.012290982137542506,0.11740530996235798,0.6527777777777778,29.519284410639557,13.748642007999933,
snr,3.0,100,pelt,3,"{""penalty_factor"": 1.0, ""k_sigma"": 3.0}",162,125,72,0.4444444444444444,0.576,0.5017421602787456,0.7735191637630662,0.04199886185260386,0.16401781334424115,0.5833333333333334,,12.363107656000011,
snr,3.0,100,pelt,4,"{""penalty_factor"": 2.0, ""k_sigma"": 2.0}",162,163,149,0.9197530864197531,0.9141104294478528,0.9169230769230768,0.9969230769230769,0.009872471390273552,0.10402378880527097,0.6711409395973155,30.513347274885305,31.47303576200011,
snr,3.0,100,pelt,5,"{""penalty_factor"": 2.0, ""k_sigma"": 3.0}",162,91,70,0.43209876543209874,0.7692307692307693,0.5533596837944664,0.7193675889328064,0.014506707966053047,0.1357115392448003,0.6714285714285714,,31.469129703999897,
snr,3.0,100,pelt,6,"{""penalty_factor"": 4.0, ""k_sigma"": 2.0}",162,160,157,0.9691358024691358,0.98125,0.9751552795031055,0.9937888198757764,0.01037638670468421,0.09669220484866657,0.5668789808917197,49.38164365464459,39.10738453199974,
snr,3.0,100,pelt,7,"{""penalty_factor"": 4.0, ""k_sigma"": 3.0}",162,69,60,0.37037037037037035,0.8695652173913043,0.5194805194805194,0.5974025974025974,0.009564032661110743,0.12284779806137684,0.7833333333333333,,40.16715337599999,
snr,3.0,100,pelt,8,"{""penalty_factor"": 8.0, ""k_sigma"": 2.0}",162,158,158,0.9753086419753086,1.0,0.9875,0.9875,0.009946279289661568,0.08947580415500263,0.5126582278481012,29.519284410639557,41.151346332999765,
snr,3.0,100,pelt,9,"{""penalty_factor"": 8.0, ""k_sigma"": 3.0}",162,57,56,0.345679012345679,0.9824561403508771,0.5114155251141552,0.5205479452054794,0.008881134826583186,0.11841234489140351,0.8392857142857143,,42.35121603100015,
snr,3.0,100,pelt,10,"{""penalty_factor"": 16.0, ""k_sigma"": 2.0}",162,130,130,0.8024691358024691,1.0,0.8904109589041096,0.8904109589041096,0.009280644877227281,0.0864450794143729,0.5615384615384615,,50.743722895000246,
snr,3.0,100,pelt,11,"{""penalty_factor"": 16.0, ""k_sigma"": 3.0}",162,52,52,0.32098765432098764,1.0,0.4859813084112149,0.4859813084112149,0.008789595123665579,0.12106756360686333,0.8269230769230769,,50.33169372800012,
snr,3.0,101,pelt,0,"{""penalty_factor"": 0.5, ""k_sigma"": 2.0}",180,782,136,0.7555555555555555,0.17391304347826086,0.28274428274428276,0.37214137214137216,0.05853691378065301,0.12302919182898174,0.39705882352941174,59.22936427960046,2.1488487699998586,
snr,3.0,101,pelt,1,"{""penalty_factor"": 0.5, ""k_sigma"": 3.0}",180,261,58,0.32222222222222224,0.2222222222222222,0.26303854875283444,0.6666666666666665,0.23673608763197382,0.16683590421367234,0.5862068965517241,69.88672238605886,2.112603446999856,
snr,3.0,101,pelt,2,"{""penalty_factor"": 1.0, ""k_sigma"": 2.0}",180,213,148,0.8222222222222222,0.6948356807511737,0.7531806615776081,0.9058524173027989,0.011605684075242133,0.11054248822549188,0.668918918918919,33.88672238613388,12.660671695000019,
snr,3.0,101,pelt,3,"{""penalty_factor"": 1.0, ""k_sigma"": 3.0}",180,108,65,0.3611111111111111,0.6018518518518519,0.4513888888888889,0.6944444444444444,0.011374359309053712,0.1576922136752759,0.6307692307692307,,11.913228513999911,
snr,3.0,101,pelt,4,"{""penalty_factor"": 2.0, ""k_sigma"": 2.0}",180,178,154,0.8555555555555555,0.8651685393258427,0.8603351955307262,0.9944134078212291,0.011734223921396992,0.09851052410124836,0.6948051948051948,23.372232537344217,30.914707445000204,
snr,3.0,101,pelt,5,"{""penalty_factor"": 2.0, ""k_sigma"": 3.0}",180,88,66,0.36666666666666664,0.75,0.49253731343283574,0.6567164179104478,0.010315360608514783,0.15646682646705007,0.7272727272727273,,31.428167312999904,
snr,3.0,101,pelt,6,"{""penalty_factor"": 4.0, ""k_sigma"": 2.0}",180,173,162,0.9,0.9364161849710982,0.9178470254957507,0.9801699716713881,0.011605684075242133,0.08890324428015492,0.6049382716049383,33.88672238613388,37.97305886699996,
snr,3.0,101,pelt,7,"{""penalty_factor"": 4.0, ""k_sigma"": 3.0}",180,73,61,0.3388888888888889,0.8356164383561644,0.48221343873517797,0.5770750988142292,0.008988222192316661,0.1539888885874807,0.7868852459016393,,40.26549832700039,
snr,3.0,101,pelt,8,"{""penalty_factor"": 8.0, ""k_sigma"": 2.0}",180,167,164,0.9111111111111111,0.9820359281437125,0.9452449567723342,0.962536023054755,0.010726740718984586,0.07924888330213306,0.5487804878048781,,41.08825880299992,
snr,3.0,101,pelt,9,"{""penalty_factor"": 8.0, ""k_sigma"": 3.0}",180,56,53,0.29444444444444445,0.9464285714285714,0.4491525423728814,0.4745762711864407,0.00823590836733887,0.13999082529466922,0.8867924528301887,,39.99632370900008,
snr,3.0,101,pelt,10,"{""penalty_factor"": 16.0, ""k_sigma"": 2.0}",180,129,129,0.7166666666666667,1.0,0.8349514563106796,0.8349514563106796,0.008934269115464171,0.07321998423142881,0.627906976744186,,49.463453006000236,
snr,3.0,101,pelt,11,"{""penalty_factor"": 16.0, ""k_sigma"": 3.0}",180,50,50,0.2777777777777778,1.0,0.4347826086956522,0.4347826086956522,0.0075885385437545316,0.13932722645320428,0.9,,48.784570339999846,
snr,5.0,100,pelt,0,"{""penalty_factor"": 0.5, ""k_sigma"": 2.0}",162,709,162,1.0,0.22849083215796898,0.3719862227324914,0.3719862227324914,0.004832121465215914,0.04945378724241453,0.2962962962962963,5.575309966920905,2.253984126999967,
snr,5.0,100,pelt,1,"{""penalty_factor"": 0.5, ""k_sigma"": 3.0}",162,234,149,0.9197530864197531,0.6367521367521367,0.7525252525252524,0.8181818181818181,0.008056880312253375,0.06901138589737267,0.2953020134228188,9.113437823282666,1.971493847000147,
snr,5.0,100,pelt,2,"{""penalty_factor"": 1.0, ""k_sigma"": 2.0}",162,203,162,1.0,0.7980295566502463,0.8876712328767122,0.8876712328767122,0.0038370799305519464,0.04764699870855521,0.8703703703703703,5.384192336865823,12.833886408000126,
snr,5.0,100,pelt,3,"{""penalty_factor"": 1.0, ""k_sigma"": 3.0}",162,174,152,0.9382716049382716,0.8735632183908046,0.9047619047619048,0.9642857142857143,0.005062737701473292,0.06983605453665541,0.7368421052631579,5.339852379604437,12.604887711000174,
snr,5.0,100,pelt,4,"{""penalty_factor"": 2.0, ""k_sigma"": 2.0}",162,163,162,1.0,0.9938650306748467,0.9969230769230769,0.9969230769230769,0.003777872999106158,0.04759451364848041,0.9814814814814815,5.384192336865823,29.78286973100012,
snr,5.0,100,pelt,5,"{""penalty_factor"": 2.0, ""k_sigma"": 3.0}",162,162,152,0.9382716049382716,0.9382716049382716,0.9382716049382716,1.0,0.004426242313742007,0.06871861995379346,0.8157894736842105,5.192881485080458,30.918216972999744,
snr,5.0,100,pelt,6,"{""penalty_factor"": 4.0, ""k_sigma"": 2.0}",162,162,162,1.0,1.0,1.0,1.0,0.0038912392463783096,0.04764699870855521,0.9012345679012346,5.893626064568114,39.54995500799987,
snr,5.0,100,pelt,7,"{""penalty_factor"": 4.0, ""k_sigma"": 3.0}",162,162,153,0.9444444444444444,0.9444444444444444,0.9444444444444444,1.0,0.0043275325786083195,0.062434734515289726,0.7712418300653595,5.893626064568114,40.30712163899989,
snr,5.0,100,pelt,8,"{""penalty_factor"": 8.0, ""k_sigma"": 2.0}",162,162,162,1.0,1.0,1.0,1.0,0.003734826931863504,0.04764699870855521,0.691358024691358,4.341879535685322,43.44661260800012,
snr,5.0,100,pelt,9,"{""penalty_factor"": 8.0, ""k_sigma"": 3.0}",162,162,158,0.9753086419753086,0.9753086419753086,0.9753086419753086,1.0,0.0037753704652089726,0.05419224203467632,0.6329113924050633,3.6776990874898274,39.87853898100002,
snr,5.0,100,pelt,10,"{""penalty_factor"": 16.0, ""k_sigma"": 2.0}",162,160,160,0.9876543209876543,1.0,0.9937888198757764,0.9937888198757764,0.0034675915619087577,0.04866085931403105,0.5125,27.85421743856098,41.145870431000276,
snr,5.0,100,pelt,11,"{""penalty_factor"": 16.0, ""k_sigma"": 3.0}",162,160,160,0.9876543209876543,1.0,0.9937888198757764,0.9937888198757764,0.0034675915619087577,0.04866085931403105,0.5125,27.85421743856098,40.82246827400013,
snr,5.0,101,pelt,0,"{""penalty_factor"": 0.5, ""k_sigma"": 2.0}",180,702,178,0.9888888888888889,0.2535612535612536,0.40362811791383224,0.4081632653061224,0.005187684145066519,0.05147839952637932,0.2696629213483146,4.374556835884391,2.177980598999966,
snr,5.0,101,pelt,1,"{""penalty_factor"": 0.5, ""k_sigma"": 3.0}",180,267,150,0.8333333333333334,0.5617977528089888,0.6711409395973154,0.8053691275167786,0.007299260998747034,0.06059801337105105,0.3466666666666667,21.686096680850753,1.9434496959997887,
snr,5.0,101,pelt,2,"{""penalty_factor"": 1.0, ""k_sigma"": 2.0}",180,208,180,1.0,0.8653846153846154,0.9278350515463918,0.9278350515463918,0.003965960933709947,0.0480217589992436,0.8777777777777778,4.374556835884391,12.117693173000134,
snr,5.0,101,pelt,3,"{""penalty_factor"": 1.0, ""k_sigma"": 3.0}",180,186,154,0.8555555555555555,0.8279569892473119,0.8415300546448087,0.9836065573770492,0.004460326057880902,0.058310574231553086,0.7857142857142857,9.980522117730706,12.384154384999874,
snr,5.0,101,pelt,4,"{""penalty_factor"": 2.0, ""k_sigma"": 2.0}",180,180,180,1.0,1.0,1.0,1.0,0.004184319263183807,0.04665646935246836,0.9777777777777777,4.374556835884391,31.648829062999994,
snr,5.0,101,pelt,5,"{""penalty_factor"": 2.0, ""k_sigma"": 3.0}",180,180,153,0.85,0.85,0.85,1.0,0.0048161145453221345,0.05412362114887928,0.8562091503267973,5.662181629784158,32.19643016400005,
snr,5.0,101,pelt,6,"{""penalty_factor"": 4.0, ""k_sigma"": 2.0}",180,180,180,1.0,1.0,1.0,1.0,0.004340298398368463,0.04665646935246836,0.8777777777777778,4.861683065349176,40.174396987000364,
snr,5.0,101,pelt,7,"{""penalty_factor"": 4.0, ""k_sigma"": 3.0}",180,180,158,0.8777777777777778,0.8777777777777778,0.8777777777777779,1.0,0.005078276031773804,0.05304193346774344,0.759493670886076,5.013329369418784,38.839384611999776,
snr,5.0,101,pelt,8,"{""penalty_factor"": 8.0, ""k_sigma"": 2.0}",180,180,180,1.0,1.0,1.0,1.0,0.004230693609345908,0.04715722505725613,0.7222222222222222,7.374108802693513,39.050870056999884,
snr,5.0,101,pelt,9,"{""penalty_factor"": 8.0, ""k_sigma"": 3.0}",180,180,165,0.9166666666666666,0.9166666666666666,0.9166666666666666,1.0,0.004816114544890542,0.05066616921134957,0.6484848484848484,7.638553171318563,40.017150204000245,
snr,5.0,101,pelt,10,"{""penalty_factor"": 16.0, ""k_sigma"": 2.0}",180,180,180,1.0,1.0,1.0,1.0,0.004574494060972621,0.047723375989003836,0.55,11.950281604278246,40.979501325,
snr,5.0,101,pelt,11,"{""penalty_factor"": 16.0, ""k_sigma"": 3.0}",180,180,177,0.9833333333333333,0.9833333333333333,0.9833333333333333,1.0,0.004721287336360615,0.04823364133645293,0.536723163841808,8.539755562253504,38.193326155999785,
snr,8.0,100,pelt,0,"{""penalty_factor"": 0.5, ""k_sigma"": 2.0}",162,696,162,1.0,0.23275862068965517,0.3776223776223776,0.3776223776223776,0.0032690782286345973,0.0287905086591764,0.12962962962962962,2.063151500808491,2.545420099999774,
snr,8.0,100,pelt,1,"{""penalty_factor"": 0.5, ""k_sigma"": 3.0}",162,199,162,1.0,0.8140703517587939,0.8975069252077562,0.8975069252077562,0.0027007494720566586,0.029394519484190168,0.17901234567901234,2.063151500808491,2.103945789000136,
snr,8.0,100,pelt,2,"{""penalty_factor"": 1.0, ""k_sigma"": 2.0}",162,202,162,1.0,0.801980198019802,0.8901098901098902,0.8901098901098902,0.002335427065729788,0.0305633701573005,0.8024691358024691,2.4026068725924166,12.909492524000143,
snr,8.0,100,pelt,3,"{""penalty_factor"": 1.0, ""k_sigma"": 3.0}",162,170,162,1.0,0.9529411764705882,0.9759036144578312,0.9759036144578312,0.002316837069548698,0.030229651606273694,0.8148148148148148,2.5245678429014484,14.164011611000205,
snr,8.0,100,pelt,4,"{""penalty_factor"": 2.0, ""k_sigma"": 2.0}",162,163,162,1.0,0.9938650306748467,0.9969230769230769,0.9969230769230769,0.002316837069548698,0.030193260564656176,0.9938271604938271,2.1861075538698316,31.983061458000066,
snr,8.0,100,pelt,5,"{""penalty_factor"": 2.0, ""k_sigma"": 3.0}",162,162,162,1.0,1.0,1.0,1.0,0.002316837069548698,0.030193260564656176,0.9938271604938271,2.1861075538698316,31.219022445000064,
snr,8.0,100,pelt,6,"{""penalty_factor"": 4.0, ""k_sigma"": 2.0}",162,162,162,1.0,1.0,1.0,1.0,0.002278306736455683,0.030193260564656176,1.0,2.1876290102751383,37.73962381799993,
snr,8.0,100,pelt,7,"{""penalty_factor"": 4.0, ""k_sigma"": 3.0}",162,162,162,1.0,1.0,1.0,1.0,0.002278306736455683,0.030193260564656176,1.0,2.1876290102751383,39.361149845,
snr,8.0,100,pelt,8,"{""penalty_factor"": 8.0, ""k_sigma"": 2.0}",162,162,162,1.0,1.0,1.0,1.0,0.002278306736455683,0.030193260564656176,0.9691358024691358,2.1861075538698316,39.518539991000125,
snr,8.0,100,pelt,9,"{""penalty_factor"": 8.0, ""k_sigma"": 3.0}",162,162,162,1.0,1.0,1.0,1.0,0.002278306736455683,0.030193260564656176,0.9691358024691358,2.1861075538698316,39.64460429499968,
snr,8.0,100,pelt,10,"{""penalty_factor"": 16.0, ""k_sigma"": 2.0}",162,162,162,1.0,1.0,1.0,1.0,0.002316837069548698,0.02979397007735199,0.7222222222222222,2.026986641201489,40.27434934299981,
snr,8.0,100,pelt,11,"{""penalty_factor"": 16.0, ""k_sigma"": 3.0}",162,162,162,1.0,1.0,1.0,1.0,0.002316837069548698,0.02979397007735199,0.7222222222222222,2.026986641201489,41.82923297099978,
snr,8.0,101,pelt,0,"{""penalty_factor"": 0.5, ""k_sigma"": 2.0}",180,681,180,1.0,0.2643171806167401,0.4181184668989547,0.4181184668989547,0.0030780712942852393,0.028889095862416184,0.1111111111111111,1.0703336213724324,2.249054281000099,
snr,8.0,101,pelt,1,"{""penalty_factor"": 0.5, ""k_sigma"": 3.0}",180,222,180,1.0,0.8108108108108109,0.8955223880597014,0.8955223880597014,0.002678786421548637,0.028616429025381876,0.14444444444444443,1.803691028812171,2.0486513989999366,
snr,8.0,101,pelt,2,"{""penalty_factor"": 1.0, ""k_sigma"": 2.0}",180,208,180,1.0,0.8653846153846154,0.9278350515463918,0.9278350515463918,0.00224371323609927,0.028364051753165614,0.85,3.1252196499576,13.614324078999744,
snr,8.0,101,pelt,3,"{""penalty_factor"": 1.0, ""k_sigma"": 3.0}",180,186,180,1.0,0.967741935483871,0.9836065573770492,0.9836065573770492,0.0022155906293479955,0.028347832762253115,0.8611111111111112,3.1252196499576,12.642345122999814,
snr,8.0,101,pelt,4,"{""penalty_factor"": 2.0, ""k_sigma"": 2.0}",180,180,180,1.0,1.0,1.0,1.0,0.0023382948802438525,0.028566606695860426,0.9888888888888889,3.1252196499576,30.06964697000012,
snr,8.0,101,pelt,5,"{""penalty_factor"": 2.0, ""k_sigma"": 3.0}",180,180,180,1.0,1.0,1.0,1.0,0.002290461121118159,0.028364051753165614,0.9944444444444445,3.1252196499576,29.522375649999958,
snr,8.0,101,pelt,6,"{""penalty_factor"": 4.0, ""k_sigma"": 2.0}",180,180,180,1.0,1.0,1.0,1.0,0.0022411534296693583,0.028347832762253115,0.9944444444444445,3.1252196499576,38.7620941250002,
snr,8.0,101,pelt,7,"{""penalty_factor"": 4.0, ""k_sigma"": 3.0}",180,180,180,1.0,1.0,1.0,1.0,0.0022411534296693583,0.028347832762253115,0.9944444444444445,3.1252196499576,38.761907762999726,
snr,8.0,101,pelt,8,"{""penalty_factor"": 8.0, ""k_sigma"": 2.0}",180,180,180,1.0,1.0,1.0,1.0,0.002205242276131998,0.028347832762253115,0.9388888888888889,3.1766929486920503,38.206205887000124,
snr,8.0,101,pelt,9,"{""penalty_factor"": 8.0, ""k_sigma"": 3.0}",180,180,180,1.0,1.0,1.0,1.0,0.002205242276131998,0.028347832762253115,0.9388888888888889,3.1766929486920503,38.36767242700034,
snr,8.0,101,pelt,10,"{""penalty_factor"": 16.0, ""k_sigma"": 2.0}",180,180,180,1.0,1.0,1.0,1.0,0.002145206228857495,0.028347832762253115,0.7611111111111111,3.6152860521942998,39.988516852999965,
snr,8.0,101,pelt,11,"{""penalty_factor"": 16.0, ""k_sigma"": 3.0}",180,180,180,1.0,1.0,1.0,1.0,0.002145206228857495,0.028347832762253115,0.7611111111111111,3.6152860521942998,39.99466084400001,
snr,15.0,100,pelt,0,"{""penalty_factor"": 0.5, ""k_sigma"": 2.0}",162,696,162,1.0,0.23275862068965517,0.3776223776223776,0.3776223776223776,0.0080774039883812,0.014493548066062272,0.0,,2.120862691000184,
snr,15.0,100,pelt,1,"{""penalty_factor"": 0.5, ""k_sigma"": 3.0}",162,196,162,1.0,0.826530612244898,0.9050279329608939,0.9050279329608939,0.007014114207566767,0.014901270021762197,0.0,,2.018487835000087,
snr,15.0,100,pelt,2,"{""penalty_factor"": 1.0, ""k_sigma"": 2.0}",162,202,162,1.0,0.801980198019802,0.8901098901098902,0.8901098901098902,0.005760272206373905,0.014492539578191282,0.037037037037037035,1.4795238345577388,12.943571379999867,
snr,15.0,100,pelt,3,"{""penalty_factor"": 1.0, ""k_sigma"": 3.0}",162,170,162,1.0,0.9529411764705882,0.9759036144578312,0.9759036144578312,0.005567671797446334,0.014694353602912895,0.037037037037037035,1.4795238345577388,12.778605440999854,
snr,15.0,100,pelt,4,"{""penalty_factor"": 2.0, ""k_sigma"": 2.0}",162,163,162,1.0,0.9938650306748467,0.9969230769230769,0.9969230769230769,0.0018589305064445319,0.015415485018844554,0.9012345679012346,1.6327758891598876,30.248271342999942,
snr,15.0,100,pelt,5,"{""penalty_factor"": 2.0, ""k_sigma"": 3.0}",162,162,162,1.0,1.0,1.0,1.0,0.0018164260169632473,0.015211794394216525,0.9074074074074074,1.6847663782959543,30.176006972000323,
snr,15.0,100,pelt,6,"{""penalty_factor"": 4.0, ""k_sigma"": 2.0}",162,162,162,1.0,1.0,1.0,1.0,0.0018164260169632473,0.015211794394216525,1.0,1.6847663782959543,39.66441405799969,
snr,15.0,100,pelt,7,"{""penalty_factor"": 4.0, ""k_sigma"": 3.0}",162,162,162,1.0,1.0,1.0,1.0,0.0018164260169632473,0.015211794394216525,1.0,1.6847663782959543,38.563360355999976,
snr,15.0,100,pelt,8,"{""penalty_factor"": 8.0, ""k_sigma"": 2.0}",162,162,162,1.0,1.0,1.0,1.0,0.0018164260169632473,0.015211794394216525,1.0,1.6847663782959543,40.51964518600016,
snr,15.0,100,pelt,9,"{""penalty_factor"": 8.0, ""k_sigma"": 3.0}",162,162,162,1.0,1.0,1.0,1.0,0.0018164260169632473,0.015211794394216525,1.0,1.6847663782959543,40.902157880999766,
snr,15.0,100,pelt,10,"{""penalty_factor"": 16.0, ""k_sigma"": 2.0}",162,162,162,1.0,1.0,1.0,1.0,0.0018164260169632473,0.015211794394216525,1.0,1.6847663782959543,40.91622800999994,
snr,15.0,100,pelt,11,"{""penalty_factor"": 16.0, ""k_sigma"": 3.0}",162,162,162,1.0,1.0,1.0,1.0,0.0018164260169632473,0.015211794394216525,1.0,1.6847663782959543,40.863872155999616,
snr,15.0,101,pelt,0,"{""penalty_factor"": 0.5, ""k_sigma"": 2.0}",180,678,180,1.0,0.26548672566371684,0.41958041958041964,0.41958041958041964,0.008127675647718394,0.013811717450352964,0.0,,2.1019483329996547,
snr,15.0,101,pelt,1,"{""penalty_factor"": 0.5, ""k_sigma"": 3.0}",180,217,180,1.0,0.8294930875576036,0.906801007556675,0.906801007556675,0.007586301844334569,0.013646475045976384,0.0,,2.0920517029999246,
snr,15.0,101,pelt,2,"{""penalty_factor"": 1.0, ""k_sigma"": 2.0}",180,209,180,1.0,0.861244019138756,0.9254498714652957,0.9254498714652957,0.006240740860547947,0.013481455321999628,0.022222222222222223,2.236113371800741,11.894784167000125,
snr,15.0,101,pelt,3,"{""penalty_factor"": 1.0, ""k_sigma"": 3.0}",180,186,180,1.0,0.967741935483871,0.9836065573770492,0.9836065573770492,0.006158503376176874,0.013811717450352964,0.022222222222222223,2.236113371800741,12.587337662000209,
snr,15.0,101,pelt,4,"{""penalty_factor"": 2.0, ""k_sigma"": 2.0}",180,180,180,1.0,1.0,1.0,1.0,0.0019643041811458293,0.01504191860134338,0.9388888888888889,1.5665933564834589,31.30542877300013,
snr,15.0,101,pelt,5,"{""penalty_factor"": 2.0, ""k_sigma"": 3.0}",180,180,180,1.0,1.0,1.0,1.0,0.0019643041811458293,0.01504191860134338,0.9388888888888889,1.5665933564834589,29.980485663999843,
snr,15.0,101,pelt,6,"{""penalty_factor"": 4.0, ""k_sigma"": 2.0}",180,180,180,1.0,1.0,1.0,1.0,0.0018882643273885262,0.015197584346919632,1.0,1.5665933564834589,37.60492274700027,
snr,15.0,101,pelt,7,"{""penalty_factor"": 4.0, ""k_sigma"": 3.0}",180,180,180,1.0,1.0,1.0,1.0,0.0018882643273885262,0.015197584346919632,1.0,1.5665933564834589,39.99153638500002,
snr,15.0,101,pelt,8,"{""penalty_factor"": 8.0, ""k_sigma"": 2.0}",180,180,180,1.0,1.0,1.0,1.0,0.0018677376946445374,0.015197584346919632,1.0,1.5665933564834589,39.31334566099986,
snr,15.0,101,pelt,9,"{""penalty_factor"": 8.0, ""k_sigma"": 3.0}",180,180,180,1.0,1.0,1.0,1.0,0.0018677376946445374,0.015197584346919632,1.0,1.5665933564834589,39.399756914000136,
snr,15.0,101,pelt,10,"{""penalty_factor"": 16.0, ""k_sigma"": 2.0}",180,180,180,1.0,1.0,1.0,1.0,0.0018516417645563056,0.015197584346919632,0.9888888888888889,1.5226077154650852,41.759580626000115,
snr,15.0,101,pelt,11,"{""penalty_factor"": 16.0, ""k_sigma"": 3.0}",180,180,180,1.0,1.0,1.0,1.0,0.0018516417645563056,0.015197584346919632,0.9888888888888889,1.5226077154650852,41.21917057100018,
dwell,1e-05,100,pelt,0,"{""penalty_factor"": 0.5, ""k_sigma"": 2.0}",171,950,80,0.4678362573099415,0.08421052631578947,0.14272970561998216,0.21944692239072258,0.37182668913683486,0.29817373855822105,0.55,,1.8236866150000424,
dwell,1e-05,100,pelt,1,"{""penalty_factor"": 0.5, ""k_sigma"": 3.0}",171,189,81,0.47368421052631576,0.42857142857142855,0.45,0.5777777777777777,0.3280920956032451,0.2964697519938151,0.5679012345679012,,1.8222180249999838,
dwell,1e-05,100,pelt,2,"{""penalty_factor"": 1.0, ""k_sigma"": 2.0}",171,161,64,0.3742690058479532,0.39751552795031053,0.3855421686746988,0.5,0.355196492513137,0.26872769868758306,0.671875,,11.690331129999777,
dwell,1e-05,100,pelt,3,"{""penalty_factor"": 1.0, ""k_sigma"": 3.0}",171,92,64,0.3742690058479532,0.6956521739130435,0.4866920152091255,0.5855513307984791,0.355196492513137,0.26872769868758306,0.671875,,11.927368081000168,
dwell,1e-05,100,pelt,4,"{""penalty_factor"": 2.0, ""k_sigma"": 2.0}",171,51,46,0.26900584795321636,0.9019607843137255,0.4144144144144144,0.4414414414414414,0.28219526251892924,0.26328605651855463,0.7391304347826086,,52.326295670000036,
dwell,1e-05,100,pelt,5,"{""penalty_factor"": 2.0, ""k_sigma"": 3.0}",171,49,46,0.26900584795321636,0.9387755102040817,0.41818181818181815,0.44545454545454544,0.28219526251892924,0.26328605651855463,0.7391304347826086,,54.44541409800013,
dwell,1e-05,100,pelt,6,"{""penalty_factor"": 4.0, ""k_sigma"": 2.0}",171,12,12,0.07017543859649122,1.0,0.13114754098360656,0.13114754098360656,0.17348245189659894,0.17966502246757343,0.75,,166.32094193700004,
dwell,1e-05,100,pelt,7,"{""penalty_factor"": 4.0, ""k_sigma"": 3.0}",171,12,12,0.07017543859649122,1.0,0.13114754098360656,0.13114754098360656,0.17348245189659894,0.17966502246757343,0.75,,166.59707260200003,
dwell,1e-05,100,pelt,8,"{""penalty_factor"": 8.0, ""k_sigma"": 2.0}",171,0,0,0.0,0.0,0.0,0.0,,,,,352.17137636300004,
dwell,1e-05,100,pelt,9,"{""penalty_factor"": 8.0, ""k_sigma"": 3.0}",171,0,0,0.0,0.0,0.0,0.0,,,,,353.3629781989994,
dwell,1e-05,100,pelt,10,"{""penalty_factor"": 16.0, ""k_sigma"": 2.0}",171,0,0,0.0,0.0,0.0,0.0,,,,,724.7098334089997,
dwell,1e-05,100,pelt,11,"{""penalty_factor"": 16.0, ""k_sigma"": 3.0}",171,0,0,0.0,0.0,0.0,0.0,,,,,749.6220704200005,
dwell,1e-05,101,pelt,0,"{""penalty_factor"": 0.5, ""k_sigma"": 2.0}",187,977,99,0.5294117647058824,0.10133060388945753,0.17010309278350516,0.2542955326460481,0.3663497455783355,0.28522673712836366,0.5151515151515151,1.3595696259638412,1.8298621869998897,
dwell,1e-05,101,pelt,1,"{""penalty_factor"": 0.5, ""k_sigma"": 3.0}",187,215,100,0.5347593582887701,0.46511627906976744,0.4975124378109453,0.6517412935323382,0.3678036081954881,0.283469475640191,0.53,1.3595696259638412,1.662234959000216,
dwell,1e-05,101,pelt,2,"{""penalty_factor"": 1.0, ""k_sigma"": 2.0}",187,175,80,0.42780748663101603,0.45714285714285713,0.4419889502762431,0.580110497237569,0.3403863579296238,0.23872922349130976,0.5375,,11.07757568399984,
dwell,1e-05,101,pelt,3,"{""penalty_factor"": 1.0, ""k_sigma"": 3.0}",187,117,80,0.42780748663101603,0.6837606837606838,0.5263157894736842,0.6776315789473684,0.3403863579296238,0.23872922349130976,0.5375,,12.260982024999976,
dwell,1e-05,101,pelt,4,"{""penalty_factor"": 2.0, ""k_sigma"": 2.0}",187,60,52,0.27807486631016043,0.8666666666666667,0.42105263157894735,0.4696356275303644,0.3095585935905358,0.20381600653959642,0.5961538461538461,,52.72041322899986,
dwell,1e-05,101,pelt,5,"{""penalty_factor"": 2.0, ""k_sigma"": 3.0}",187,57,52,0.27807486631016043,0.9122807017543859,0.42622950819672134,0.4672131147540984,0.3095585935905358,0.20381600653959642,0.5961538461538461,,53.05908696100005,
dwell,1e-05,101,pelt,6,"{""penalty_factor"": 4.0, ""k_sigma"": 2.0}",187,14,13,0.06951871657754011,0.9285714285714286,0.12935323383084577,0.13930348258706465,0.20941075421153504,0.1622677612304687,0.6153846153846154,,151.63860330499983,
dwell,1e-05,101,pelt,7,"{""penalty_factor"": 4.0, ""k_sigma"": 3.0}",187,14,13,0.06951871657754011,0.9285714285714286,0.12935323383084577,0.13930348258706465,0.20941075421153504,0.1622677612304687,0.6153846153846154,,151.22925431299973,
dwell,1e-05,101,pelt,8,"{""penalty_factor"": 8.0, ""k_sigma"": 2.0}",187,0,0,0.0,0.0,0.0,0.0,,,,,365.4263650560001,
dwell,1e-05,101,pelt,9,"{""penalty_factor"": 8.0, ""k_sigma"": 3.0}",187,0,0,0.0,0.0,0.0,0.0,,,,,366.76385922200006,
dwell,1e-05,101,pelt,10,"{""penalty_factor"": 16.0, ""k_sigma"": 2.0}",187,0,0,0.0,0.0,0.0,0.0,,,,,609.9663587169998,
dwell,1e-05,101,pelt,11,"{""penalty_factor"": 16.0, ""k_sigma"": 3.0}",187,0,0,0.0,0.0,0.0,0.0,,,,,624.7552192989997,
dwell,3e-05,100,pelt,0,"{""penalty_factor"": 0.5, ""k_sigma"": 2.0}",171,990,161,0.9415204678362573,0.16262626262626262,0.27734711455641686,0.29112833763996554,0.1236276102132248,0.13446525997585718,0.37888198757763975,3.6617933410199033,1.8243897990000733,
dwell,3e-05,100,pelt,1,"{""penalty_factor"": 0.5, ""k_sigma"": 3.0}",171,250,167,0.9766081871345029,0.668,0.7933491686460807,0.8028503562945369,0.10677186237243083,0.112756398534903,0.437125748502994,3.4766314338519066,1.6995486149999124,
dwell,3e-05,100,pelt,2,"{""penalty_factor"": 1.0, ""k_sigma"": 2.0}",171,245,160,0.935672514619883,0.6530612244897959,0.7692307692307693,0.8076923076923077,0.09703212231549443,0.11103848412244684,0.49375,3.5988993802860136,10.935209231000044,
dwell,3e-05,100,pelt,3,"{""penalty_factor"": 1.0, ""k_sigma"": 3.0}",171,181,164,0.9590643274853801,0.9060773480662984,0.9318181818181818,0.9545454545454546,0.09637912254668257,0.10942616491682003,0.5060975609756098,3.5988993802860136,11.496288527999695,
dwell,3e-05,100,pelt,4,"{""penalty_factor"": 2.0, ""k_sigma"": 2.0}",171,156,155,0.9064327485380117,0.9935897435897436,0.9480122324159022,0.9541284403669724,0.08536116607490225,0.10408148588957608,0.5096774193548387,10.228997502359505,33.335817258000134,
dwell,3e-05,100,pelt,5,"{""penalty_factor"": 2.0, ""k_sigma"": 3.0}",171,156,155,0.9064327485380117,0.9935897435897436,0.9480122324159022,0.9541284403669724,0.08536116607490225,0.10408148588957608,0.5096774193548387,10.228997502359505,34.056272031999924,
dwell,3e-05,100,pelt,6,"{""penalty_factor"": 4.0, ""k_sigma"": 2.0}",171,115,115,0.672514619883041,1.0,0.8041958041958042,0.8041958041958042,0.06863288304187926,0.08407850918989923,0.5739130434782609,,61.38685699500002,
dwell,3e-05,100,pelt,7,"{""penalty_factor"": 4.0, ""k_sigma"": 3.0}",171,115,115,0.672514619883041,1.0,0.8041958041958042,0.8041958041958042,0.06863288304187926,0.08407850918989923,0.5739130434782609,,60.46410604900029,
dwell,3e-05,100,pelt,8,"{""penalty_factor"": 8.0, ""k_sigma"": 2.0}",171,49,49,0.28654970760233917,1.0,0.44545454545454544,0.44545454545454544,0.055313413750495005,0.0445017285036906,0.7551020408163265,,131.71218899199994,
dwell,3e-05,100,pelt,9,"{""penalty_factor"": 8.0, ""k_sigma"": 3.0}",171,49,49,0.28654970760233917,1.0,0.44545454545454544,0.44545454545454544,0.055313413750495005,0.0445017285036906,0.7551020408163265,,131.1146694400004,
dwell,3e-05,100,pelt,10,"{""penalty_factor"": 16.0, ""k_sigma"": 2.0}",171,14,14,0.08187134502923976,1.0,0.15135135135135133,0.15135135135135133,0.04449191022106855,0.03788168191017968,0.8571428571428571,,499.0098998229996,
dwell,3e-05,100,pelt,11,"{""penalty_factor"": 16.0, ""k_sigma"": 3.0}",171,14,14,0.08187134502923976,1.0,0.15135135135135133,0.15135135135135133,0.04449191022106855,0.03788168191017968,0.8571428571428571,,492.96314380199965,
dwell,3e-05,101,pelt,0,"{""penalty_factor"": 0.5, ""k_sigma"": 2.0}",187,1001,174,0.93048128342246,0.17382617382617382,0.29292929292929293,0.3148148148148148,0.12151914813052656,0.13860825440979258,0.5287356321839081,3.714643190252942,1.8551306980002664,
dwell,3e-05,101,pelt,1,"{""penalty_factor"": 0.5, ""k_sigma"": 3.0}",187,266,181,0.9679144385026738,0.6804511278195489,0.7991169977924945,0.8079470198675497,0.09888762660532147,0.12324296540815456,0.5580110497237569,3.4578341421773184,1.6004454679996343,
dwell,3e-05,101,pelt,2,"{""penalty_factor"": 1.0, ""k_sigma"": 2.0}",187,246,177,0.946524064171123,0.7195121951219512,0.8175519630484989,0.8545034642032333,0.11903427774015055,0.133294465806749,0.559322033898305,2.8660503466060305,11.148549368000204,
dwell,3e-05,101,pelt,3,"{""penalty_factor"": 1.0, ""k_sigma"": 3.0}",187,192,180,0.9625668449197861,0.9375,0.949868073878628,0.9604221635883904,0.11622945709363347,0.13317002896909358,0.5611111111111111,2.574384832157439,11.144707589999598,
dwell,3e-05,101,pelt,4,"{""penalty_factor"": 2.0, ""k_sigma"": 2.0}",187,174,171,0.9144385026737968,0.9827586206896551,0.9473684210526316,0.9529085872576177,0.11220002090183484,0.12324296540815456,0.5555555555555556,2.150437869913313,35.96690721799996,
dwell,3e-05,101,pelt,5,"{""penalty_factor"": 2.0, ""k_sigma"": 3.0}",187,172,171,0.9144385026737968,0.9941860465116279,0.9526462395543175,0.958217270194986,0.11220002090183484,0.12324296540815456,0.5555555555555556,2.150437869913313,37.165081308000026,
dwell,3e-05,101,pelt,6,"{""penalty_factor"": 4.0, ""k_sigma"": 2.0}",187,126,126,0.6737967914438503,1.0,0.805111821086262,0.805111821086262,0.07274545174462071,0.09599647537971234,0.6111111111111112,,56.34593920499992,
dwell,3e-05,101,pelt,7,"{""penalty_factor"": 4.0, ""k_sigma"": 3.0}",187,126,126,0.6737967914438503,1.0,0.805111821086262,0.805111821086262,0.07274545174462071,0.09599647537971234,0.6111111111111112,,59.065536543000235,
dwell,3e-05,101,pelt,8,"{""penalty_factor"": 8.0, ""k_sigma"": 2.0}",187,57,57,0.3048128342245989,1.0,0.4672131147540984,0.4672131147540984,0.06657866204618533,0.07232810126410587,0.6140350877192983,,125.89500393800017,
dwell,3e-05,101,pelt,9,"{""penalty_factor"": 8.0, ""k_sigma"": 3.0}",187,57,57,0.3048128342245989,1.0,0.4672131147540984,0.4672131147540984,0.06657866204618533,0.07232810126410587,0.6140350877192983,,128.88350603799972,
dwell,3e-05,101,pelt,10,"{""penalty_factor"": 16.0, ""k_sigma"": 2.0}",187,12,12,0.06417112299465241,1.0,0.1206030150753769,0.1206030150753769,0.053545230707693015,0.0791948735747921,0.5833333333333334,,565.1755952909998,
dwell,3e-05,101,pelt,11,"{""penalty_factor"": 16.0, ""k_sigma"": 3.0}",187,12,12,0.06417112299465241,1.0,0.1206030150753769,0.1206030150753769,0.053545230707693015,0.0791948735747921,0.5833333333333334,,546.5828827900004,
dwell,0.0001,100,pelt,0,"{""penalty_factor"": 0.5, ""k_sigma"": 2.0}",171,976,171,1.0,0.17520491803278687,0.2981691368788143,0.2981691368788143,0.0345391345120091,0.047080093775040056,0.5380116959064327,3.4603184979609125,1.7428687660003561,
dwell,0.0001,100,pelt,1,"{""penalty_factor"": 0.5, ""k_sigma"": 3.0}",171,250,171,1.0,0.684,0.8123515439429928,0.8123515439429928,0.027232075055081125,0.04450089805009731,0.6081871345029239,3.4299936043646895,1.7991412169994874,
dwell,0.0001,100,pelt,2,"{""penalty_factor"": 1.0, ""k_sigma"": 2.0}",171,242,171,1.0,0.7066115702479339,0.8280871670702179,0.8280871670702179,0.02283662800744792,0.0433462043521032,0.7368421052631579,2.904939594206013,11.084264125999653,
dwell,0.0001,100,pelt,3,"{""penalty_factor"": 1.0, ""k_sigma"": 3.0}",171,183,171,1.0,0.9344262295081968,0.9661016949152543,0.9661016949152543,0.022602370484300582,0.04301201048351473,0.7368421052631579,2.700008974954038,11.252003475000492,
dwell,0.0001,100,pelt,4,"{""penalty_factor"": 2.0, ""k_sigma"": 2.0}",171,172,171,1.0,0.9941860465116279,0.9970845481049563,0.9970845481049563,0.0260657965571214,0.04360334365444672,0.6198830409356725,1.973912953090462,29.88647591100016,
dwell,0.0001,100,pelt,5,"{""penalty_factor"": 2.0, ""k_sigma"": 3.0}",171,171,171,1.0,1.0,1.0,1.0,0.0260657965571214,0.04360334365444672,0.6198830409356725,1.973912953090462,30.282634635999784,
dwell,0.0001,100,pelt,6,"{""penalty_factor"": 4.0, ""k_sigma"": 2.0}",171,169,169,0.9883040935672515,1.0,0.9941176470588234,0.9941176470588234,0.025078058024254057,0.04446230304794686,0.5207100591715976,0.7583177933367935,40.77723986700039,
dwell,0.0001,100,pelt,7,"{""penalty_factor"": 4.0, ""k_sigma"": 3.0}",171,169,169,0.9883040935672515,1.0,0.9941176470588234,0.9941176470588234,0.025078058024254057,0.04446230304794686,0.5207100591715976,0.7583177933367935,42.90957420199993,
dwell,0.0001,100,pelt,8,"{""penalty_factor"": 8.0, ""k_sigma"": 2.0}",171,161,161,0.9415204678362573,1.0,0.9698795180722891,0.9698795180722891,0.02283662800744792,0.04360334365444672,0.4906832298136646,,43.721152524999525,
dwell,0.0001,100,pelt,9,"{""penalty_factor"": 8.0, ""k_sigma"": 3.0}",171,161,161,0.9415204678362573,1.0,0.9698795180722891,0.9698795180722891,0.02283662800744792,0.04360334365444672,0.4906832298136646,,44.054998960000376,
dwell,0.0001,100,pelt,10,"{""penalty_factor"": 16.0, ""k_sigma"": 2.0}",171,104,104,0.6081871345029239,1.0,0.7563636363636363,0.7563636363636363,0.018973386625923003,0.044159419146322,0.6346153846153846,,70.1512811929997,
dwell,0.0001,100,pelt,11,"{""penalty_factor"": 16.0, ""k_sigma"": 3.0}",171,104,104,0.6081871345029239,1.0,0.7563636363636363,0.7563636363636363,0.018973386625923003,0.044159419146322,0.6346153846153846,,70.4659047389996,
dwell,0.0001,101,pelt,0,"{""penalty_factor"": 0.5, ""k_sigma"": 2.0}",187,971,187,1.0,0.19258496395468588,0.3229706390328152,0.3229706390328152,0.030672899327918862,0.05176748839742299,0.5187165775401069,2.7160340541620975,1.7018741720003163,
dwell,0.0001,101,pelt,1,"{""penalty_factor"": 0.5, ""k_sigma"": 3.0}",187,269,187,1.0,0.6951672862453532,0.8201754385964912,0.8201754385964912,0.02865575304445505,0.048850701555061465,0.5508021390374331,2.6515478279698357,1.9077361969993945,
dwell,0.0001,101,pelt,2,"{""penalty_factor"": 1.0, ""k_sigma"": 2.0}",187,243,187,1.0,0.7695473251028807,0.8697674418604651,0.8697674418604651,0.027755896675860304,0.0521773136023319,0.7540106951871658,2.8005653464058256,11.032536190999963,
dwell,0.0001,101,pelt,3,"{""penalty_factor"": 1.0, ""k_sigma"": 3.0}",187,199,187,1.0,0.9396984924623115,0.9689119170984456,0.9689119170984456,0.026534744081828408,0.05050631792117375,0.7593582887700535,2.666980973231592,10.226412306999919,
dwell,0.0001,101,pelt,4,"{""penalty_factor"": 2.0, ""k_sigma"": 2.0}",187,189,187,1.0,0.9894179894179894,0.9946808510638299,0.9946808510638299,0.024882992286250325,0.050874496558475306,0.7058823529411765,2.4024229290375843,31.288877985,
dwell,0.0001,101,pelt,5,"{""penalty_factor"": 2.0, ""k_sigma"": 3.0}",187,187,187,1.0,1.0,1.0,1.0,0.024882992286250325,0.050874496558475306,0.7058823529411765,2.4024229290375843,32.311095788000785,
dwell,0.0001,101,pelt,6,"{""penalty_factor"": 4.0, ""k_sigma"": 2.0}",187,186,186,0.9946524064171123,1.0,0.9973190348525469,0.9973190348525469,0.022935675581768615,0.05132099247794915,0.5806451612903226,1.1811932627558974,39.56591453300007,
dwell,0.0001,101,pelt,7,"{""penalty_factor"": 4.0, ""k_sigma"": 3.0}",187,186,186,0.9946524064171123,1.0,0.9973190348525469,0.9973190348525469,0.022935675581768615,0.05132099247794915,0.5806451612903226,1.1811932627558974,42.97493299600046,
dwell,0.0001,101,pelt,8,"{""penalty_factor"": 8.0, ""k_sigma"": 2.0}",187,174,174,0.93048128342246,1.0,0.96398891966759,0.96398891966759,0.02229673017275919,0.049514748902203934,0.5402298850574713,,46.59170017299948,
dwell,0.0001,101,pelt,9,"{""penalty_factor"": 8.0, ""k_sigma"": 3.0}",187,174,174,0.93048128342246,1.0,0.96398891966759,0.96398891966759,0.02229673017275919,0.049514748902203934,0.5402298850574713,,48.62527850300012,
dwell,0.0001,101,pelt,10,"{""penalty_factor"": 16.0, ""k_sigma"": 2.0}",187,120,120,0.6417112299465241,1.0,0.7817589576547231,0.7817589576547231,0.019325734906134047,0.04227119867909218,0.6416666666666667,,67.62911994899969,
dwell,0.0001,101,pelt,11,"{""penalty_factor"": 16.0, ""k_sigma"": 3.0}",187,120,120,0.6417112299465241,1.0,0.7817589576547231,0.7817589576547231,0.019325734906134047,0.04227119867909218,0.6416666666666667,,65.8681789809998,
dwell,0.0003,100,pelt,0,"{""penalty_factor"": 0.5, ""k_sigma"": 2.0}",168,909,168,1.0,0.1848184818481848,0.3119777158774373,0.3119777158774373,0.012230487145137057,0.03251133516604715,0.35119047619047616,2.0499604483914524,1.8451760440002545,
dwell,0.0003,100,pelt,1,"{""penalty_factor"": 0.5, ""k_sigma"": 3.0}",168,231,168,1.0,0.7272727272727273,0.8421052631578948,0.8421052631578948,0.010942762137226,0.03228159539188992,0.40476190476190477,2.0296536897834727,1.9081443859995488,
dwell,0.0003,100,pelt,2,"{""penalty_factor"": 1.0, ""k_sigma"": 2.0}",168,231,168,1.0,0.7272727272727273,0.8421052631578948,0.8421052631578948,0.0074143752736731666,0.03262404966254061,0.8928571428571429,3.2926430423296793,13.46475529000054,
dwell,0.0003,100,pelt,3,"{""penalty_factor"": 1.0, ""k_sigma"": 3.0}",168,179,168,1.0,0.9385474860335196,0.9682997118155621,0.9682997118155621,0.007330123729759889,0.031890621067588824,0.9107142857142857,3.268200978956415,11.49185564400068,
dwell,0.0003,100,pelt,4,"{""penalty_factor"": 2.0, ""k_sigma"": 2.0}",168,168,168,1.0,1.0,1.0,1.0,0.0069543374866286815,0.0311022316956919,0.9107142857142857,3.067255738009589,33.52876317800019,
dwell,0.0003,100,pelt,5,"{""penalty_factor"": 2.0, ""k_sigma"": 3.0}",168,168,168,1.0,1.0,1.0,1.0,0.0069543374866286815,0.0311022316956919,0.9107142857142857,3.067255738009589,33.89380668499962,
dwell,0.0003,100,pelt,6,"{""penalty_factor"": 4.0, ""k_sigma"": 2.0}",168,168,168,1.0,1.0,1.0,1.0,0.007112356915477982,0.0311022316956919,0.7738095238095238,3.4969200706225223,41.24257327899977,
dwell,0.0003,100,pelt,7,"{""penalty_factor"": 4.0, ""k_sigma"": 3.0}",168,168,168,1.0,1.0,1.0,1.0,0.007112356915477982,0.0311022316956919,0.7738095238095238,3.4969200706225223,41.43508297700009,
dwell,0.0003,100,pelt,8,"{""penalty_factor"": 8.0, ""k_sigma"": 2.0}",168,168,168,1.0,1.0,1.0,1.0,0.007487189956018532,0.03262404966254061,0.5773809523809523,3.253003209080507,44.279635173000315,
dwell,0.0003,100,pelt,9,"{""penalty_factor"": 8.0, ""k_sigma"": 3.0}",168,168,168,1.0,1.0,1.0,1.0,0.007487189956018532,0.03262404966254061,0.5773809523809523,3.253003209080507,41.4527763469996,
dwell,0.0003,100,pelt,10,"{""penalty_factor"": 16.0, ""k_sigma"": 2.0}",168,164,164,0.9761904761904762,1.0,0.9879518072289156,0.9879518072289156,0.007330123729759889,0.033003203414511746,0.5,5.845670302928596,51.05626756299989,
dwell,0.0003,100,pelt,11,"{""penalty_factor"": 16.0, ""k_sigma"": 3.0}",168,164,164,0.9761904761904762,1.0,0.9879518072289156,0.9879518072289156,0.007330123729759889,0.033003203414511746,0.5,5.845670302928596,43.65022636699996,
dwell,0.0003,101,pelt,0,"{""penalty_factor"": 0.5, ""k_sigma"": 2.0}",185,890,185,1.0,0.20786516853932585,0.34418604651162793,0.34418604651162793,0.011292542505899469,0.03317602419441311,0.35135135135135137,2.924262671122335,1.7038390020006773,
dwell,0.0003,101,pelt,1,"{""penalty_factor"": 0.5, ""k_sigma"": 3.0}",185,254,184,0.9945945945945946,0.7244094488188977,0.8382687927107063,0.8428246013667426,0.009309560940069753,0.033159739176914615,0.42391304347826086,3.0765325185200254,2.1316766930003723,
dwell,0.0003,101,pelt,2,"{""penalty_factor"": 1.0, ""k_sigma"": 2.0}",185,242,185,1.0,0.7644628099173554,0.8665105386416861,0.8665105386416861,0.0065364486272358165,0.03580773779227909,0.9081081081081082,2.7175263490608614,12.51529546599977,
dwell,0.0003,101,pelt,3,"{""penalty_factor"": 1.0, ""k_sigma"": 3.0}",185,197,185,1.0,0.9390862944162437,0.9685863874345549,0.9685863874345549,0.0065364486272358165,0.03580773779227909,0.918918918918919,2.7175263490608614,13.820906241000557,
dwell,0.0003,101,pelt,4,"{""penalty_factor"": 2.0, ""k_sigma"": 2.0}",185,186,185,1.0,0.9946236559139785,0.9973045822102425,0.9973045822102425,0.0068570746657760934,0.03574447631835938,0.9351351351351351,2.8290784026552274,31.0344252219993,
dwell,0.0003,101,pelt,5,"{""penalty_factor"": 2.0, ""k_sigma"": 3.0}",185,185,185,1.0,1.0,1.0,1.0,0.0068570746657760934,0.03574447631835938,0.9351351351351351,2.8290784026552274,31.452991832999942,
dwell,0.0003,101,pelt,6,"{""penalty_factor"": 4.0, ""k_sigma"": 2.0}",185,185,185,1.0,1.0,1.0,1.0,0.006993151288446855,0.03581110453929409,0.8162162162162162,2.8290784026552274,43.47035047999998,
dwell,0.0003,101,pelt,7,"{""penalty_factor"": 4.0, ""k_sigma"": 3.0}",185,185,185,1.0,1.0,1.0,1.0,0.006993151288446855,0.03581110453929409,0.8162162162162162,2.8290784026552274,42.80727764600033,
dwell,0.0003,101,pelt,8,"{""penalty_factor"": 8.0, ""k_sigma"": 2.0}",185,185,185,1.0,1.0,1.0,1.0,0.0073242919324638936,0.03694249595204984,0.654054054054054,2.8271591624995374,44.27746280300016,
dwell,0.0003,101,pelt,9,"{""penalty_factor"": 8.0, ""k_sigma"": 3.0}",185,185,185,1.0,1.0,1.0,1.0,0.0073242919324638936,0.03694249595204984,0.654054054054054,2.8271591624995374,44.94431079900005,
dwell,0.0003,101,pelt,10,"{""penalty_factor"": 16.0, ""k_sigma"": 2.0}",185,183,183,0.9891891891891892,1.0,0.9945652173913043,0.9945652173913043,0.007263914782690754,0.03658567832081362,0.5355191256830601,2.4624186250460367,44.811342186999354,
dwell,0.0003,101,pelt,11,"{""penalty_factor"": 16.0, ""k_sigma"": 3.0}",185,183,183,0.9891891891891892,1.0,0.9945652173913043,0.9945652173913043,0.007263914782690754,0.03658567832081362,0.5355191256830601,2.4624186250460367,47.06895598600022,
dwell,0.001,100,pelt,0,"{""penalty_factor"": 0.5, ""k_sigma"": 2.0}",162,696,162,1.0,0.23275862068965517,0.3776223776223776,0.3776223776223776,0.0032690782286345973,0.0287905086591764,0.12962962962962962,2.063151500808491,2.630099412999698,
dwell,0.001,100,pelt,1,"{""penalty_factor"": 0.5, ""k_sigma"": 3.0}",162,199,162,1.0,0.8140703517587939,0.8975069252077562,0.8975069252077562,0.0027007494720566586,0.029394519484190168,0.17901234567901234,2.063151500808491,2.442686257999412,
dwell,0.001,100,pelt,2,"{""penalty_factor"": 1.0, ""k_sigma"": 2.0}",162,202,162,1.0,0.801980198019802,0.8901098901098902,0.8901098901098902,0.002335427065729788,0.0305633701573005,0.8024691358024691,2.4026068725924166,12.983856427000319,
dwell,0.001,100,pelt,3,"{""penalty_factor"": 1.0, ""k_sigma"": 3.0}",162,170,162,1.0,0.9529411764705882,0.9759036144578312,0.9759036144578312,0.002316837069548698,0.030229651606273694,0.8148148148148148,2.5245678429014484,14.248201220999363,
dwell,0.001,100,pelt,4,"{""penalty_factor"": 2.0, ""k_sigma"": 2.0}",162,163,162,1.0,0.9938650306748467,0.9969230769230769,0.9969230769230769,0.002316837069548698,0.030193260564656176,0.9938271604938271,2.1861075538698316,32.992358768000486,
dwell,0.001,100,pelt,5,"{""penalty_factor"": 2.0, ""k_sigma"": 3.0}",162,162,162,1.0,1.0,1.0,1.0,0.002316837069548698,0.030193260564656176,0.9938271604938271,2.1861075538698316,35.26755178399981,
dwell,0.001,100,pelt,6,"{""penalty_factor"": 4.0, ""k_sigma"": 2.0}",162,162,162,1.0,1.0,1.0,1.0,0.002278306736455683,0.030193260564656176,1.0,2.1876290102751383,42.761150603000715,
dwell,0.001,100,pelt,7,"{""penalty_factor"": 4.0, ""k_sigma"": 3.0}",162,162,162,1.0,1.0,1.0,1.0,0.002278306736455683,0.030193260564656176,1.0,2.1876290102751383,44.01237581800069,
dwell,0.001,100,pelt,8,"{""penalty_factor"": 8.0, ""k_sigma"": 2.0}",162,162,162,1.0,1.0,1.0,1.0,0.002278306736455683,0.030193260564656176,0.9691358024691358,2.1861075538698316,42.79718719799985,
dwell,0.001,100,pelt,9,"{""penalty_factor"": 8.0, ""k_sigma"": 3.0}",162,162,162,1.0,1.0,1.0,1.0,0.002278306736455683,0.030193260564656176,0.9691358024691358,2.1861075538698316,42.8557055680003,
dwell,0.001,100,pelt,10,"{""penalty_factor"": 16.0, ""k_sigma"": 2.0}",162,162,162,1.0,1.0,1.0,1.0,0.002316837069548698,0.02979397007735199,0.7222222222222222,2.026986641201489,41.62956489999942,
dwell,0.001,100,pelt,11,"{""penalty_factor"": 16.0, ""k_sigma"": 3.0}",162,162,162,1.0,1.0,1.0,1.0,0.002316837069548698,0.02979397007735199,0.7222222222222222,2.026986641201489,40.46620140599953,
dwell,0.001,101,pelt,0,"{""penalty_factor"": 0.5, ""k_sigma"": 2.0}",180,681,180,1.0,0.2643171806167401,0.4181184668989547,0.4181184668989547,0.0030780712942852393,0.028889095862416184,0.1111111111111111,1.0703336213724324,2.107761500000379,
dwell,0.001,101,pelt,1,"{""penalty_factor"": 0.5, ""k_sigma"": 3.0}",180,222,180,1.0,0.8108108108108109,0.8955223880597014,0.8955223880597014,0.002678786421548637,0.028616429025381876,0.14444444444444443,1.803691028812171,2.0948146939999788,
dwell,0.001,101,pelt,2,"{""penalty_factor"": 1.0, ""k_sigma"": 2.0}",180,208,180,1.0,0.8653846153846154,0.9278350515463918,0.9278350515463918,0.00224371323609927,0.028364051753165614,0.85,3.1252196499576,12.598915369000679,
dwell,0.001,101,pelt,3,"{""penalty_factor"": 1.0, ""k_sigma"": 3.0}",180,186,180,1.0,0.967741935483871,0.9836065573770492,0.9836065573770492,0.0022155906293479955,0.028347832762253115,0.8611111111111112,3.1252196499576,13.445874738999919,
dwell,0.001,101,pelt,4,"{""penalty_factor"": 2.0, ""k_sigma"": 2.0}",180,180,180,1.0,1.0,1.0,1.0,0.0023382948802438525,0.028566606695860426,0.9888888888888889,3.1252196499576,33.51524973599953,
dwell,0.001,101,pelt,5,"{""penalty_factor"": 2.0, ""k_sigma"": 3.0}",180,180,180,1.0,1.0,1.0,1.0,0.002290461121118159,0.028364051753165614,0.9944444444444445,3.1252196499576,35.157650984999236,
dwell,0.001,101,pelt,6,"{""penalty_factor"": 4.0, ""k_sigma"": 2.0}",180,180,180,1.0,1.0,1.0,1.0,0.0022411534296693583,0.028347832762253115,0.9944444444444445,3.1252196499576,43.60668326199993,
dwell,0.001,101,pelt,7,"{""penalty_factor"": 4.0, ""k_sigma"": 3.0}",180,180,180,1.0,1.0,1.0,1.0,0.0022411534296693583,0.028347832762253115,0.9944444444444445,3.1252196499576,44.650627353000345,
dwell,0.001,101,pelt,8,"{""penalty_factor"": 8.0, ""k_sigma"": 2.0}",180,180,180,1.0,1.0,1.0,1.0,0.002205242276131998,0.028347832762253115,0.9388888888888889,3.1766929486920503,40.201568133000364,
dwell,0.001,101,pelt,9,"{""penalty_factor"": 8.0, ""k_sigma"": 3.0}",180,180,180,1.0,1.0,1.0,1.0,0.002205242276131998,0.028347832762253115,0.9388888888888889,3.1766929486920503,42.547589791000064,
dwell,0.001,101,pelt,10,"{""penalty_factor"": 16.0, ""k_sigma"": 2.0}",180,180,180,1.0,1.0,1.0,1.0,0.002145206228857495,0.028347832762253115,0.7611111111111111,3.6152860521942998,41.69224648300042,
dwell,0.001,101,pelt,11,"{""penalty_factor"": 16.0, ""k_sigma"": 3.0}",180,180,180,1.0,1.0,1.0,1.0,0.002145206228857495,0.028347832762253115,0.7611111111111111,3.6152860521942998,39.940480960999594,
dwell,0.01,100,pelt,0,"{""penalty_factor"": 0.5, ""k_sigma"": 2.0}",88,214,88,1.0,0.411214953271028,0.5827814569536424,0.5827814569536424,0.00029543527879885307,0.020007429289873084,0.045454545454545456,2.214981051018583,8.635799417999806,
dwell,0.01,100,pelt,1,"{""penalty_factor"": 0.5, ""k_sigma"": 3.0}",88,112,87,0.9886363636363636,0.7767857142857143,0.87,0.88,0.0003425358314368344,0.02209841797980232,0.04597701149425287,2.214981051018583,8.759322217000772,
dwell,0.01,100,pelt,2,"{""penalty_factor"": 1.0, ""k_sigma"": 2.0}",88,92,88,1.0,0.9565217391304348,0.9777777777777777,0.9777777777777777,0.00026359693520471743,0.019494346282582717,0.5,2.6822186316444174,40.327013377000185,
dwell,0.01,100,pelt,3,"{""penalty_factor"": 1.0, ""k_sigma"": 3.0}",88,90,88,1.0,0.9777777777777777,0.9887640449438202,0.9887640449438202,0.00026359693520471743,0.019494346282582717,0.5,2.6822186316444174,38.435881266999786,
dwell,0.01,100,pelt,4,"{""penalty_factor"": 2.0, ""k_sigma"": 2.0}",88,88,88,1.0,1.0,1.0,1.0,0.00026894811834312363,0.019494346282582717,0.9545454545454546,2.4645053369742875,93.81937963300061,
dwell,0.01,100,pelt,5,"{""penalty_factor"": 2.0, ""k_sigma"": 3.0}",88,88,88,1.0,1.0,1.0,1.0,0.00026894811834312363,0.019494346282582717,0.9545454545454546,2.4645053369742875,96.45822539299934,
dwell,0.01,100,pelt,6,"{""penalty_factor"": 4.0, ""k_sigma"": 2.0}",88,88,88,1.0,1.0,1.0,1.0,0.00026359693520471743,0.019494346282582717,1.0,2.4645053369742875,123.60564158899979,
dwell,0.01,100,pelt,7,"{""penalty_factor"": 4.0, ""k_sigma"": 3.0}",88,88,88,1.0,1.0,1.0,1.0,0.00026359693520471743,0.019494346282582717,1.0,2.4645053369742875,123.50217153999984,
dwell,0.01,100,pelt,8,"{""penalty_factor"": 8.0, ""k_sigma"": 2.0}",88,88,88,1.0,1.0,1.0,1.0,0.00026359693520471743,0.019494346282582717,1.0,2.4645053369742875,139.90001964699968,
dwell,0.01,100,pelt,9,"{""penalty_factor"": 8.0, ""k_sigma"": 3.0}",88,88,88,1.0,1.0,1.0,1.0,0.00026359693520471743,0.019494346282582717,1.0,2.4645053369742875,137.6411734080002,
dwell,0.01,100,pelt,10,"{""penalty_factor"": 16.0, ""k_sigma"": 2.0}",88,88,88,1.0,1.0,1.0,1.0,0.00026894811834312363,0.019494346282582717,1.0,2.4645053369742875,143.25237730900062,
dwell,0.01,100,pelt,11,"{""penalty_factor"": 16.0, ""k_sigma"": 3.0}",88,88,88,1.0,1.0,1.0,1.0,0.00026894811834312363,0.019494346282582717,1.0,2.4645053369742875,139.98148980399947,
dwell,0.01,101,pelt,0,"{""penalty_factor"": 0.5, ""k_sigma"": 2.0}",91,191,91,1.0,0.47643979057591623,0.6453900709219857,0.6453900709219857,0.0002772986914739661,0.025048830380082283,0.054945054945054944,4.877002299119582,9.192290885999682,
dwell,0.01,101,pelt,1,"{""penalty_factor"": 0.5, ""k_sigma"": 3.0}",91,113,91,1.0,0.8053097345132744,0.892156862745098,0.892156862745098,0.00033750930171696326,0.029333261057694085,0.054945054945054944,4.877002299119582,9.494968487000733,
dwell,0.01,101,pelt,2,"{""penalty_factor"": 1.0, ""k_sigma"": 2.0}",91,93,91,1.0,0.978494623655914,0.9891304347826088,0.9891304347826088,0.0002587237074506167,0.023666565803358117,0.5494505494505495,4.357683086819719,41.40586682799949,
dwell,0.01,101,pelt,3,"{""penalty_factor"": 1.0, ""k_sigma"": 3.0}",91,92,91,1.0,0.9891304347826086,0.994535519125683,0.994535519125683,0.00026304736702225523,0.02379366302968968,0.5604395604395604,4.014953291164858,40.85822383100003,
dwell,0.01,101,pelt,4,"{""penalty_factor"": 2.0, ""k_sigma"": 2.0}",91,91,91,1.0,1.0,1.0,1.0,0.00023627573339029002,0.023666565803358117,0.9230769230769231,3.651286102190898,79.61679809500038,
dwell,0.01,101,pelt,5,"{""penalty_factor"": 2.0, ""k_sigma"": 3.0}",91,91,91,1.0,1.0,1.0,1.0,0.00023627573339029002,0.023666565803358117,0.9230769230769231,3.651286102190898,83.51247851400058,
dwell,0.01,101,pelt,6,"{""penalty_factor"": 4.0, ""k_sigma"": 2.0}",91,91,91,1.0,1.0,1.0,1.0,0.00022457646761743917,0.023666565803358117,1.0,3.5961237085380127,127.74388629700024,
dwell,0.01,101,pelt,7,"{""penalty_factor"": 4.0, ""k_sigma"": 3.0}",91,91,91,1.0,1.0,1.0,1.0,0.00022457646761743917,0.023666565803358117,1.0,3.5961237085380127,123.15544190499986,
dwell,0.01,101,pelt,8,"{""penalty_factor"": 8.0, ""k_sigma"": 2.0}",91,91,91,1.0,1.0,1.0,1.0,0.00023627573339029002,0.023666565803358117,1.0,3.5961237085380127,135.19701484600046,
dwell,0.01,101,pelt,9,"{""penalty_factor"": 8.0, ""k_sigma"": 3.0}",91,91,91,1.0,1.0,1.0,1.0,0.00023627573339029002,0.023666565803358117,1.0,3.5961237085380127,132.93373393500042,
dwell,0.01,101,pelt,10,"{""penalty_factor"": 16.0, ""k_sigma"": 2.0}",91,91,91,1.0,1.0,1.0,1.0,0.00023712117328400788,0.023666565803358117,1.0,3.5961237085380127,133.46650521900028,
dwell,0.01,101,pelt,11,"{""penalty_factor"": 16.0, ""k_sigma"": 3.0}",91,91,91,1.0,1.0,1.0,1.0,0.00023712117328400788,0.023666565803358117,1.0,3.5961237085380127,132.82395374599946,
